review_type,date,score,msci_trend,nasdaq_trend,msci_momentum,msci_volatility,bce_fed_rate,desired_base_regime,pending_regime,pending_count,base_regime,crash_fast_armed,final_regime,world_weight,nasdaq_weight,cash_weight,world_diff,nasdaq_diff,cash_diff,action_required,action
weekly_thursday,1986-07-17,100.0,positiu,positiu,positiu,positiu,positiu,risc-on,risc-on,1,normal,False,normal,60.0,25.0,15.0,0.0,0.0,0.0,False,No cal rebalancejar
weekly_friday,1986-07-18,100.0,positiu,positiu,positiu,positiu,positiu,risc-on,risc-on,1,normal,False,normal,60.0,25.0,15.0,0.0,0.0,0.0,False,No cal rebalancejar
weekly_thursday,1986-07-24,100.0,positiu,positiu,positiu,positiu,positiu,risc-on,risc-on,2,normal,False,normal,60.0,25.0,15.0,0.0,0.0,0.0,False,No cal rebalancejar
weekly_friday,1986-07-25,100.0,positiu,positiu,positiu,positiu,positiu,risc-on,risc-on,2,normal,False,normal,60.0,25.0,15.0,0.0,0.0,0.0,False,No cal rebalancejar
weekly_thursday,1986-07-31,88.89,positiu,neutral,positiu,positiu,positiu,risc-on,risc-on,3,normal,False,normal,60.0,25.0,15.0,0.0,0.0,0.0,False,No cal rebalancejar
weekly_friday,1986-08-01,88.89,positiu,neutral,positiu,positiu,positiu,risc-on,risc-on,3,normal,False,normal,60.0,25.0,15.0,0.0,0.0,0.0,False,No cal rebalancejar
weekly_thursday,1986-08-07,88.89,positiu,neutral,positiu,positiu,positiu,risc-on,,0,risc-on,False,risc-on,40.0,55.0,5.0,-20.0,30.0,-10.0,True,Vendre 20 pp MSCI World; Comprar 30 pp Nasdaq; Vendre 10 pp Monetari
weekly_friday,1986-08-08,88.89,positiu,neutral,positiu,positiu,positiu,risc-on,,0,risc-on,False,risc-on,40.0,55.0,5.0,-20.0,30.0,-10.0,True,Vendre 20 pp MSCI World; Comprar 30 pp Nasdaq; Vendre 10 pp Monetari
weekly_thursday,1986-08-14,100.0,positiu,positiu,positiu,positiu,positiu,risc-on,,0,risc-on,False,risc-on,40.0,55.0,5.0,0.0,0.0,0.0,False,No cal rebalancejar
weekly_friday,1986-08-15,100.0,positiu,positiu,positiu,positiu,positiu,risc-on,,0,risc-on,False,risc-on,40.0,55.0,5.0,0.0,0.0,0.0,False,No cal rebalancejar
weekly_thursday,1986-08-21,100.0,positiu,positiu,positiu,positiu,positiu,risc-on,,0,risc-on,False,risc-on,40.0,55.0,5.0,0.0,0.0,0.0,False,No cal rebalancejar
weekly_friday,1986-08-22,100.0,positiu,positiu,positiu,positiu,positiu,risc-on,,0,risc-on,False,risc-on,40.0,55.0,5.0,0.0,0.0,0.0,False,No cal rebalancejar
weekly_thursday,1986-08-28,100.0,positiu,positiu,positiu,positiu,positiu,risc-on,,0,risc-on,False,risc-on,40.0,55.0,5.0,0.0,0.0,0.0,False,No cal rebalancejar
weekly_friday,1986-08-29,100.0,positiu,positiu,positiu,positiu,positiu,risc-on,,0,risc-on,False,risc-on,40.0,55.0,5.0,0.0,0.0,0.0,False,No cal rebalancejar
weekly_thursday,1986-09-04,100.0,positiu,positiu,positiu,positiu,positiu,risc-on,,0,risc-on,False,risc-on,40.0,55.0,5.0,0.0,0.0,0.0,False,No cal rebalancejar
weekly_friday,1986-09-05,88.89,positiu,neutral,positiu,positiu,positiu,risc-on,,0,risc-on,False,risc-on,40.0,55.0,5.0,0.0,0.0,0.0,False,No cal rebalancejar
weekly_thursday,1986-09-11,77.78,positiu,negatiu,positiu,positiu,positiu,risc-on,,0,risc-on,False,risc-on,40.0,55.0,5.0,0.0,0.0,0.0,False,No cal rebalancejar
weekly_friday,1986-09-12,77.78,positiu,negatiu,positiu,positiu,positiu,risc-on,,0,risc-on,False,risc-on,40.0,55.0,5.0,0.0,0.0,0.0,False,No cal rebalancejar
weekly_thursday,1986-09-18,77.78,positiu,negatiu,positiu,positiu,positiu,risc-on,,0,risc-on,False,risc-on,40.0,55.0,5.0,0.0,0.0,0.0,False,No cal rebalancejar
weekly_friday,1986-09-19,77.78,positiu,negatiu,positiu,positiu,positiu,risc-on,,0,risc-on,False,risc-on,40.0,55.0,5.0,0.0,0.0,0.0,False,No cal rebalancejar
weekly_thursday,1986-09-25,77.78,positiu,negatiu,positiu,positiu,positiu,risc-on,,0,risc-on,False,risc-on,40.0,55.0,5.0,0.0,0.0,0.0,False,No cal rebalancejar
weekly_friday,1986-09-26,77.78,positiu,negatiu,positiu,positiu,positiu,risc-on,,0,risc-on,False,risc-on,40.0,55.0,5.0,0.0,0.0,0.0,False,No cal rebalancejar
weekly_thursday,1986-10-02,77.78,positiu,negatiu,positiu,positiu,positiu,risc-on,,0,risc-on,False,risc-on,40.0,55.0,5.0,0.0,0.0,0.0,False,No cal rebalancejar
weekly_friday,1986-10-03,77.78,positiu,negatiu,positiu,positiu,positiu,risc-on,,0,risc-on,False,risc-on,40.0,55.0,5.0,0.0,0.0,0.0,False,No cal rebalancejar
weekly_thursday,1986-10-09,77.78,positiu,negatiu,positiu,positiu,positiu,risc-on,,0,risc-on,False,risc-on,40.0,55.0,5.0,0.0,0.0,0.0,False,No cal rebalancejar
weekly_friday,1986-10-10,77.78,positiu,negatiu,positiu,positiu,positiu,risc-on,,0,risc-on,False,risc-on,40.0,55.0,5.0,0.0,0.0,0.0,False,No cal rebalancejar
weekly_thursday,1986-10-16,77.78,positiu,negatiu,positiu,positiu,positiu,risc-on,,0,risc-on,False,risc-on,40.0,55.0,5.0,0.0,0.0,0.0,False,No cal rebalancejar
weekly_friday,1986-10-17,77.78,positiu,negatiu,positiu,positiu,positiu,risc-on,,0,risc-on,False,risc-on,40.0,55.0,5.0,0.0,0.0,0.0,False,No cal rebalancejar
weekly_thursday,1986-10-23,77.78,positiu,negatiu,positiu,positiu,positiu,risc-on,,0,risc-on,False,risc-on,40.0,55.0,5.0,0.0,0.0,0.0,False,No cal rebalancejar
weekly_friday,1986-10-24,77.78,positiu,negatiu,positiu,positiu,positiu,risc-on,,0,risc-on,False,risc-on,40.0,55.0,5.0,0.0,0.0,0.0,False,No cal rebalancejar
weekly_thursday,1986-10-30,88.89,positiu,neutral,positiu,positiu,positiu,risc-on,,0,risc-on,False,risc-on,40.0,55.0,5.0,0.0,0.0,0.0,False,No cal rebalancejar
weekly_friday,1986-10-31,88.89,positiu,neutral,positiu,positiu,positiu,risc-on,,0,risc-on,False,risc-on,40.0,55.0,5.0,0.0,0.0,0.0,False,No cal rebalancejar
weekly_thursday,1986-11-06,88.89,positiu,neutral,positiu,positiu,positiu,risc-on,,0,risc-on,False,risc-on,40.0,55.0,5.0,0.0,0.0,0.0,False,No cal rebalancejar
weekly_friday,1986-11-07,88.89,positiu,neutral,positiu,positiu,positiu,risc-on,,0,risc-on,False,risc-on,40.0,55.0,5.0,0.0,0.0,0.0,False,No cal rebalancejar
weekly_thursday,1986-11-13,77.78,positiu,negatiu,positiu,positiu,positiu,risc-on,,0,risc-on,False,risc-on,40.0,55.0,5.0,0.0,0.0,0.0,False,No cal rebalancejar
weekly_friday,1986-11-14,77.78,positiu,negatiu,positiu,positiu,positiu,risc-on,,0,risc-on,False,risc-on,40.0,55.0,5.0,0.0,0.0,0.0,False,No cal rebalancejar
weekly_thursday,1986-11-20,77.78,positiu,negatiu,positiu,positiu,positiu,risc-on,,0,risc-on,False,risc-on,40.0,55.0,5.0,0.0,0.0,0.0,False,No cal rebalancejar
weekly_friday,1986-11-21,77.78,positiu,negatiu,positiu,positiu,positiu,risc-on,,0,risc-on,False,risc-on,40.0,55.0,5.0,0.0,0.0,0.0,False,No cal rebalancejar
weekly_thursday,1986-11-27,88.89,positiu,neutral,positiu,positiu,positiu,risc-on,,0,risc-on,False,risc-on,40.0,55.0,5.0,0.0,0.0,0.0,False,No cal rebalancejar
weekly_friday,1986-11-28,88.89,positiu,neutral,positiu,positiu,positiu,risc-on,,0,risc-on,False,risc-on,40.0,55.0,5.0,0.0,0.0,0.0,False,No cal rebalancejar
weekly_thursday,1986-12-04,88.89,positiu,neutral,positiu,positiu,positiu,risc-on,,0,risc-on,False,risc-on,40.0,55.0,5.0,0.0,0.0,0.0,False,No cal rebalancejar
weekly_friday,1986-12-05,88.89,positiu,neutral,positiu,positiu,positiu,risc-on,,0,risc-on,False,risc-on,40.0,55.0,5.0,0.0,0.0,0.0,False,No cal rebalancejar
weekly_thursday,1986-12-11,88.89,positiu,neutral,positiu,positiu,positiu,risc-on,,0,risc-on,False,risc-on,40.0,55.0,5.0,0.0,0.0,0.0,False,No cal rebalancejar
weekly_friday,1986-12-12,88.89,positiu,neutral,positiu,positiu,positiu,risc-on,,0,risc-on,False,risc-on,40.0,55.0,5.0,0.0,0.0,0.0,False,No cal rebalancejar
weekly_thursday,1986-12-18,77.78,positiu,negatiu,positiu,positiu,positiu,risc-on,,0,risc-on,False,risc-on,40.0,55.0,5.0,0.0,0.0,0.0,False,No cal rebalancejar
weekly_friday,1986-12-19,77.78,positiu,negatiu,positiu,positiu,positiu,risc-on,,0,risc-on,False,risc-on,40.0,55.0,5.0,0.0,0.0,0.0,False,No cal rebalancejar
weekly_thursday,1986-12-25,77.78,positiu,negatiu,positiu,positiu,positiu,risc-on,,0,risc-on,False,risc-on,40.0,55.0,5.0,0.0,0.0,0.0,False,No cal rebalancejar
weekly_friday,1986-12-26,77.78,positiu,negatiu,positiu,positiu,positiu,risc-on,,0,risc-on,False,risc-on,40.0,55.0,5.0,0.0,0.0,0.0,False,No cal rebalancejar
weekly_thursday,1987-01-01,57.78,positiu,negatiu,positiu,positiu,negatiu,normal,normal,1,risc-on,False,risc-on,40.0,55.0,5.0,0.0,0.0,0.0,False,No cal rebalancejar
weekly_friday,1987-01-02,77.78,positiu,negatiu,positiu,positiu,positiu,risc-on,,0,risc-on,False,risc-on,40.0,55.0,5.0,0.0,0.0,0.0,False,No cal rebalancejar
weekly_thursday,1987-01-08,100.0,positiu,positiu,positiu,positiu,positiu,risc-on,,0,risc-on,False,risc-on,40.0,55.0,5.0,0.0,0.0,0.0,False,No cal rebalancejar
weekly_friday,1987-01-09,100.0,positiu,positiu,positiu,positiu,positiu,risc-on,,0,risc-on,False,risc-on,40.0,55.0,5.0,0.0,0.0,0.0,False,No cal rebalancejar
weekly_thursday,1987-01-15,100.0,positiu,positiu,positiu,positiu,positiu,risc-on,,0,risc-on,False,risc-on,40.0,55.0,5.0,0.0,0.0,0.0,False,No cal rebalancejar
weekly_friday,1987-01-16,100.0,positiu,positiu,positiu,positiu,positiu,risc-on,,0,risc-on,False,risc-on,40.0,55.0,5.0,0.0,0.0,0.0,False,No cal rebalancejar
weekly_thursday,1987-01-22,100.0,positiu,positiu,positiu,positiu,positiu,risc-on,,0,risc-on,False,risc-on,40.0,55.0,5.0,0.0,0.0,0.0,False,No cal rebalancejar
weekly_friday,1987-01-23,100.0,positiu,positiu,positiu,positiu,positiu,risc-on,,0,risc-on,False,risc-on,40.0,55.0,5.0,0.0,0.0,0.0,False,No cal rebalancejar
weekly_thursday,1987-01-29,100.0,positiu,positiu,positiu,positiu,positiu,risc-on,,0,risc-on,False,risc-on,40.0,55.0,5.0,0.0,0.0,0.0,False,No cal rebalancejar
weekly_friday,1987-01-30,100.0,positiu,positiu,positiu,positiu,positiu,risc-on,,0,risc-on,False,risc-on,40.0,55.0,5.0,0.0,0.0,0.0,False,No cal rebalancejar
weekly_thursday,1987-02-05,100.0,positiu,positiu,positiu,positiu,positiu,risc-on,,0,risc-on,False,risc-on,40.0,55.0,5.0,0.0,0.0,0.0,False,No cal rebalancejar
weekly_friday,1987-02-06,100.0,positiu,positiu,positiu,positiu,positiu,risc-on,,0,risc-on,False,risc-on,40.0,55.0,5.0,0.0,0.0,0.0,False,No cal rebalancejar
weekly_thursday,1987-02-12,100.0,positiu,positiu,positiu,positiu,positiu,risc-on,,0,risc-on,False,risc-on,40.0,55.0,5.0,0.0,0.0,0.0,False,No cal rebalancejar
weekly_friday,1987-02-13,100.0,positiu,positiu,positiu,positiu,positiu,risc-on,,0,risc-on,False,risc-on,40.0,55.0,5.0,0.0,0.0,0.0,False,No cal rebalancejar
weekly_thursday,1987-02-19,100.0,positiu,positiu,positiu,positiu,positiu,risc-on,,0,risc-on,False,risc-on,40.0,55.0,5.0,0.0,0.0,0.0,False,No cal rebalancejar
weekly_friday,1987-02-20,100.0,positiu,positiu,positiu,positiu,positiu,risc-on,,0,risc-on,False,risc-on,40.0,55.0,5.0,0.0,0.0,0.0,False,No cal rebalancejar
weekly_thursday,1987-02-26,100.0,positiu,positiu,positiu,positiu,positiu,risc-on,,0,risc-on,False,risc-on,40.0,55.0,5.0,0.0,0.0,0.0,False,No cal rebalancejar
weekly_friday,1987-02-27,100.0,positiu,positiu,positiu,positiu,positiu,risc-on,,0,risc-on,False,risc-on,40.0,55.0,5.0,0.0,0.0,0.0,False,No cal rebalancejar
weekly_thursday,1987-03-05,100.0,positiu,positiu,positiu,positiu,positiu,risc-on,,0,risc-on,False,risc-on,40.0,55.0,5.0,0.0,0.0,0.0,False,No cal rebalancejar
weekly_friday,1987-03-06,100.0,positiu,positiu,positiu,positiu,positiu,risc-on,,0,risc-on,False,risc-on,40.0,55.0,5.0,0.0,0.0,0.0,False,No cal rebalancejar
weekly_thursday,1987-03-12,100.0,positiu,positiu,positiu,positiu,positiu,risc-on,,0,risc-on,False,risc-on,40.0,55.0,5.0,0.0,0.0,0.0,False,No cal rebalancejar
weekly_friday,1987-03-13,100.0,positiu,positiu,positiu,positiu,positiu,risc-on,,0,risc-on,False,risc-on,40.0,55.0,5.0,0.0,0.0,0.0,False,No cal rebalancejar
weekly_thursday,1987-03-19,100.0,positiu,positiu,positiu,positiu,positiu,risc-on,,0,risc-on,False,risc-on,40.0,55.0,5.0,0.0,0.0,0.0,False,No cal rebalancejar
weekly_friday,1987-03-20,100.0,positiu,positiu,positiu,positiu,positiu,risc-on,,0,risc-on,False,risc-on,40.0,55.0,5.0,0.0,0.0,0.0,False,No cal rebalancejar
weekly_thursday,1987-03-26,100.0,positiu,positiu,positiu,positiu,positiu,risc-on,,0,risc-on,False,risc-on,40.0,55.0,5.0,0.0,0.0,0.0,False,No cal rebalancejar
weekly_friday,1987-03-27,100.0,positiu,positiu,positiu,positiu,positiu,risc-on,,0,risc-on,False,risc-on,40.0,55.0,5.0,0.0,0.0,0.0,False,No cal rebalancejar
weekly_thursday,1987-04-02,100.0,positiu,positiu,positiu,positiu,positiu,risc-on,,0,risc-on,False,risc-on,40.0,55.0,5.0,0.0,0.0,0.0,False,No cal rebalancejar
weekly_friday,1987-04-03,100.0,positiu,positiu,positiu,positiu,positiu,risc-on,,0,risc-on,False,risc-on,40.0,55.0,5.0,0.0,0.0,0.0,False,No cal rebalancejar
weekly_thursday,1987-04-09,100.0,positiu,positiu,positiu,positiu,positiu,risc-on,,0,risc-on,False,risc-on,40.0,55.0,5.0,0.0,0.0,0.0,False,No cal rebalancejar
weekly_friday,1987-04-10,100.0,positiu,positiu,positiu,positiu,positiu,risc-on,,0,risc-on,False,risc-on,40.0,55.0,5.0,0.0,0.0,0.0,False,No cal rebalancejar
weekly_thursday,1987-04-16,100.0,positiu,positiu,positiu,positiu,positiu,risc-on,,0,risc-on,False,risc-on,40.0,55.0,5.0,0.0,0.0,0.0,False,No cal rebalancejar
weekly_friday,1987-04-17,100.0,positiu,positiu,positiu,positiu,positiu,risc-on,,0,risc-on,False,risc-on,40.0,55.0,5.0,0.0,0.0,0.0,False,No cal rebalancejar
weekly_thursday,1987-04-23,100.0,positiu,positiu,positiu,positiu,positiu,risc-on,,0,risc-on,False,risc-on,40.0,55.0,5.0,0.0,0.0,0.0,False,No cal rebalancejar
weekly_friday,1987-04-24,100.0,positiu,positiu,positiu,positiu,positiu,risc-on,,0,risc-on,False,risc-on,40.0,55.0,5.0,0.0,0.0,0.0,False,No cal rebalancejar
weekly_thursday,1987-04-30,100.0,positiu,positiu,positiu,positiu,positiu,risc-on,,0,risc-on,False,risc-on,40.0,55.0,5.0,0.0,0.0,0.0,False,No cal rebalancejar
weekly_friday,1987-05-01,100.0,positiu,positiu,positiu,positiu,positiu,risc-on,,0,risc-on,False,risc-on,40.0,55.0,5.0,0.0,0.0,0.0,False,No cal rebalancejar
weekly_thursday,1987-05-07,100.0,positiu,positiu,positiu,positiu,positiu,risc-on,,0,risc-on,False,risc-on,40.0,55.0,5.0,0.0,0.0,0.0,False,No cal rebalancejar
weekly_friday,1987-05-08,100.0,positiu,positiu,positiu,positiu,positiu,risc-on,,0,risc-on,False,risc-on,40.0,55.0,5.0,0.0,0.0,0.0,False,No cal rebalancejar
weekly_thursday,1987-05-14,100.0,positiu,positiu,positiu,positiu,positiu,risc-on,,0,risc-on,False,risc-on,40.0,55.0,5.0,0.0,0.0,0.0,False,No cal rebalancejar
weekly_friday,1987-05-15,100.0,positiu,positiu,positiu,positiu,positiu,risc-on,,0,risc-on,False,risc-on,40.0,55.0,5.0,0.0,0.0,0.0,False,No cal rebalancejar
weekly_thursday,1987-05-21,100.0,positiu,positiu,positiu,positiu,positiu,risc-on,,0,risc-on,False,risc-on,40.0,55.0,5.0,0.0,0.0,0.0,False,No cal rebalancejar
weekly_friday,1987-05-22,100.0,positiu,positiu,positiu,positiu,positiu,risc-on,,0,risc-on,False,risc-on,40.0,55.0,5.0,0.0,0.0,0.0,False,No cal rebalancejar
weekly_thursday,1987-05-28,100.0,positiu,positiu,positiu,positiu,positiu,risc-on,,0,risc-on,False,risc-on,40.0,55.0,5.0,0.0,0.0,0.0,False,No cal rebalancejar
weekly_friday,1987-05-29,100.0,positiu,positiu,positiu,positiu,positiu,risc-on,,0,risc-on,False,risc-on,40.0,55.0,5.0,0.0,0.0,0.0,False,No cal rebalancejar
weekly_thursday,1987-06-04,100.0,positiu,positiu,positiu,positiu,positiu,risc-on,,0,risc-on,False,risc-on,40.0,55.0,5.0,0.0,0.0,0.0,False,No cal rebalancejar
weekly_friday,1987-06-05,100.0,positiu,positiu,positiu,positiu,positiu,risc-on,,0,risc-on,False,risc-on,40.0,55.0,5.0,0.0,0.0,0.0,False,No cal rebalancejar
weekly_thursday,1987-06-11,100.0,positiu,positiu,positiu,positiu,positiu,risc-on,,0,risc-on,False,risc-on,40.0,55.0,5.0,0.0,0.0,0.0,False,No cal rebalancejar
weekly_friday,1987-06-12,100.0,positiu,positiu,positiu,positiu,positiu,risc-on,,0,risc-on,False,risc-on,40.0,55.0,5.0,0.0,0.0,0.0,False,No cal rebalancejar
weekly_thursday,1987-06-18,100.0,positiu,positiu,positiu,positiu,positiu,risc-on,,0,risc-on,False,risc-on,40.0,55.0,5.0,0.0,0.0,0.0,False,No cal rebalancejar
weekly_friday,1987-06-19,100.0,positiu,positiu,positiu,positiu,positiu,risc-on,,0,risc-on,False,risc-on,40.0,55.0,5.0,0.0,0.0,0.0,False,No cal rebalancejar
weekly_thursday,1987-06-25,100.0,positiu,positiu,positiu,positiu,positiu,risc-on,,0,risc-on,False,risc-on,40.0,55.0,5.0,0.0,0.0,0.0,False,No cal rebalancejar
weekly_friday,1987-06-26,100.0,positiu,positiu,positiu,positiu,positiu,risc-on,,0,risc-on,False,risc-on,40.0,55.0,5.0,0.0,0.0,0.0,False,No cal rebalancejar
weekly_thursday,1987-07-02,100.0,positiu,positiu,positiu,positiu,positiu,risc-on,,0,risc-on,False,risc-on,40.0,55.0,5.0,0.0,0.0,0.0,False,No cal rebalancejar
weekly_friday,1987-07-03,100.0,positiu,positiu,positiu,positiu,positiu,risc-on,,0,risc-on,False,risc-on,40.0,55.0,5.0,0.0,0.0,0.0,False,No cal rebalancejar
weekly_thursday,1987-07-09,100.0,positiu,positiu,positiu,positiu,positiu,risc-on,,0,risc-on,False,risc-on,40.0,55.0,5.0,0.0,0.0,0.0,False,No cal rebalancejar
weekly_friday,1987-07-10,100.0,positiu,positiu,positiu,positiu,positiu,risc-on,,0,risc-on,False,risc-on,40.0,55.0,5.0,0.0,0.0,0.0,False,No cal rebalancejar
weekly_thursday,1987-07-16,100.0,positiu,positiu,positiu,positiu,positiu,risc-on,,0,risc-on,False,risc-on,40.0,55.0,5.0,0.0,0.0,0.0,False,No cal rebalancejar
weekly_friday,1987-07-17,100.0,positiu,positiu,positiu,positiu,positiu,risc-on,,0,risc-on,False,risc-on,40.0,55.0,5.0,0.0,0.0,0.0,False,No cal rebalancejar
weekly_thursday,1987-07-23,100.0,positiu,positiu,positiu,positiu,positiu,risc-on,,0,risc-on,False,risc-on,40.0,55.0,5.0,0.0,0.0,0.0,False,No cal rebalancejar
weekly_friday,1987-07-24,100.0,positiu,positiu,positiu,positiu,positiu,risc-on,,0,risc-on,False,risc-on,40.0,55.0,5.0,0.0,0.0,0.0,False,No cal rebalancejar
weekly_thursday,1987-07-30,100.0,positiu,positiu,positiu,positiu,positiu,risc-on,,0,risc-on,False,risc-on,40.0,55.0,5.0,0.0,0.0,0.0,False,No cal rebalancejar
weekly_friday,1987-07-31,100.0,positiu,positiu,positiu,positiu,positiu,risc-on,,0,risc-on,False,risc-on,40.0,55.0,5.0,0.0,0.0,0.0,False,No cal rebalancejar
weekly_thursday,1987-08-06,100.0,positiu,positiu,positiu,positiu,positiu,risc-on,,0,risc-on,False,risc-on,40.0,55.0,5.0,0.0,0.0,0.0,False,No cal rebalancejar
weekly_friday,1987-08-07,100.0,positiu,positiu,positiu,positiu,positiu,risc-on,,0,risc-on,False,risc-on,40.0,55.0,5.0,0.0,0.0,0.0,False,No cal rebalancejar
weekly_thursday,1987-08-13,100.0,positiu,positiu,positiu,positiu,positiu,risc-on,,0,risc-on,False,risc-on,40.0,55.0,5.0,0.0,0.0,0.0,False,No cal rebalancejar
weekly_friday,1987-08-14,100.0,positiu,positiu,positiu,positiu,positiu,risc-on,,0,risc-on,False,risc-on,40.0,55.0,5.0,0.0,0.0,0.0,False,No cal rebalancejar
weekly_thursday,1987-08-20,100.0,positiu,positiu,positiu,positiu,positiu,risc-on,,0,risc-on,False,risc-on,40.0,55.0,5.0,0.0,0.0,0.0,False,No cal rebalancejar
weekly_friday,1987-08-21,100.0,positiu,positiu,positiu,positiu,positiu,risc-on,,0,risc-on,False,risc-on,40.0,55.0,5.0,0.0,0.0,0.0,False,No cal rebalancejar
weekly_thursday,1987-08-27,100.0,positiu,positiu,positiu,positiu,positiu,risc-on,,0,risc-on,False,risc-on,40.0,55.0,5.0,0.0,0.0,0.0,False,No cal rebalancejar
weekly_friday,1987-08-28,100.0,positiu,positiu,positiu,positiu,positiu,risc-on,,0,risc-on,False,risc-on,40.0,55.0,5.0,0.0,0.0,0.0,False,No cal rebalancejar
weekly_thursday,1987-09-03,100.0,positiu,positiu,positiu,positiu,positiu,risc-on,,0,risc-on,False,risc-on,40.0,55.0,5.0,0.0,0.0,0.0,False,No cal rebalancejar
weekly_friday,1987-09-04,100.0,positiu,positiu,positiu,positiu,positiu,risc-on,,0,risc-on,False,risc-on,40.0,55.0,5.0,0.0,0.0,0.0,False,No cal rebalancejar
weekly_thursday,1987-09-10,100.0,positiu,positiu,positiu,positiu,positiu,risc-on,,0,risc-on,False,risc-on,40.0,55.0,5.0,0.0,0.0,0.0,False,No cal rebalancejar
weekly_friday,1987-09-11,100.0,positiu,positiu,positiu,positiu,positiu,risc-on,,0,risc-on,False,risc-on,40.0,55.0,5.0,0.0,0.0,0.0,False,No cal rebalancejar
weekly_thursday,1987-09-17,100.0,positiu,positiu,positiu,positiu,positiu,risc-on,,0,risc-on,False,risc-on,40.0,55.0,5.0,0.0,0.0,0.0,False,No cal rebalancejar
weekly_friday,1987-09-18,100.0,positiu,positiu,positiu,positiu,positiu,risc-on,,0,risc-on,False,risc-on,40.0,55.0,5.0,0.0,0.0,0.0,False,No cal rebalancejar
weekly_thursday,1987-09-24,100.0,positiu,positiu,positiu,positiu,positiu,risc-on,,0,risc-on,False,risc-on,40.0,55.0,5.0,0.0,0.0,0.0,False,No cal rebalancejar
weekly_friday,1987-09-25,100.0,positiu,positiu,positiu,positiu,positiu,risc-on,,0,risc-on,False,risc-on,40.0,55.0,5.0,0.0,0.0,0.0,False,No cal rebalancejar
weekly_thursday,1987-10-01,100.0,positiu,positiu,positiu,positiu,positiu,risc-on,,0,risc-on,False,risc-on,40.0,55.0,5.0,0.0,0.0,0.0,False,No cal rebalancejar
weekly_friday,1987-10-02,100.0,positiu,positiu,positiu,positiu,positiu,risc-on,,0,risc-on,False,risc-on,40.0,55.0,5.0,0.0,0.0,0.0,False,No cal rebalancejar
weekly_thursday,1987-10-08,100.0,positiu,positiu,positiu,positiu,positiu,risc-on,,0,risc-on,False,risc-on,40.0,55.0,5.0,0.0,0.0,0.0,False,No cal rebalancejar
weekly_friday,1987-10-09,100.0,positiu,positiu,positiu,positiu,positiu,risc-on,,0,risc-on,False,risc-on,40.0,55.0,5.0,0.0,0.0,0.0,False,No cal rebalancejar
weekly_thursday,1987-10-15,88.89,positiu,neutral,positiu,positiu,positiu,risc-on,,0,risc-on,False,risc-on,40.0,55.0,5.0,0.0,0.0,0.0,False,No cal rebalancejar
weekly_friday,1987-10-16,88.89,positiu,neutral,positiu,positiu,positiu,risc-on,,0,risc-on,False,risc-on,40.0,55.0,5.0,0.0,0.0,0.0,False,No cal rebalancejar
weekly_thursday,1987-10-22,33.33,negatiu,negatiu,positiu,negatiu,positiu,defensiu,defensiu,1,risc-on,False,risc-on,40.0,55.0,5.0,0.0,0.0,0.0,False,No cal rebalancejar
weekly_friday,1987-10-23,33.33,negatiu,negatiu,positiu,negatiu,positiu,defensiu,defensiu,1,risc-on,False,risc-on,40.0,55.0,5.0,0.0,0.0,0.0,False,No cal rebalancejar
weekly_thursday,1987-10-29,33.33,negatiu,negatiu,positiu,negatiu,positiu,defensiu,defensiu,2,risc-on,True,risc-on,40.0,55.0,5.0,0.0,0.0,0.0,False,No cal rebalancejar
weekly_friday,1987-10-30,33.33,negatiu,negatiu,positiu,negatiu,positiu,defensiu,defensiu,2,risc-on,False,risc-on,40.0,55.0,5.0,0.0,0.0,0.0,False,No cal rebalancejar
weekly_thursday,1987-11-05,33.33,negatiu,negatiu,positiu,negatiu,positiu,defensiu,defensiu,3,risc-on,True,risc-on,40.0,55.0,5.0,0.0,0.0,0.0,False,No cal rebalancejar
weekly_friday,1987-11-06,33.33,negatiu,negatiu,positiu,negatiu,positiu,defensiu,defensiu,3,risc-on,False,risc-on,40.0,55.0,5.0,0.0,0.0,0.0,False,No cal rebalancejar
weekly_thursday,1987-11-12,33.33,negatiu,negatiu,positiu,negatiu,positiu,defensiu,,0,defensiu,True,semi-defensiu,55.0,20.0,25.0,15.0,-35.0,20.0,True,Comprar 15 pp MSCI World; Vendre 35 pp Nasdaq; Comprar 20 pp Monetari
weekly_friday,1987-11-13,33.33,negatiu,negatiu,positiu,negatiu,positiu,defensiu,,0,defensiu,True,semi-defensiu,55.0,20.0,25.0,15.0,-35.0,20.0,True,Comprar 15 pp MSCI World; Vendre 35 pp Nasdaq; Comprar 20 pp Monetari
weekly_thursday,1987-11-19,33.33,negatiu,negatiu,positiu,negatiu,positiu,defensiu,,0,defensiu,True,semi-defensiu,55.0,20.0,25.0,0.0,0.0,0.0,False,No cal rebalancejar
weekly_friday,1987-11-20,33.33,negatiu,negatiu,positiu,negatiu,positiu,defensiu,,0,defensiu,True,semi-defensiu,55.0,20.0,25.0,0.0,0.0,0.0,False,No cal rebalancejar
weekly_thursday,1987-11-26,33.33,negatiu,negatiu,positiu,negatiu,positiu,defensiu,,0,defensiu,True,semi-defensiu,55.0,20.0,25.0,0.0,0.0,0.0,False,No cal rebalancejar
weekly_friday,1987-11-27,33.33,negatiu,negatiu,positiu,negatiu,positiu,defensiu,,0,defensiu,True,semi-defensiu,55.0,20.0,25.0,0.0,0.0,0.0,False,No cal rebalancejar
weekly_thursday,1987-12-03,33.33,negatiu,negatiu,positiu,negatiu,positiu,defensiu,,0,defensiu,True,semi-defensiu,55.0,20.0,25.0,0.0,0.0,0.0,False,No cal rebalancejar
weekly_friday,1987-12-04,33.33,negatiu,negatiu,positiu,negatiu,positiu,defensiu,,0,defensiu,True,semi-defensiu,55.0,20.0,25.0,0.0,0.0,0.0,False,No cal rebalancejar
weekly_thursday,1987-12-10,33.33,negatiu,negatiu,positiu,negatiu,positiu,defensiu,,0,defensiu,True,semi-defensiu,55.0,20.0,25.0,0.0,0.0,0.0,False,No cal rebalancejar
weekly_friday,1987-12-11,33.33,negatiu,negatiu,positiu,negatiu,positiu,defensiu,,0,defensiu,True,semi-defensiu,55.0,20.0,25.0,0.0,0.0,0.0,False,No cal rebalancejar
weekly_thursday,1987-12-17,33.33,negatiu,negatiu,positiu,negatiu,positiu,defensiu,,0,defensiu,True,semi-defensiu,55.0,20.0,25.0,0.0,0.0,0.0,False,No cal rebalancejar
weekly_friday,1987-12-18,33.33,negatiu,negatiu,positiu,negatiu,positiu,defensiu,,0,defensiu,True,semi-defensiu,55.0,20.0,25.0,0.0,0.0,0.0,False,No cal rebalancejar
weekly_thursday,1987-12-24,33.33,negatiu,negatiu,positiu,negatiu,positiu,defensiu,,0,defensiu,True,semi-defensiu,55.0,20.0,25.0,0.0,0.0,0.0,False,No cal rebalancejar
weekly_friday,1987-12-25,33.33,negatiu,negatiu,positiu,negatiu,positiu,defensiu,,0,defensiu,True,semi-defensiu,55.0,20.0,25.0,0.0,0.0,0.0,False,No cal rebalancejar
weekly_thursday,1987-12-31,33.33,negatiu,negatiu,positiu,negatiu,positiu,defensiu,,0,defensiu,True,semi-defensiu,55.0,20.0,25.0,0.0,0.0,0.0,False,No cal rebalancejar
weekly_friday,1988-01-01,33.33,negatiu,negatiu,positiu,negatiu,positiu,defensiu,,0,defensiu,True,semi-defensiu,55.0,20.0,25.0,0.0,0.0,0.0,False,No cal rebalancejar
weekly_thursday,1988-01-07,33.33,negatiu,negatiu,positiu,negatiu,positiu,defensiu,,0,defensiu,True,semi-defensiu,55.0,20.0,25.0,0.0,0.0,0.0,False,No cal rebalancejar
weekly_friday,1988-01-08,26.66,negatiu,negatiu,neutral,negatiu,positiu,defensiu,,0,defensiu,True,semi-defensiu,55.0,20.0,25.0,0.0,0.0,0.0,False,No cal rebalancejar
weekly_thursday,1988-01-14,26.66,negatiu,negatiu,neutral,negatiu,positiu,defensiu,,0,defensiu,True,semi-defensiu,55.0,20.0,25.0,0.0,0.0,0.0,False,No cal rebalancejar
weekly_friday,1988-01-15,26.66,negatiu,negatiu,neutral,negatiu,positiu,defensiu,,0,defensiu,True,semi-defensiu,55.0,20.0,25.0,0.0,0.0,0.0,False,No cal rebalancejar
weekly_thursday,1988-01-21,31.11,negatiu,negatiu,neutral,neutral,positiu,defensiu,,0,defensiu,True,semi-defensiu,55.0,20.0,25.0,0.0,0.0,0.0,False,No cal rebalancejar
weekly_friday,1988-01-22,31.11,negatiu,negatiu,neutral,neutral,positiu,defensiu,,0,defensiu,True,semi-defensiu,55.0,20.0,25.0,0.0,0.0,0.0,False,No cal rebalancejar
weekly_thursday,1988-01-28,35.55,negatiu,negatiu,neutral,positiu,positiu,defensiu,,0,defensiu,True,semi-defensiu,55.0,20.0,25.0,0.0,0.0,0.0,False,No cal rebalancejar
weekly_friday,1988-01-29,35.55,negatiu,negatiu,neutral,positiu,positiu,defensiu,,0,defensiu,True,semi-defensiu,55.0,20.0,25.0,0.0,0.0,0.0,False,No cal rebalancejar
weekly_thursday,1988-02-04,35.55,negatiu,negatiu,neutral,positiu,positiu,defensiu,,0,defensiu,True,semi-defensiu,55.0,20.0,25.0,0.0,0.0,0.0,False,No cal rebalancejar
weekly_friday,1988-02-05,35.55,negatiu,negatiu,neutral,positiu,positiu,defensiu,,0,defensiu,True,semi-defensiu,55.0,20.0,25.0,0.0,0.0,0.0,False,No cal rebalancejar
weekly_thursday,1988-02-11,35.55,negatiu,negatiu,neutral,positiu,positiu,defensiu,,0,defensiu,True,semi-defensiu,55.0,20.0,25.0,0.0,0.0,0.0,False,No cal rebalancejar
weekly_friday,1988-02-12,35.55,negatiu,negatiu,neutral,positiu,positiu,defensiu,,0,defensiu,True,semi-defensiu,55.0,20.0,25.0,0.0,0.0,0.0,False,No cal rebalancejar
weekly_thursday,1988-02-18,35.55,negatiu,negatiu,neutral,positiu,positiu,defensiu,,0,defensiu,True,semi-defensiu,55.0,20.0,25.0,0.0,0.0,0.0,False,No cal rebalancejar
weekly_friday,1988-02-19,35.55,negatiu,negatiu,neutral,positiu,positiu,defensiu,,0,defensiu,True,semi-defensiu,55.0,20.0,25.0,0.0,0.0,0.0,False,No cal rebalancejar
weekly_thursday,1988-02-25,53.34,neutral,negatiu,neutral,positiu,positiu,normal,normal,1,defensiu,True,normal,60.0,25.0,15.0,5.0,5.0,-10.0,True,Comprar 5 pp MSCI World; Comprar 5 pp Nasdaq; Vendre 10 pp Monetari
weekly_friday,1988-02-26,53.34,neutral,negatiu,neutral,positiu,positiu,normal,normal,1,defensiu,True,normal,60.0,25.0,15.0,5.0,5.0,-10.0,True,Comprar 5 pp MSCI World; Comprar 5 pp Nasdaq; Vendre 10 pp Monetari
weekly_thursday,1988-03-03,71.11,neutral,neutral,positiu,positiu,positiu,normal,normal,2,defensiu,True,normal,60.0,25.0,15.0,0.0,0.0,0.0,False,No cal rebalancejar
weekly_friday,1988-03-04,71.11,neutral,neutral,positiu,positiu,positiu,normal,normal,2,defensiu,True,normal,60.0,25.0,15.0,0.0,0.0,0.0,False,No cal rebalancejar
weekly_thursday,1988-03-10,64.44,neutral,neutral,neutral,positiu,positiu,normal,normal,3,defensiu,True,normal,60.0,25.0,15.0,0.0,0.0,0.0,False,No cal rebalancejar
weekly_friday,1988-03-11,64.44,neutral,neutral,neutral,positiu,positiu,normal,normal,3,defensiu,True,normal,60.0,25.0,15.0,0.0,0.0,0.0,False,No cal rebalancejar
weekly_thursday,1988-03-17,64.44,neutral,neutral,neutral,positiu,positiu,normal,,0,normal,True,normal,60.0,25.0,15.0,0.0,0.0,0.0,False,No cal rebalancejar
weekly_friday,1988-03-18,82.22,positiu,neutral,neutral,positiu,positiu,risc-on,risc-on,1,defensiu,True,normal,60.0,25.0,15.0,0.0,0.0,0.0,False,No cal rebalancejar
weekly_thursday,1988-03-24,64.44,neutral,neutral,neutral,positiu,positiu,normal,,0,normal,True,normal,60.0,25.0,15.0,0.0,0.0,0.0,False,No cal rebalancejar
weekly_friday,1988-03-25,64.44,neutral,neutral,neutral,positiu,positiu,normal,normal,1,defensiu,True,normal,60.0,25.0,15.0,0.0,0.0,0.0,False,No cal rebalancejar
weekly_thursday,1988-03-31,82.22,positiu,neutral,neutral,positiu,positiu,risc-on,risc-on,1,normal,True,normal,60.0,25.0,15.0,0.0,0.0,0.0,False,No cal rebalancejar
weekly_friday,1988-04-01,82.22,positiu,neutral,neutral,positiu,positiu,risc-on,risc-on,1,defensiu,True,normal,60.0,25.0,15.0,0.0,0.0,0.0,False,No cal rebalancejar
weekly_thursday,1988-04-07,82.22,positiu,neutral,neutral,positiu,positiu,risc-on,risc-on,2,normal,True,normal,60.0,25.0,15.0,0.0,0.0,0.0,False,No cal rebalancejar
weekly_friday,1988-04-08,82.22,positiu,neutral,neutral,positiu,positiu,risc-on,risc-on,2,defensiu,True,normal,60.0,25.0,15.0,0.0,0.0,0.0,False,No cal rebalancejar
weekly_thursday,1988-04-14,82.22,positiu,neutral,neutral,positiu,positiu,risc-on,risc-on,3,normal,True,normal,60.0,25.0,15.0,0.0,0.0,0.0,False,No cal rebalancejar
weekly_friday,1988-04-15,82.22,positiu,neutral,neutral,positiu,positiu,risc-on,risc-on,3,defensiu,True,normal,60.0,25.0,15.0,0.0,0.0,0.0,False,No cal rebalancejar
weekly_thursday,1988-04-21,82.22,positiu,neutral,neutral,positiu,positiu,risc-on,,0,risc-on,True,risc-on,40.0,55.0,5.0,-20.0,30.0,-10.0,True,Vendre 20 pp MSCI World; Comprar 30 pp Nasdaq; Vendre 10 pp Monetari
weekly_friday,1988-04-22,82.22,positiu,neutral,neutral,positiu,positiu,risc-on,,0,risc-on,True,risc-on,40.0,55.0,5.0,-20.0,30.0,-10.0,True,Vendre 20 pp MSCI World; Comprar 30 pp Nasdaq; Vendre 10 pp Monetari
weekly_thursday,1988-04-28,82.22,positiu,neutral,neutral,positiu,positiu,risc-on,,0,risc-on,True,risc-on,40.0,55.0,5.0,0.0,0.0,0.0,False,No cal rebalancejar
weekly_friday,1988-04-29,82.22,positiu,neutral,neutral,positiu,positiu,risc-on,,0,risc-on,True,risc-on,40.0,55.0,5.0,0.0,0.0,0.0,False,No cal rebalancejar
weekly_thursday,1988-05-05,82.22,positiu,neutral,neutral,positiu,positiu,risc-on,,0,risc-on,True,risc-on,40.0,55.0,5.0,0.0,0.0,0.0,False,No cal rebalancejar
weekly_friday,1988-05-06,82.22,positiu,neutral,neutral,positiu,positiu,risc-on,,0,risc-on,True,risc-on,40.0,55.0,5.0,0.0,0.0,0.0,False,No cal rebalancejar
weekly_thursday,1988-05-12,64.44,neutral,neutral,neutral,positiu,positiu,normal,normal,1,risc-on,True,risc-on,40.0,55.0,5.0,0.0,0.0,0.0,False,No cal rebalancejar
weekly_friday,1988-05-13,64.44,neutral,neutral,neutral,positiu,positiu,normal,normal,1,risc-on,True,risc-on,40.0,55.0,5.0,0.0,0.0,0.0,False,No cal rebalancejar
weekly_thursday,1988-05-19,64.44,neutral,neutral,neutral,positiu,positiu,normal,normal,2,risc-on,True,risc-on,40.0,55.0,5.0,0.0,0.0,0.0,False,No cal rebalancejar
weekly_friday,1988-05-20,64.44,neutral,neutral,neutral,positiu,positiu,normal,normal,2,risc-on,True,risc-on,40.0,55.0,5.0,0.0,0.0,0.0,False,No cal rebalancejar
weekly_thursday,1988-05-26,64.44,neutral,neutral,neutral,positiu,positiu,normal,normal,3,risc-on,True,risc-on,40.0,55.0,5.0,0.0,0.0,0.0,False,No cal rebalancejar
weekly_friday,1988-05-27,57.78,neutral,neutral,negatiu,positiu,positiu,normal,normal,3,risc-on,True,risc-on,40.0,55.0,5.0,0.0,0.0,0.0,False,No cal rebalancejar
weekly_thursday,1988-06-02,86.67,positiu,positiu,negatiu,positiu,positiu,risc-on,,0,risc-on,True,risc-on,40.0,55.0,5.0,0.0,0.0,0.0,False,No cal rebalancejar
weekly_friday,1988-06-03,86.67,positiu,positiu,negatiu,positiu,positiu,risc-on,,0,risc-on,True,risc-on,40.0,55.0,5.0,0.0,0.0,0.0,False,No cal rebalancejar
weekly_thursday,1988-06-09,93.34,positiu,positiu,neutral,positiu,positiu,risc-on,,0,risc-on,True,risc-on,40.0,55.0,5.0,0.0,0.0,0.0,False,No cal rebalancejar
weekly_friday,1988-06-10,93.34,positiu,positiu,neutral,positiu,positiu,risc-on,,0,risc-on,True,risc-on,40.0,55.0,5.0,0.0,0.0,0.0,False,No cal rebalancejar
weekly_thursday,1988-06-16,93.34,positiu,positiu,neutral,positiu,positiu,risc-on,,0,risc-on,True,risc-on,40.0,55.0,5.0,0.0,0.0,0.0,False,No cal rebalancejar
weekly_friday,1988-06-17,93.34,positiu,positiu,neutral,positiu,positiu,risc-on,,0,risc-on,True,risc-on,40.0,55.0,5.0,0.0,0.0,0.0,False,No cal rebalancejar
weekly_thursday,1988-06-23,93.34,positiu,positiu,neutral,positiu,positiu,risc-on,,0,risc-on,True,risc-on,40.0,55.0,5.0,0.0,0.0,0.0,False,No cal rebalancejar
weekly_friday,1988-06-24,93.34,positiu,positiu,neutral,positiu,positiu,risc-on,,0,risc-on,True,risc-on,40.0,55.0,5.0,0.0,0.0,0.0,False,No cal rebalancejar
weekly_thursday,1988-06-30,83.34,positiu,positiu,neutral,positiu,neutral,risc-on,,0,risc-on,True,risc-on,40.0,55.0,5.0,0.0,0.0,0.0,False,No cal rebalancejar
weekly_friday,1988-07-01,75.56,neutral,positiu,neutral,positiu,positiu,risc-on,,0,risc-on,True,risc-on,40.0,55.0,5.0,0.0,0.0,0.0,False,No cal rebalancejar
weekly_thursday,1988-07-07,93.34,positiu,positiu,neutral,positiu,positiu,risc-on,,0,risc-on,True,risc-on,40.0,55.0,5.0,0.0,0.0,0.0,False,No cal rebalancejar
weekly_friday,1988-07-08,93.34,positiu,positiu,neutral,positiu,positiu,risc-on,,0,risc-on,True,risc-on,40.0,55.0,5.0,0.0,0.0,0.0,False,No cal rebalancejar
weekly_thursday,1988-07-14,93.34,positiu,positiu,neutral,positiu,positiu,risc-on,,0,risc-on,True,risc-on,40.0,55.0,5.0,0.0,0.0,0.0,False,No cal rebalancejar
weekly_friday,1988-07-15,93.34,positiu,positiu,neutral,positiu,positiu,risc-on,,0,risc-on,True,risc-on,40.0,55.0,5.0,0.0,0.0,0.0,False,No cal rebalancejar
weekly_thursday,1988-07-21,93.34,positiu,positiu,neutral,positiu,positiu,risc-on,,0,risc-on,True,risc-on,40.0,55.0,5.0,0.0,0.0,0.0,False,No cal rebalancejar
weekly_friday,1988-07-22,93.34,positiu,positiu,neutral,positiu,positiu,risc-on,,0,risc-on,True,risc-on,40.0,55.0,5.0,0.0,0.0,0.0,False,No cal rebalancejar
weekly_thursday,1988-07-28,93.34,positiu,positiu,neutral,positiu,positiu,risc-on,,0,risc-on,True,risc-on,40.0,55.0,5.0,0.0,0.0,0.0,False,No cal rebalancejar
weekly_friday,1988-07-29,93.34,positiu,positiu,neutral,positiu,positiu,risc-on,,0,risc-on,True,risc-on,40.0,55.0,5.0,0.0,0.0,0.0,False,No cal rebalancejar
weekly_thursday,1988-08-04,86.67,positiu,positiu,negatiu,positiu,positiu,risc-on,,0,risc-on,True,risc-on,40.0,55.0,5.0,0.0,0.0,0.0,False,No cal rebalancejar
weekly_friday,1988-08-05,86.67,positiu,positiu,negatiu,positiu,positiu,risc-on,,0,risc-on,True,risc-on,40.0,55.0,5.0,0.0,0.0,0.0,False,No cal rebalancejar
weekly_thursday,1988-08-11,58.89,neutral,positiu,negatiu,positiu,neutral,normal,normal,1,risc-on,True,risc-on,40.0,55.0,5.0,0.0,0.0,0.0,False,No cal rebalancejar
weekly_friday,1988-08-12,58.89,neutral,positiu,negatiu,positiu,neutral,normal,normal,1,risc-on,True,risc-on,40.0,55.0,5.0,0.0,0.0,0.0,False,No cal rebalancejar
weekly_thursday,1988-08-18,47.78,neutral,neutral,negatiu,positiu,neutral,normal,normal,2,risc-on,True,risc-on,40.0,55.0,5.0,0.0,0.0,0.0,False,No cal rebalancejar
weekly_friday,1988-08-19,47.78,neutral,neutral,negatiu,positiu,neutral,normal,normal,2,risc-on,True,risc-on,40.0,55.0,5.0,0.0,0.0,0.0,False,No cal rebalancejar
weekly_thursday,1988-08-25,47.78,neutral,neutral,negatiu,positiu,neutral,normal,normal,3,risc-on,True,risc-on,40.0,55.0,5.0,0.0,0.0,0.0,False,No cal rebalancejar
weekly_friday,1988-08-26,47.78,neutral,neutral,negatiu,positiu,neutral,normal,normal,3,risc-on,True,risc-on,40.0,55.0,5.0,0.0,0.0,0.0,False,No cal rebalancejar
weekly_thursday,1988-09-01,30.0,negatiu,neutral,negatiu,positiu,neutral,defensiu,defensiu,1,risc-on,True,risc-on,40.0,55.0,5.0,0.0,0.0,0.0,False,No cal rebalancejar
weekly_friday,1988-09-02,47.78,neutral,neutral,negatiu,positiu,neutral,normal,,0,normal,True,normal,60.0,25.0,15.0,20.0,-30.0,10.0,True,Comprar 20 pp MSCI World; Vendre 30 pp Nasdaq; Comprar 10 pp Monetari
weekly_thursday,1988-09-08,47.78,neutral,neutral,negatiu,positiu,neutral,normal,normal,1,risc-on,True,risc-on,40.0,55.0,5.0,-20.0,30.0,-10.0,True,Vendre 20 pp MSCI World; Comprar 30 pp Nasdaq; Vendre 10 pp Monetari
weekly_friday,1988-09-09,47.78,neutral,neutral,negatiu,positiu,neutral,normal,,0,normal,True,normal,60.0,25.0,15.0,0.0,0.0,0.0,False,No cal rebalancejar
weekly_thursday,1988-09-15,47.78,neutral,neutral,negatiu,positiu,neutral,normal,normal,2,risc-on,True,risc-on,40.0,55.0,5.0,-20.0,30.0,-10.0,True,Vendre 20 pp MSCI World; Comprar 30 pp Nasdaq; Vendre 10 pp Monetari
weekly_friday,1988-09-16,47.78,neutral,neutral,negatiu,positiu,neutral,normal,,0,normal,True,normal,60.0,25.0,15.0,0.0,0.0,0.0,False,No cal rebalancejar
weekly_thursday,1988-09-22,58.89,neutral,positiu,negatiu,positiu,neutral,normal,normal,3,risc-on,True,risc-on,40.0,55.0,5.0,-20.0,30.0,-10.0,True,Vendre 20 pp MSCI World; Comprar 30 pp Nasdaq; Vendre 10 pp Monetari
weekly_friday,1988-09-23,47.78,neutral,neutral,negatiu,positiu,neutral,normal,,0,normal,True,normal,60.0,25.0,15.0,0.0,0.0,0.0,False,No cal rebalancejar
weekly_thursday,1988-09-29,58.89,neutral,positiu,negatiu,positiu,neutral,normal,,0,normal,True,normal,60.0,25.0,15.0,0.0,0.0,0.0,False,No cal rebalancejar
weekly_friday,1988-09-30,58.89,neutral,positiu,negatiu,positiu,neutral,normal,,0,normal,True,normal,60.0,25.0,15.0,0.0,0.0,0.0,False,No cal rebalancejar
weekly_thursday,1988-10-06,47.78,neutral,neutral,negatiu,positiu,neutral,normal,,0,normal,True,normal,60.0,25.0,15.0,0.0,0.0,0.0,False,No cal rebalancejar
weekly_friday,1988-10-07,61.11,neutral,neutral,positiu,positiu,neutral,normal,,0,normal,True,normal,60.0,25.0,15.0,0.0,0.0,0.0,False,No cal rebalancejar
weekly_thursday,1988-10-13,78.89,positiu,neutral,positiu,positiu,neutral,risc-on,risc-on,1,normal,True,normal,60.0,25.0,15.0,0.0,0.0,0.0,False,No cal rebalancejar
weekly_friday,1988-10-14,78.89,positiu,neutral,positiu,positiu,neutral,risc-on,risc-on,1,normal,True,normal,60.0,25.0,15.0,0.0,0.0,0.0,False,No cal rebalancejar
weekly_thursday,1988-10-20,90.0,positiu,positiu,positiu,positiu,neutral,risc-on,risc-on,2,normal,True,normal,60.0,25.0,15.0,0.0,0.0,0.0,False,No cal rebalancejar
weekly_friday,1988-10-21,78.89,positiu,neutral,positiu,positiu,neutral,risc-on,risc-on,2,normal,True,normal,60.0,25.0,15.0,0.0,0.0,0.0,False,No cal rebalancejar
weekly_thursday,1988-10-27,78.89,positiu,neutral,positiu,positiu,neutral,risc-on,risc-on,3,normal,True,normal,60.0,25.0,15.0,0.0,0.0,0.0,False,No cal rebalancejar
weekly_friday,1988-10-28,78.89,positiu,neutral,positiu,positiu,neutral,risc-on,risc-on,3,normal,False,normal,60.0,25.0,15.0,0.0,0.0,0.0,False,No cal rebalancejar
weekly_thursday,1988-11-03,78.89,positiu,neutral,positiu,positiu,neutral,risc-on,,0,risc-on,False,risc-on,40.0,55.0,5.0,-20.0,30.0,-10.0,True,Vendre 20 pp MSCI World; Comprar 30 pp Nasdaq; Vendre 10 pp Monetari
weekly_friday,1988-11-04,78.89,positiu,neutral,positiu,positiu,neutral,risc-on,,0,risc-on,False,risc-on,40.0,55.0,5.0,-20.0,30.0,-10.0,True,Vendre 20 pp MSCI World; Comprar 30 pp Nasdaq; Vendre 10 pp Monetari
weekly_thursday,1988-11-10,78.89,positiu,neutral,positiu,positiu,neutral,risc-on,,0,risc-on,False,risc-on,40.0,55.0,5.0,0.0,0.0,0.0,False,No cal rebalancejar
weekly_friday,1988-11-11,67.78,positiu,negatiu,positiu,positiu,neutral,risc-on,,0,risc-on,False,risc-on,40.0,55.0,5.0,0.0,0.0,0.0,False,No cal rebalancejar
weekly_thursday,1988-11-17,67.78,positiu,negatiu,positiu,positiu,neutral,risc-on,,0,risc-on,False,risc-on,40.0,55.0,5.0,0.0,0.0,0.0,False,No cal rebalancejar
weekly_friday,1988-11-18,67.78,positiu,negatiu,positiu,positiu,neutral,risc-on,,0,risc-on,False,risc-on,40.0,55.0,5.0,0.0,0.0,0.0,False,No cal rebalancejar
weekly_thursday,1988-11-24,67.78,positiu,negatiu,positiu,positiu,neutral,risc-on,,0,risc-on,False,risc-on,40.0,55.0,5.0,0.0,0.0,0.0,False,No cal rebalancejar
weekly_friday,1988-11-25,67.78,positiu,negatiu,positiu,positiu,neutral,risc-on,,0,risc-on,False,risc-on,40.0,55.0,5.0,0.0,0.0,0.0,False,No cal rebalancejar
weekly_thursday,1988-12-01,78.89,positiu,neutral,positiu,positiu,neutral,risc-on,,0,risc-on,False,risc-on,40.0,55.0,5.0,0.0,0.0,0.0,False,No cal rebalancejar
weekly_friday,1988-12-02,78.89,positiu,neutral,positiu,positiu,neutral,risc-on,,0,risc-on,False,risc-on,40.0,55.0,5.0,0.0,0.0,0.0,False,No cal rebalancejar
weekly_thursday,1988-12-08,78.89,positiu,neutral,positiu,positiu,neutral,risc-on,,0,risc-on,False,risc-on,40.0,55.0,5.0,0.0,0.0,0.0,False,No cal rebalancejar
weekly_friday,1988-12-09,78.89,positiu,neutral,positiu,positiu,neutral,risc-on,,0,risc-on,False,risc-on,40.0,55.0,5.0,0.0,0.0,0.0,False,No cal rebalancejar
weekly_thursday,1988-12-15,78.89,positiu,neutral,positiu,positiu,neutral,risc-on,,0,risc-on,False,risc-on,40.0,55.0,5.0,0.0,0.0,0.0,False,No cal rebalancejar
weekly_friday,1988-12-16,78.89,positiu,neutral,positiu,positiu,neutral,risc-on,,0,risc-on,False,risc-on,40.0,55.0,5.0,0.0,0.0,0.0,False,No cal rebalancejar
weekly_thursday,1988-12-22,78.89,positiu,neutral,positiu,positiu,neutral,risc-on,,0,risc-on,False,risc-on,40.0,55.0,5.0,0.0,0.0,0.0,False,No cal rebalancejar
weekly_friday,1988-12-23,78.89,positiu,neutral,positiu,positiu,neutral,risc-on,,0,risc-on,False,risc-on,40.0,55.0,5.0,0.0,0.0,0.0,False,No cal rebalancejar
weekly_thursday,1988-12-29,78.89,positiu,neutral,positiu,positiu,neutral,risc-on,,0,risc-on,False,risc-on,40.0,55.0,5.0,0.0,0.0,0.0,False,No cal rebalancejar
weekly_friday,1988-12-30,78.89,positiu,neutral,positiu,positiu,neutral,risc-on,,0,risc-on,False,risc-on,40.0,55.0,5.0,0.0,0.0,0.0,False,No cal rebalancejar
weekly_thursday,1989-01-05,78.89,positiu,neutral,positiu,positiu,neutral,risc-on,,0,risc-on,False,risc-on,40.0,55.0,5.0,0.0,0.0,0.0,False,No cal rebalancejar
weekly_friday,1989-01-06,78.89,positiu,neutral,positiu,positiu,neutral,risc-on,,0,risc-on,False,risc-on,40.0,55.0,5.0,0.0,0.0,0.0,False,No cal rebalancejar
weekly_thursday,1989-01-12,78.89,positiu,neutral,positiu,positiu,neutral,risc-on,,0,risc-on,False,risc-on,40.0,55.0,5.0,0.0,0.0,0.0,False,No cal rebalancejar
weekly_friday,1989-01-13,78.89,positiu,neutral,positiu,positiu,neutral,risc-on,,0,risc-on,False,risc-on,40.0,55.0,5.0,0.0,0.0,0.0,False,No cal rebalancejar
weekly_thursday,1989-01-19,78.89,positiu,neutral,positiu,positiu,neutral,risc-on,,0,risc-on,False,risc-on,40.0,55.0,5.0,0.0,0.0,0.0,False,No cal rebalancejar
weekly_friday,1989-01-20,78.89,positiu,neutral,positiu,positiu,neutral,risc-on,,0,risc-on,False,risc-on,40.0,55.0,5.0,0.0,0.0,0.0,False,No cal rebalancejar
weekly_thursday,1989-01-26,90.0,positiu,positiu,positiu,positiu,neutral,risc-on,,0,risc-on,False,risc-on,40.0,55.0,5.0,0.0,0.0,0.0,False,No cal rebalancejar
weekly_friday,1989-01-27,90.0,positiu,positiu,positiu,positiu,neutral,risc-on,,0,risc-on,False,risc-on,40.0,55.0,5.0,0.0,0.0,0.0,False,No cal rebalancejar
weekly_thursday,1989-02-02,90.0,positiu,positiu,positiu,positiu,neutral,risc-on,,0,risc-on,False,risc-on,40.0,55.0,5.0,0.0,0.0,0.0,False,No cal rebalancejar
weekly_friday,1989-02-03,90.0,positiu,positiu,positiu,positiu,neutral,risc-on,,0,risc-on,False,risc-on,40.0,55.0,5.0,0.0,0.0,0.0,False,No cal rebalancejar
weekly_thursday,1989-02-09,90.0,positiu,positiu,positiu,positiu,neutral,risc-on,,0,risc-on,False,risc-on,40.0,55.0,5.0,0.0,0.0,0.0,False,No cal rebalancejar
weekly_friday,1989-02-10,90.0,positiu,positiu,positiu,positiu,neutral,risc-on,,0,risc-on,False,risc-on,40.0,55.0,5.0,0.0,0.0,0.0,False,No cal rebalancejar
weekly_thursday,1989-02-16,90.0,positiu,positiu,positiu,positiu,neutral,risc-on,,0,risc-on,False,risc-on,40.0,55.0,5.0,0.0,0.0,0.0,False,No cal rebalancejar
weekly_friday,1989-02-17,90.0,positiu,positiu,positiu,positiu,neutral,risc-on,,0,risc-on,False,risc-on,40.0,55.0,5.0,0.0,0.0,0.0,False,No cal rebalancejar
weekly_thursday,1989-02-23,90.0,positiu,positiu,positiu,positiu,neutral,risc-on,,0,risc-on,False,risc-on,40.0,55.0,5.0,0.0,0.0,0.0,False,No cal rebalancejar
weekly_friday,1989-02-24,90.0,positiu,positiu,positiu,positiu,neutral,risc-on,,0,risc-on,False,risc-on,40.0,55.0,5.0,0.0,0.0,0.0,False,No cal rebalancejar
weekly_thursday,1989-03-02,90.0,positiu,positiu,positiu,positiu,neutral,risc-on,,0,risc-on,False,risc-on,40.0,55.0,5.0,0.0,0.0,0.0,False,No cal rebalancejar
weekly_friday,1989-03-03,90.0,positiu,positiu,positiu,positiu,neutral,risc-on,,0,risc-on,False,risc-on,40.0,55.0,5.0,0.0,0.0,0.0,False,No cal rebalancejar
weekly_thursday,1989-03-09,90.0,positiu,positiu,positiu,positiu,neutral,risc-on,,0,risc-on,False,risc-on,40.0,55.0,5.0,0.0,0.0,0.0,False,No cal rebalancejar
weekly_friday,1989-03-10,90.0,positiu,positiu,positiu,positiu,neutral,risc-on,,0,risc-on,False,risc-on,40.0,55.0,5.0,0.0,0.0,0.0,False,No cal rebalancejar
weekly_thursday,1989-03-16,90.0,positiu,positiu,positiu,positiu,neutral,risc-on,,0,risc-on,False,risc-on,40.0,55.0,5.0,0.0,0.0,0.0,False,No cal rebalancejar
weekly_friday,1989-03-17,78.89,positiu,neutral,positiu,positiu,neutral,risc-on,,0,risc-on,False,risc-on,40.0,55.0,5.0,0.0,0.0,0.0,False,No cal rebalancejar
weekly_thursday,1989-03-23,78.89,positiu,neutral,positiu,positiu,neutral,risc-on,,0,risc-on,False,risc-on,40.0,55.0,5.0,0.0,0.0,0.0,False,No cal rebalancejar
weekly_friday,1989-03-24,78.89,positiu,neutral,positiu,positiu,neutral,risc-on,,0,risc-on,False,risc-on,40.0,55.0,5.0,0.0,0.0,0.0,False,No cal rebalancejar
weekly_thursday,1989-03-30,90.0,positiu,positiu,positiu,positiu,neutral,risc-on,,0,risc-on,False,risc-on,40.0,55.0,5.0,0.0,0.0,0.0,False,No cal rebalancejar
weekly_friday,1989-03-31,90.0,positiu,positiu,positiu,positiu,neutral,risc-on,,0,risc-on,False,risc-on,40.0,55.0,5.0,0.0,0.0,0.0,False,No cal rebalancejar
weekly_thursday,1989-04-06,90.0,positiu,positiu,positiu,positiu,neutral,risc-on,,0,risc-on,False,risc-on,40.0,55.0,5.0,0.0,0.0,0.0,False,No cal rebalancejar
weekly_friday,1989-04-07,90.0,positiu,positiu,positiu,positiu,neutral,risc-on,,0,risc-on,False,risc-on,40.0,55.0,5.0,0.0,0.0,0.0,False,No cal rebalancejar
weekly_thursday,1989-04-13,90.0,positiu,positiu,positiu,positiu,neutral,risc-on,,0,risc-on,False,risc-on,40.0,55.0,5.0,0.0,0.0,0.0,False,No cal rebalancejar
weekly_friday,1989-04-14,90.0,positiu,positiu,positiu,positiu,neutral,risc-on,,0,risc-on,False,risc-on,40.0,55.0,5.0,0.0,0.0,0.0,False,No cal rebalancejar
weekly_thursday,1989-04-20,90.0,positiu,positiu,positiu,positiu,neutral,risc-on,,0,risc-on,False,risc-on,40.0,55.0,5.0,0.0,0.0,0.0,False,No cal rebalancejar
weekly_friday,1989-04-21,90.0,positiu,positiu,positiu,positiu,neutral,risc-on,,0,risc-on,False,risc-on,40.0,55.0,5.0,0.0,0.0,0.0,False,No cal rebalancejar
weekly_thursday,1989-04-27,90.0,positiu,positiu,positiu,positiu,neutral,risc-on,,0,risc-on,False,risc-on,40.0,55.0,5.0,0.0,0.0,0.0,False,No cal rebalancejar
weekly_friday,1989-04-28,90.0,positiu,positiu,positiu,positiu,neutral,risc-on,,0,risc-on,False,risc-on,40.0,55.0,5.0,0.0,0.0,0.0,False,No cal rebalancejar
weekly_thursday,1989-05-04,90.0,positiu,positiu,positiu,positiu,neutral,risc-on,,0,risc-on,False,risc-on,40.0,55.0,5.0,0.0,0.0,0.0,False,No cal rebalancejar
weekly_friday,1989-05-05,90.0,positiu,positiu,positiu,positiu,neutral,risc-on,,0,risc-on,False,risc-on,40.0,55.0,5.0,0.0,0.0,0.0,False,No cal rebalancejar
weekly_thursday,1989-05-11,90.0,positiu,positiu,positiu,positiu,neutral,risc-on,,0,risc-on,False,risc-on,40.0,55.0,5.0,0.0,0.0,0.0,False,No cal rebalancejar
weekly_friday,1989-05-12,90.0,positiu,positiu,positiu,positiu,neutral,risc-on,,0,risc-on,False,risc-on,40.0,55.0,5.0,0.0,0.0,0.0,False,No cal rebalancejar
weekly_thursday,1989-05-18,90.0,positiu,positiu,positiu,positiu,neutral,risc-on,,0,risc-on,False,risc-on,40.0,55.0,5.0,0.0,0.0,0.0,False,No cal rebalancejar
weekly_friday,1989-05-19,90.0,positiu,positiu,positiu,positiu,neutral,risc-on,,0,risc-on,False,risc-on,40.0,55.0,5.0,0.0,0.0,0.0,False,No cal rebalancejar
weekly_thursday,1989-05-25,72.22,neutral,positiu,positiu,positiu,neutral,risc-on,,0,risc-on,False,risc-on,40.0,55.0,5.0,0.0,0.0,0.0,False,No cal rebalancejar
weekly_friday,1989-05-26,90.0,positiu,positiu,positiu,positiu,neutral,risc-on,,0,risc-on,False,risc-on,40.0,55.0,5.0,0.0,0.0,0.0,False,No cal rebalancejar
weekly_thursday,1989-06-01,72.22,neutral,positiu,positiu,positiu,neutral,risc-on,,0,risc-on,False,risc-on,40.0,55.0,5.0,0.0,0.0,0.0,False,No cal rebalancejar
weekly_friday,1989-06-02,90.0,positiu,positiu,positiu,positiu,neutral,risc-on,,0,risc-on,False,risc-on,40.0,55.0,5.0,0.0,0.0,0.0,False,No cal rebalancejar
weekly_thursday,1989-06-08,72.22,neutral,positiu,positiu,positiu,neutral,risc-on,,0,risc-on,False,risc-on,40.0,55.0,5.0,0.0,0.0,0.0,False,No cal rebalancejar
weekly_friday,1989-06-09,72.22,neutral,positiu,positiu,positiu,neutral,risc-on,,0,risc-on,False,risc-on,40.0,55.0,5.0,0.0,0.0,0.0,False,No cal rebalancejar
weekly_thursday,1989-06-15,72.22,neutral,positiu,positiu,positiu,neutral,risc-on,,0,risc-on,False,risc-on,40.0,55.0,5.0,0.0,0.0,0.0,False,No cal rebalancejar
weekly_friday,1989-06-16,72.22,neutral,positiu,positiu,positiu,neutral,risc-on,,0,risc-on,False,risc-on,40.0,55.0,5.0,0.0,0.0,0.0,False,No cal rebalancejar
weekly_thursday,1989-06-22,72.22,neutral,positiu,positiu,positiu,neutral,risc-on,,0,risc-on,False,risc-on,40.0,55.0,5.0,0.0,0.0,0.0,False,No cal rebalancejar
weekly_friday,1989-06-23,90.0,positiu,positiu,positiu,positiu,neutral,risc-on,,0,risc-on,False,risc-on,40.0,55.0,5.0,0.0,0.0,0.0,False,No cal rebalancejar
weekly_thursday,1989-06-29,72.22,neutral,positiu,positiu,positiu,neutral,risc-on,,0,risc-on,False,risc-on,40.0,55.0,5.0,0.0,0.0,0.0,False,No cal rebalancejar
weekly_friday,1989-06-30,72.22,neutral,positiu,positiu,positiu,neutral,risc-on,,0,risc-on,False,risc-on,40.0,55.0,5.0,0.0,0.0,0.0,False,No cal rebalancejar
weekly_thursday,1989-07-06,90.0,positiu,positiu,positiu,positiu,neutral,risc-on,,0,risc-on,False,risc-on,40.0,55.0,5.0,0.0,0.0,0.0,False,No cal rebalancejar
weekly_friday,1989-07-07,90.0,positiu,positiu,positiu,positiu,neutral,risc-on,,0,risc-on,False,risc-on,40.0,55.0,5.0,0.0,0.0,0.0,False,No cal rebalancejar
weekly_thursday,1989-07-13,90.0,positiu,positiu,positiu,positiu,neutral,risc-on,,0,risc-on,False,risc-on,40.0,55.0,5.0,0.0,0.0,0.0,False,No cal rebalancejar
weekly_friday,1989-07-14,90.0,positiu,positiu,positiu,positiu,neutral,risc-on,,0,risc-on,False,risc-on,40.0,55.0,5.0,0.0,0.0,0.0,False,No cal rebalancejar
weekly_thursday,1989-07-20,90.0,positiu,positiu,positiu,positiu,neutral,risc-on,,0,risc-on,False,risc-on,40.0,55.0,5.0,0.0,0.0,0.0,False,No cal rebalancejar
weekly_friday,1989-07-21,90.0,positiu,positiu,positiu,positiu,neutral,risc-on,,0,risc-on,False,risc-on,40.0,55.0,5.0,0.0,0.0,0.0,False,No cal rebalancejar
weekly_thursday,1989-07-27,90.0,positiu,positiu,positiu,positiu,neutral,risc-on,,0,risc-on,False,risc-on,40.0,55.0,5.0,0.0,0.0,0.0,False,No cal rebalancejar
weekly_friday,1989-07-28,90.0,positiu,positiu,positiu,positiu,neutral,risc-on,,0,risc-on,False,risc-on,40.0,55.0,5.0,0.0,0.0,0.0,False,No cal rebalancejar
weekly_thursday,1989-08-03,90.0,positiu,positiu,positiu,positiu,neutral,risc-on,,0,risc-on,False,risc-on,40.0,55.0,5.0,0.0,0.0,0.0,False,No cal rebalancejar
weekly_friday,1989-08-04,90.0,positiu,positiu,positiu,positiu,neutral,risc-on,,0,risc-on,False,risc-on,40.0,55.0,5.0,0.0,0.0,0.0,False,No cal rebalancejar
weekly_thursday,1989-08-10,90.0,positiu,positiu,positiu,positiu,neutral,risc-on,,0,risc-on,False,risc-on,40.0,55.0,5.0,0.0,0.0,0.0,False,No cal rebalancejar
weekly_friday,1989-08-11,90.0,positiu,positiu,positiu,positiu,neutral,risc-on,,0,risc-on,False,risc-on,40.0,55.0,5.0,0.0,0.0,0.0,False,No cal rebalancejar
weekly_thursday,1989-08-17,90.0,positiu,positiu,positiu,positiu,neutral,risc-on,,0,risc-on,False,risc-on,40.0,55.0,5.0,0.0,0.0,0.0,False,No cal rebalancejar
weekly_friday,1989-08-18,90.0,positiu,positiu,positiu,positiu,neutral,risc-on,,0,risc-on,False,risc-on,40.0,55.0,5.0,0.0,0.0,0.0,False,No cal rebalancejar
weekly_thursday,1989-08-24,90.0,positiu,positiu,positiu,positiu,neutral,risc-on,,0,risc-on,False,risc-on,40.0,55.0,5.0,0.0,0.0,0.0,False,No cal rebalancejar
weekly_friday,1989-08-25,90.0,positiu,positiu,positiu,positiu,neutral,risc-on,,0,risc-on,False,risc-on,40.0,55.0,5.0,0.0,0.0,0.0,False,No cal rebalancejar
weekly_thursday,1989-08-31,90.0,positiu,positiu,positiu,positiu,neutral,risc-on,,0,risc-on,False,risc-on,40.0,55.0,5.0,0.0,0.0,0.0,False,No cal rebalancejar
weekly_friday,1989-09-01,90.0,positiu,positiu,positiu,positiu,neutral,risc-on,,0,risc-on,False,risc-on,40.0,55.0,5.0,0.0,0.0,0.0,False,No cal rebalancejar
weekly_thursday,1989-09-07,90.0,positiu,positiu,positiu,positiu,neutral,risc-on,,0,risc-on,False,risc-on,40.0,55.0,5.0,0.0,0.0,0.0,False,No cal rebalancejar
weekly_friday,1989-09-08,90.0,positiu,positiu,positiu,positiu,neutral,risc-on,,0,risc-on,False,risc-on,40.0,55.0,5.0,0.0,0.0,0.0,False,No cal rebalancejar
weekly_thursday,1989-09-14,90.0,positiu,positiu,positiu,positiu,neutral,risc-on,,0,risc-on,False,risc-on,40.0,55.0,5.0,0.0,0.0,0.0,False,No cal rebalancejar
weekly_friday,1989-09-15,72.22,neutral,positiu,positiu,positiu,neutral,risc-on,,0,risc-on,False,risc-on,40.0,55.0,5.0,0.0,0.0,0.0,False,No cal rebalancejar
weekly_thursday,1989-09-21,90.0,positiu,positiu,positiu,positiu,neutral,risc-on,,0,risc-on,False,risc-on,40.0,55.0,5.0,0.0,0.0,0.0,False,No cal rebalancejar
weekly_friday,1989-09-22,90.0,positiu,positiu,positiu,positiu,neutral,risc-on,,0,risc-on,False,risc-on,40.0,55.0,5.0,0.0,0.0,0.0,False,No cal rebalancejar
weekly_thursday,1989-09-28,90.0,positiu,positiu,positiu,positiu,neutral,risc-on,,0,risc-on,False,risc-on,40.0,55.0,5.0,0.0,0.0,0.0,False,No cal rebalancejar
weekly_friday,1989-09-29,90.0,positiu,positiu,positiu,positiu,neutral,risc-on,,0,risc-on,False,risc-on,40.0,55.0,5.0,0.0,0.0,0.0,False,No cal rebalancejar
weekly_thursday,1989-10-05,90.0,positiu,positiu,positiu,positiu,neutral,risc-on,,0,risc-on,False,risc-on,40.0,55.0,5.0,0.0,0.0,0.0,False,No cal rebalancejar
weekly_friday,1989-10-06,90.0,positiu,positiu,positiu,positiu,neutral,risc-on,,0,risc-on,False,risc-on,40.0,55.0,5.0,0.0,0.0,0.0,False,No cal rebalancejar
weekly_thursday,1989-10-12,90.0,positiu,positiu,positiu,positiu,neutral,risc-on,,0,risc-on,False,risc-on,40.0,55.0,5.0,0.0,0.0,0.0,False,No cal rebalancejar
weekly_friday,1989-10-13,72.22,neutral,positiu,positiu,positiu,neutral,risc-on,,0,risc-on,False,risc-on,40.0,55.0,5.0,0.0,0.0,0.0,False,No cal rebalancejar
weekly_thursday,1989-10-19,90.0,positiu,positiu,positiu,positiu,neutral,risc-on,,0,risc-on,False,risc-on,40.0,55.0,5.0,0.0,0.0,0.0,False,No cal rebalancejar
weekly_friday,1989-10-20,90.0,positiu,positiu,positiu,positiu,neutral,risc-on,,0,risc-on,False,risc-on,40.0,55.0,5.0,0.0,0.0,0.0,False,No cal rebalancejar
weekly_thursday,1989-10-26,72.22,neutral,positiu,positiu,positiu,neutral,risc-on,,0,risc-on,False,risc-on,40.0,55.0,5.0,0.0,0.0,0.0,False,No cal rebalancejar
weekly_friday,1989-10-27,72.22,neutral,positiu,positiu,positiu,neutral,risc-on,,0,risc-on,False,risc-on,40.0,55.0,5.0,0.0,0.0,0.0,False,No cal rebalancejar
weekly_thursday,1989-11-02,72.22,neutral,positiu,positiu,positiu,neutral,risc-on,,0,risc-on,False,risc-on,40.0,55.0,5.0,0.0,0.0,0.0,False,No cal rebalancejar
weekly_friday,1989-11-03,72.22,neutral,positiu,positiu,positiu,neutral,risc-on,,0,risc-on,False,risc-on,40.0,55.0,5.0,0.0,0.0,0.0,False,No cal rebalancejar
weekly_thursday,1989-11-09,72.22,neutral,positiu,positiu,positiu,neutral,risc-on,,0,risc-on,False,risc-on,40.0,55.0,5.0,0.0,0.0,0.0,False,No cal rebalancejar
weekly_friday,1989-11-10,72.22,neutral,positiu,positiu,positiu,neutral,risc-on,,0,risc-on,False,risc-on,40.0,55.0,5.0,0.0,0.0,0.0,False,No cal rebalancejar
weekly_thursday,1989-11-16,72.22,neutral,positiu,positiu,positiu,neutral,risc-on,,0,risc-on,False,risc-on,40.0,55.0,5.0,0.0,0.0,0.0,False,No cal rebalancejar
weekly_friday,1989-11-17,72.22,neutral,positiu,positiu,positiu,neutral,risc-on,,0,risc-on,False,risc-on,40.0,55.0,5.0,0.0,0.0,0.0,False,No cal rebalancejar
weekly_thursday,1989-11-23,72.22,neutral,positiu,positiu,positiu,neutral,risc-on,,0,risc-on,False,risc-on,40.0,55.0,5.0,0.0,0.0,0.0,False,No cal rebalancejar
weekly_friday,1989-11-24,90.0,positiu,positiu,positiu,positiu,neutral,risc-on,,0,risc-on,False,risc-on,40.0,55.0,5.0,0.0,0.0,0.0,False,No cal rebalancejar
weekly_thursday,1989-11-30,90.0,positiu,positiu,positiu,positiu,neutral,risc-on,,0,risc-on,False,risc-on,40.0,55.0,5.0,0.0,0.0,0.0,False,No cal rebalancejar
weekly_friday,1989-12-01,90.0,positiu,positiu,positiu,positiu,neutral,risc-on,,0,risc-on,False,risc-on,40.0,55.0,5.0,0.0,0.0,0.0,False,No cal rebalancejar
weekly_thursday,1989-12-07,90.0,positiu,positiu,positiu,positiu,neutral,risc-on,,0,risc-on,False,risc-on,40.0,55.0,5.0,0.0,0.0,0.0,False,No cal rebalancejar
weekly_friday,1989-12-08,90.0,positiu,positiu,positiu,positiu,neutral,risc-on,,0,risc-on,False,risc-on,40.0,55.0,5.0,0.0,0.0,0.0,False,No cal rebalancejar
weekly_thursday,1989-12-14,78.89,positiu,neutral,positiu,positiu,neutral,risc-on,,0,risc-on,False,risc-on,40.0,55.0,5.0,0.0,0.0,0.0,False,No cal rebalancejar
weekly_friday,1989-12-15,78.89,positiu,neutral,positiu,positiu,neutral,risc-on,,0,risc-on,False,risc-on,40.0,55.0,5.0,0.0,0.0,0.0,False,No cal rebalancejar
weekly_thursday,1989-12-21,78.89,positiu,neutral,positiu,positiu,neutral,risc-on,,0,risc-on,False,risc-on,40.0,55.0,5.0,0.0,0.0,0.0,False,No cal rebalancejar
weekly_friday,1989-12-22,78.89,positiu,neutral,positiu,positiu,neutral,risc-on,,0,risc-on,False,risc-on,40.0,55.0,5.0,0.0,0.0,0.0,False,No cal rebalancejar
weekly_thursday,1989-12-28,90.0,positiu,positiu,positiu,positiu,neutral,risc-on,,0,risc-on,False,risc-on,40.0,55.0,5.0,0.0,0.0,0.0,False,No cal rebalancejar
weekly_friday,1989-12-29,100.0,positiu,positiu,positiu,positiu,positiu,risc-on,,0,risc-on,False,risc-on,40.0,55.0,5.0,0.0,0.0,0.0,False,No cal rebalancejar
weekly_thursday,1990-01-04,90.0,positiu,positiu,positiu,positiu,neutral,risc-on,,0,risc-on,False,risc-on,40.0,55.0,5.0,0.0,0.0,0.0,False,No cal rebalancejar
weekly_friday,1990-01-05,90.0,positiu,positiu,positiu,positiu,neutral,risc-on,,0,risc-on,False,risc-on,40.0,55.0,5.0,0.0,0.0,0.0,False,No cal rebalancejar
weekly_thursday,1990-01-11,78.89,positiu,neutral,positiu,positiu,neutral,risc-on,,0,risc-on,False,risc-on,40.0,55.0,5.0,0.0,0.0,0.0,False,No cal rebalancejar
weekly_friday,1990-01-12,67.78,positiu,negatiu,positiu,positiu,neutral,risc-on,,0,risc-on,False,risc-on,40.0,55.0,5.0,0.0,0.0,0.0,False,No cal rebalancejar
weekly_thursday,1990-01-18,61.11,neutral,neutral,positiu,positiu,neutral,normal,normal,1,risc-on,False,risc-on,40.0,55.0,5.0,0.0,0.0,0.0,False,No cal rebalancejar
weekly_friday,1990-01-19,61.11,neutral,neutral,positiu,positiu,neutral,normal,normal,1,risc-on,False,risc-on,40.0,55.0,5.0,0.0,0.0,0.0,False,No cal rebalancejar
weekly_thursday,1990-01-25,43.34,neutral,negatiu,neutral,positiu,neutral,normal,normal,2,risc-on,False,risc-on,40.0,55.0,5.0,0.0,0.0,0.0,False,No cal rebalancejar
weekly_friday,1990-01-26,50.0,neutral,negatiu,positiu,positiu,neutral,normal,normal,2,risc-on,False,risc-on,40.0,55.0,5.0,0.0,0.0,0.0,False,No cal rebalancejar
weekly_thursday,1990-02-01,43.34,neutral,negatiu,neutral,positiu,neutral,normal,normal,3,risc-on,False,risc-on,40.0,55.0,5.0,0.0,0.0,0.0,False,No cal rebalancejar
weekly_friday,1990-02-02,50.0,neutral,negatiu,positiu,positiu,neutral,normal,normal,3,risc-on,False,risc-on,40.0,55.0,5.0,0.0,0.0,0.0,False,No cal rebalancejar
weekly_thursday,1990-02-08,43.34,neutral,negatiu,neutral,positiu,neutral,normal,,0,normal,False,normal,60.0,25.0,15.0,20.0,-30.0,10.0,True,Comprar 20 pp MSCI World; Vendre 30 pp Nasdaq; Comprar 10 pp Monetari
weekly_friday,1990-02-09,43.34,neutral,negatiu,neutral,positiu,neutral,normal,,0,normal,False,normal,60.0,25.0,15.0,20.0,-30.0,10.0,True,Comprar 20 pp MSCI World; Vendre 30 pp Nasdaq; Comprar 10 pp Monetari
weekly_thursday,1990-02-15,50.0,neutral,negatiu,positiu,positiu,neutral,normal,,0,normal,False,normal,60.0,25.0,15.0,0.0,0.0,0.0,False,No cal rebalancejar
weekly_friday,1990-02-16,50.0,neutral,negatiu,positiu,positiu,neutral,normal,,0,normal,False,normal,60.0,25.0,15.0,0.0,0.0,0.0,False,No cal rebalancejar
weekly_thursday,1990-02-22,43.34,neutral,negatiu,neutral,positiu,neutral,normal,,0,normal,False,normal,60.0,25.0,15.0,0.0,0.0,0.0,False,No cal rebalancejar
weekly_friday,1990-02-23,25.55,negatiu,negatiu,neutral,positiu,neutral,defensiu,defensiu,1,normal,False,normal,60.0,25.0,15.0,0.0,0.0,0.0,False,No cal rebalancejar
weekly_thursday,1990-03-01,25.55,negatiu,negatiu,neutral,positiu,neutral,defensiu,defensiu,1,normal,False,normal,60.0,25.0,15.0,0.0,0.0,0.0,False,No cal rebalancejar
weekly_friday,1990-03-02,36.66,negatiu,neutral,neutral,positiu,neutral,defensiu,defensiu,2,normal,False,normal,60.0,25.0,15.0,0.0,0.0,0.0,False,No cal rebalancejar
weekly_thursday,1990-03-08,36.66,negatiu,neutral,neutral,positiu,neutral,defensiu,defensiu,2,normal,False,normal,60.0,25.0,15.0,0.0,0.0,0.0,False,No cal rebalancejar
weekly_friday,1990-03-09,36.66,negatiu,neutral,neutral,positiu,neutral,defensiu,defensiu,3,normal,False,normal,60.0,25.0,15.0,0.0,0.0,0.0,False,No cal rebalancejar
weekly_thursday,1990-03-15,36.66,negatiu,neutral,neutral,positiu,neutral,defensiu,defensiu,3,normal,False,normal,60.0,25.0,15.0,0.0,0.0,0.0,False,No cal rebalancejar
weekly_friday,1990-03-16,36.66,negatiu,neutral,neutral,positiu,neutral,defensiu,,0,defensiu,False,defensiu,45.0,15.0,40.0,-15.0,-10.0,25.0,True,Vendre 15 pp MSCI World; Vendre 10 pp Nasdaq; Comprar 25 pp Monetari
weekly_thursday,1990-03-22,36.66,negatiu,neutral,neutral,positiu,neutral,defensiu,,0,defensiu,False,defensiu,45.0,15.0,40.0,0.0,0.0,0.0,False,No cal rebalancejar
weekly_friday,1990-03-23,36.66,negatiu,neutral,neutral,positiu,neutral,defensiu,,0,defensiu,False,defensiu,45.0,15.0,40.0,0.0,0.0,0.0,False,No cal rebalancejar
weekly_thursday,1990-03-29,36.66,negatiu,neutral,neutral,positiu,neutral,defensiu,,0,defensiu,False,defensiu,45.0,15.0,40.0,0.0,0.0,0.0,False,No cal rebalancejar
weekly_friday,1990-03-30,36.66,negatiu,neutral,neutral,positiu,neutral,defensiu,,0,defensiu,False,defensiu,45.0,15.0,40.0,0.0,0.0,0.0,False,No cal rebalancejar
weekly_thursday,1990-04-05,30.0,negatiu,neutral,negatiu,positiu,neutral,defensiu,,0,defensiu,False,defensiu,45.0,15.0,40.0,0.0,0.0,0.0,False,No cal rebalancejar
weekly_friday,1990-04-06,36.66,negatiu,neutral,neutral,positiu,neutral,defensiu,,0,defensiu,False,defensiu,45.0,15.0,40.0,0.0,0.0,0.0,False,No cal rebalancejar
weekly_thursday,1990-04-12,36.66,negatiu,neutral,neutral,positiu,neutral,defensiu,,0,defensiu,False,defensiu,45.0,15.0,40.0,0.0,0.0,0.0,False,No cal rebalancejar
weekly_friday,1990-04-13,36.66,negatiu,neutral,neutral,positiu,neutral,defensiu,,0,defensiu,False,defensiu,45.0,15.0,40.0,0.0,0.0,0.0,False,No cal rebalancejar
weekly_thursday,1990-04-19,36.66,negatiu,neutral,neutral,positiu,neutral,defensiu,,0,defensiu,False,defensiu,45.0,15.0,40.0,0.0,0.0,0.0,False,No cal rebalancejar
weekly_friday,1990-04-20,18.89,negatiu,negatiu,negatiu,positiu,neutral,defensiu,,0,defensiu,False,defensiu,45.0,15.0,40.0,0.0,0.0,0.0,False,No cal rebalancejar
weekly_thursday,1990-04-26,18.89,negatiu,negatiu,negatiu,positiu,neutral,defensiu,,0,defensiu,False,defensiu,45.0,15.0,40.0,0.0,0.0,0.0,False,No cal rebalancejar
weekly_friday,1990-04-27,18.89,negatiu,negatiu,negatiu,positiu,neutral,defensiu,,0,defensiu,False,defensiu,45.0,15.0,40.0,0.0,0.0,0.0,False,No cal rebalancejar
weekly_thursday,1990-05-03,18.89,negatiu,negatiu,negatiu,positiu,neutral,defensiu,,0,defensiu,False,defensiu,45.0,15.0,40.0,0.0,0.0,0.0,False,No cal rebalancejar
weekly_friday,1990-05-04,36.66,negatiu,neutral,neutral,positiu,neutral,defensiu,,0,defensiu,False,defensiu,45.0,15.0,40.0,0.0,0.0,0.0,False,No cal rebalancejar
weekly_thursday,1990-05-10,36.66,negatiu,neutral,neutral,positiu,neutral,defensiu,,0,defensiu,False,defensiu,45.0,15.0,40.0,0.0,0.0,0.0,False,No cal rebalancejar
weekly_friday,1990-05-11,36.66,negatiu,neutral,neutral,positiu,neutral,defensiu,,0,defensiu,False,defensiu,45.0,15.0,40.0,0.0,0.0,0.0,False,No cal rebalancejar
weekly_thursday,1990-05-17,65.56,neutral,positiu,neutral,positiu,neutral,normal,normal,1,defensiu,False,defensiu,45.0,15.0,40.0,0.0,0.0,0.0,False,No cal rebalancejar
weekly_friday,1990-05-18,65.56,neutral,positiu,neutral,positiu,neutral,normal,normal,1,defensiu,False,defensiu,45.0,15.0,40.0,0.0,0.0,0.0,False,No cal rebalancejar
weekly_thursday,1990-05-24,65.56,neutral,positiu,neutral,positiu,neutral,normal,normal,2,defensiu,False,defensiu,45.0,15.0,40.0,0.0,0.0,0.0,False,No cal rebalancejar
weekly_friday,1990-05-25,65.56,neutral,positiu,neutral,positiu,neutral,normal,normal,2,defensiu,False,defensiu,45.0,15.0,40.0,0.0,0.0,0.0,False,No cal rebalancejar
weekly_thursday,1990-05-31,65.56,neutral,positiu,neutral,positiu,neutral,normal,normal,3,defensiu,False,defensiu,45.0,15.0,40.0,0.0,0.0,0.0,False,No cal rebalancejar
weekly_friday,1990-06-01,72.22,neutral,positiu,positiu,positiu,neutral,normal,normal,3,defensiu,False,defensiu,45.0,15.0,40.0,0.0,0.0,0.0,False,No cal rebalancejar
weekly_thursday,1990-06-07,72.22,neutral,positiu,positiu,positiu,neutral,normal,,0,normal,False,normal,60.0,25.0,15.0,15.0,10.0,-25.0,True,Comprar 15 pp MSCI World; Comprar 10 pp Nasdaq; Vendre 25 pp Monetari
weekly_friday,1990-06-08,72.22,neutral,positiu,positiu,positiu,neutral,normal,,0,normal,False,normal,60.0,25.0,15.0,15.0,10.0,-25.0,True,Comprar 15 pp MSCI World; Comprar 10 pp Nasdaq; Vendre 25 pp Monetari
weekly_thursday,1990-06-14,72.22,neutral,positiu,positiu,positiu,neutral,normal,,0,normal,False,normal,60.0,25.0,15.0,0.0,0.0,0.0,False,No cal rebalancejar
weekly_friday,1990-06-15,65.56,neutral,positiu,neutral,positiu,neutral,normal,,0,normal,False,normal,60.0,25.0,15.0,0.0,0.0,0.0,False,No cal rebalancejar
weekly_thursday,1990-06-21,65.56,neutral,positiu,neutral,positiu,neutral,normal,,0,normal,False,normal,60.0,25.0,15.0,0.0,0.0,0.0,False,No cal rebalancejar
weekly_friday,1990-06-22,65.56,neutral,positiu,neutral,positiu,neutral,normal,,0,normal,False,normal,60.0,25.0,15.0,0.0,0.0,0.0,False,No cal rebalancejar
weekly_thursday,1990-06-28,65.56,neutral,positiu,neutral,positiu,neutral,normal,,0,normal,False,normal,60.0,25.0,15.0,0.0,0.0,0.0,False,No cal rebalancejar
weekly_friday,1990-06-29,65.56,neutral,positiu,neutral,positiu,neutral,normal,,0,normal,False,normal,60.0,25.0,15.0,0.0,0.0,0.0,False,No cal rebalancejar
weekly_thursday,1990-07-05,65.56,neutral,positiu,neutral,positiu,neutral,normal,,0,normal,False,normal,60.0,25.0,15.0,0.0,0.0,0.0,False,No cal rebalancejar
weekly_friday,1990-07-06,65.56,neutral,positiu,neutral,positiu,neutral,normal,,0,normal,False,normal,60.0,25.0,15.0,0.0,0.0,0.0,False,No cal rebalancejar
weekly_thursday,1990-07-12,65.56,neutral,positiu,neutral,positiu,neutral,normal,,0,normal,False,normal,60.0,25.0,15.0,0.0,0.0,0.0,False,No cal rebalancejar
weekly_friday,1990-07-13,65.56,neutral,positiu,neutral,positiu,neutral,normal,,0,normal,False,normal,60.0,25.0,15.0,0.0,0.0,0.0,False,No cal rebalancejar
weekly_thursday,1990-07-19,65.56,neutral,positiu,neutral,positiu,neutral,normal,,0,normal,False,normal,60.0,25.0,15.0,0.0,0.0,0.0,False,No cal rebalancejar
weekly_friday,1990-07-20,75.56,neutral,positiu,neutral,positiu,positiu,risc-on,risc-on,1,normal,False,normal,60.0,25.0,15.0,0.0,0.0,0.0,False,No cal rebalancejar
weekly_thursday,1990-07-26,54.45,neutral,neutral,neutral,positiu,neutral,normal,,0,normal,False,normal,60.0,25.0,15.0,0.0,0.0,0.0,False,No cal rebalancejar
weekly_friday,1990-07-27,54.45,neutral,neutral,neutral,positiu,neutral,normal,,0,normal,False,normal,60.0,25.0,15.0,0.0,0.0,0.0,False,No cal rebalancejar
weekly_thursday,1990-08-02,47.78,neutral,neutral,negatiu,positiu,neutral,normal,,0,normal,False,normal,60.0,25.0,15.0,0.0,0.0,0.0,False,No cal rebalancejar
weekly_friday,1990-08-03,18.89,negatiu,negatiu,negatiu,positiu,neutral,defensiu,defensiu,1,normal,False,normal,60.0,25.0,15.0,0.0,0.0,0.0,False,No cal rebalancejar
weekly_thursday,1990-08-09,18.89,negatiu,negatiu,negatiu,positiu,neutral,defensiu,defensiu,1,normal,False,normal,60.0,25.0,15.0,0.0,0.0,0.0,False,No cal rebalancejar
weekly_friday,1990-08-10,18.89,negatiu,negatiu,negatiu,positiu,neutral,defensiu,defensiu,2,normal,False,normal,60.0,25.0,15.0,0.0,0.0,0.0,False,No cal rebalancejar
weekly_thursday,1990-08-16,18.89,negatiu,negatiu,negatiu,positiu,neutral,defensiu,defensiu,2,normal,False,normal,60.0,25.0,15.0,0.0,0.0,0.0,False,No cal rebalancejar
weekly_friday,1990-08-17,18.89,negatiu,negatiu,negatiu,positiu,neutral,defensiu,defensiu,3,normal,False,normal,60.0,25.0,15.0,0.0,0.0,0.0,False,No cal rebalancejar
weekly_thursday,1990-08-23,18.89,negatiu,negatiu,negatiu,positiu,neutral,defensiu,defensiu,3,normal,False,normal,60.0,25.0,15.0,0.0,0.0,0.0,False,No cal rebalancejar
weekly_friday,1990-08-24,18.89,negatiu,negatiu,negatiu,positiu,neutral,defensiu,,0,defensiu,False,defensiu,45.0,15.0,40.0,-15.0,-10.0,25.0,True,Vendre 15 pp MSCI World; Vendre 10 pp Nasdaq; Comprar 25 pp Monetari
weekly_thursday,1990-08-30,18.89,negatiu,negatiu,negatiu,positiu,neutral,defensiu,,0,defensiu,False,defensiu,45.0,15.0,40.0,0.0,0.0,0.0,False,No cal rebalancejar
weekly_friday,1990-08-31,18.89,negatiu,negatiu,negatiu,positiu,neutral,defensiu,,0,defensiu,False,defensiu,45.0,15.0,40.0,0.0,0.0,0.0,False,No cal rebalancejar
weekly_thursday,1990-09-06,18.89,negatiu,negatiu,negatiu,positiu,neutral,defensiu,,0,defensiu,False,defensiu,45.0,15.0,40.0,0.0,0.0,0.0,False,No cal rebalancejar
weekly_friday,1990-09-07,18.89,negatiu,negatiu,negatiu,positiu,neutral,defensiu,,0,defensiu,False,defensiu,45.0,15.0,40.0,0.0,0.0,0.0,False,No cal rebalancejar
weekly_thursday,1990-09-13,18.89,negatiu,negatiu,negatiu,positiu,neutral,defensiu,,0,defensiu,False,defensiu,45.0,15.0,40.0,0.0,0.0,0.0,False,No cal rebalancejar
weekly_friday,1990-09-14,28.89,negatiu,negatiu,negatiu,positiu,positiu,defensiu,,0,defensiu,False,defensiu,45.0,15.0,40.0,0.0,0.0,0.0,False,No cal rebalancejar
weekly_thursday,1990-09-20,18.89,negatiu,negatiu,negatiu,positiu,neutral,defensiu,,0,defensiu,False,defensiu,45.0,15.0,40.0,0.0,0.0,0.0,False,No cal rebalancejar
weekly_friday,1990-09-21,18.89,negatiu,negatiu,negatiu,positiu,neutral,defensiu,,0,defensiu,False,defensiu,45.0,15.0,40.0,0.0,0.0,0.0,False,No cal rebalancejar
weekly_thursday,1990-09-27,18.89,negatiu,negatiu,negatiu,positiu,neutral,defensiu,,0,defensiu,False,defensiu,45.0,15.0,40.0,0.0,0.0,0.0,False,No cal rebalancejar
weekly_friday,1990-09-28,18.89,negatiu,negatiu,negatiu,positiu,neutral,defensiu,,0,defensiu,False,defensiu,45.0,15.0,40.0,0.0,0.0,0.0,False,No cal rebalancejar
weekly_thursday,1990-10-04,14.45,negatiu,negatiu,negatiu,neutral,neutral,defensiu,,0,defensiu,False,defensiu,45.0,15.0,40.0,0.0,0.0,0.0,False,No cal rebalancejar
weekly_friday,1990-10-05,14.45,negatiu,negatiu,negatiu,neutral,neutral,defensiu,,0,defensiu,False,defensiu,45.0,15.0,40.0,0.0,0.0,0.0,False,No cal rebalancejar
weekly_thursday,1990-10-11,14.45,negatiu,negatiu,negatiu,neutral,neutral,defensiu,,0,defensiu,False,defensiu,45.0,15.0,40.0,0.0,0.0,0.0,False,No cal rebalancejar
weekly_friday,1990-10-12,24.45,negatiu,negatiu,negatiu,neutral,positiu,defensiu,,0,defensiu,False,defensiu,45.0,15.0,40.0,0.0,0.0,0.0,False,No cal rebalancejar
weekly_thursday,1990-10-18,14.45,negatiu,negatiu,negatiu,neutral,neutral,defensiu,,0,defensiu,False,defensiu,45.0,15.0,40.0,0.0,0.0,0.0,False,No cal rebalancejar
weekly_friday,1990-10-19,14.45,negatiu,negatiu,negatiu,neutral,neutral,defensiu,,0,defensiu,False,defensiu,45.0,15.0,40.0,0.0,0.0,0.0,False,No cal rebalancejar
weekly_thursday,1990-10-25,14.45,negatiu,negatiu,negatiu,neutral,neutral,defensiu,,0,defensiu,False,defensiu,45.0,15.0,40.0,0.0,0.0,0.0,False,No cal rebalancejar
weekly_friday,1990-10-26,24.45,negatiu,negatiu,negatiu,neutral,positiu,defensiu,,0,defensiu,False,defensiu,45.0,15.0,40.0,0.0,0.0,0.0,False,No cal rebalancejar
weekly_thursday,1990-11-01,14.45,negatiu,negatiu,negatiu,neutral,neutral,defensiu,,0,defensiu,False,defensiu,45.0,15.0,40.0,0.0,0.0,0.0,False,No cal rebalancejar
weekly_friday,1990-11-02,14.45,negatiu,negatiu,negatiu,neutral,neutral,defensiu,,0,defensiu,False,defensiu,45.0,15.0,40.0,0.0,0.0,0.0,False,No cal rebalancejar
weekly_thursday,1990-11-08,24.45,negatiu,negatiu,negatiu,neutral,positiu,defensiu,,0,defensiu,False,defensiu,45.0,15.0,40.0,0.0,0.0,0.0,False,No cal rebalancejar
weekly_friday,1990-11-09,24.45,negatiu,negatiu,negatiu,neutral,positiu,defensiu,,0,defensiu,False,defensiu,45.0,15.0,40.0,0.0,0.0,0.0,False,No cal rebalancejar
weekly_thursday,1990-11-15,14.45,negatiu,negatiu,negatiu,neutral,neutral,defensiu,,0,defensiu,False,defensiu,45.0,15.0,40.0,0.0,0.0,0.0,False,No cal rebalancejar
weekly_friday,1990-11-16,24.45,negatiu,negatiu,negatiu,neutral,positiu,defensiu,,0,defensiu,False,defensiu,45.0,15.0,40.0,0.0,0.0,0.0,False,No cal rebalancejar
weekly_thursday,1990-11-22,24.45,negatiu,negatiu,negatiu,neutral,positiu,defensiu,,0,defensiu,False,defensiu,45.0,15.0,40.0,0.0,0.0,0.0,False,No cal rebalancejar
weekly_friday,1990-11-23,28.89,negatiu,negatiu,negatiu,positiu,positiu,defensiu,,0,defensiu,False,defensiu,45.0,15.0,40.0,0.0,0.0,0.0,False,No cal rebalancejar
weekly_thursday,1990-11-29,28.89,negatiu,negatiu,negatiu,positiu,positiu,defensiu,,0,defensiu,False,defensiu,45.0,15.0,40.0,0.0,0.0,0.0,False,No cal rebalancejar
weekly_friday,1990-11-30,28.89,negatiu,negatiu,negatiu,positiu,positiu,defensiu,,0,defensiu,False,defensiu,45.0,15.0,40.0,0.0,0.0,0.0,False,No cal rebalancejar
weekly_thursday,1990-12-06,28.89,negatiu,negatiu,negatiu,positiu,positiu,defensiu,,0,defensiu,False,defensiu,45.0,15.0,40.0,0.0,0.0,0.0,False,No cal rebalancejar
weekly_friday,1990-12-07,46.67,neutral,negatiu,negatiu,positiu,positiu,defensiu,,0,defensiu,False,defensiu,45.0,15.0,40.0,0.0,0.0,0.0,False,No cal rebalancejar
weekly_thursday,1990-12-13,46.67,neutral,negatiu,negatiu,positiu,positiu,defensiu,,0,defensiu,False,defensiu,45.0,15.0,40.0,0.0,0.0,0.0,False,No cal rebalancejar
weekly_friday,1990-12-14,46.67,neutral,negatiu,negatiu,positiu,positiu,defensiu,,0,defensiu,False,defensiu,45.0,15.0,40.0,0.0,0.0,0.0,False,No cal rebalancejar
weekly_thursday,1990-12-20,40.0,negatiu,neutral,negatiu,positiu,positiu,defensiu,,0,defensiu,False,defensiu,45.0,15.0,40.0,0.0,0.0,0.0,False,No cal rebalancejar
weekly_friday,1990-12-21,40.0,negatiu,neutral,negatiu,positiu,positiu,defensiu,,0,defensiu,False,defensiu,45.0,15.0,40.0,0.0,0.0,0.0,False,No cal rebalancejar
weekly_thursday,1990-12-27,18.89,negatiu,negatiu,negatiu,positiu,neutral,defensiu,,0,defensiu,False,defensiu,45.0,15.0,40.0,0.0,0.0,0.0,False,No cal rebalancejar
weekly_friday,1990-12-28,28.89,negatiu,negatiu,negatiu,positiu,positiu,defensiu,,0,defensiu,False,defensiu,45.0,15.0,40.0,0.0,0.0,0.0,False,No cal rebalancejar
weekly_thursday,1991-01-03,28.89,negatiu,negatiu,negatiu,positiu,positiu,defensiu,,0,defensiu,False,defensiu,45.0,15.0,40.0,0.0,0.0,0.0,False,No cal rebalancejar
weekly_friday,1991-01-04,28.89,negatiu,negatiu,negatiu,positiu,positiu,defensiu,,0,defensiu,False,defensiu,45.0,15.0,40.0,0.0,0.0,0.0,False,No cal rebalancejar
weekly_thursday,1991-01-10,28.89,negatiu,negatiu,negatiu,positiu,positiu,defensiu,,0,defensiu,False,defensiu,45.0,15.0,40.0,0.0,0.0,0.0,False,No cal rebalancejar
weekly_friday,1991-01-11,28.89,negatiu,negatiu,negatiu,positiu,positiu,defensiu,,0,defensiu,False,defensiu,45.0,15.0,40.0,0.0,0.0,0.0,False,No cal rebalancejar
weekly_thursday,1991-01-17,40.0,negatiu,neutral,negatiu,positiu,positiu,defensiu,,0,defensiu,False,defensiu,45.0,15.0,40.0,0.0,0.0,0.0,False,No cal rebalancejar
weekly_friday,1991-01-18,51.11,negatiu,positiu,negatiu,positiu,positiu,normal,normal,1,defensiu,False,defensiu,45.0,15.0,40.0,0.0,0.0,0.0,False,No cal rebalancejar
weekly_thursday,1991-01-24,51.11,negatiu,positiu,negatiu,positiu,positiu,normal,normal,1,defensiu,False,defensiu,45.0,15.0,40.0,0.0,0.0,0.0,False,No cal rebalancejar
weekly_friday,1991-01-25,68.89,neutral,positiu,negatiu,positiu,positiu,normal,normal,2,defensiu,False,defensiu,45.0,15.0,40.0,0.0,0.0,0.0,False,No cal rebalancejar
weekly_thursday,1991-01-31,58.89,neutral,positiu,negatiu,positiu,neutral,normal,normal,2,defensiu,False,defensiu,45.0,15.0,40.0,0.0,0.0,0.0,False,No cal rebalancejar
weekly_friday,1991-02-01,68.89,neutral,positiu,negatiu,positiu,positiu,normal,normal,3,defensiu,False,defensiu,45.0,15.0,40.0,0.0,0.0,0.0,False,No cal rebalancejar
weekly_thursday,1991-02-07,86.67,positiu,positiu,negatiu,positiu,positiu,risc-on,risc-on,1,defensiu,False,defensiu,45.0,15.0,40.0,0.0,0.0,0.0,False,No cal rebalancejar
weekly_friday,1991-02-08,86.67,positiu,positiu,negatiu,positiu,positiu,risc-on,risc-on,1,defensiu,False,defensiu,45.0,15.0,40.0,0.0,0.0,0.0,False,No cal rebalancejar
weekly_thursday,1991-02-14,93.34,positiu,positiu,neutral,positiu,positiu,risc-on,risc-on,2,defensiu,False,defensiu,45.0,15.0,40.0,0.0,0.0,0.0,False,No cal rebalancejar
weekly_friday,1991-02-15,93.34,positiu,positiu,neutral,positiu,positiu,risc-on,risc-on,2,defensiu,False,defensiu,45.0,15.0,40.0,0.0,0.0,0.0,False,No cal rebalancejar
weekly_thursday,1991-02-21,93.34,positiu,positiu,neutral,positiu,positiu,risc-on,risc-on,3,defensiu,False,defensiu,45.0,15.0,40.0,0.0,0.0,0.0,False,No cal rebalancejar
weekly_friday,1991-02-22,93.34,positiu,positiu,neutral,positiu,positiu,risc-on,risc-on,3,defensiu,False,defensiu,45.0,15.0,40.0,0.0,0.0,0.0,False,No cal rebalancejar
weekly_thursday,1991-02-28,93.34,positiu,positiu,neutral,positiu,positiu,risc-on,,0,risc-on,False,risc-on,40.0,55.0,5.0,-5.0,40.0,-35.0,True,Vendre 5 pp MSCI World; Comprar 40 pp Nasdaq; Vendre 35 pp Monetari
weekly_friday,1991-03-01,93.34,positiu,positiu,neutral,positiu,positiu,risc-on,,0,risc-on,False,risc-on,40.0,55.0,5.0,-5.0,40.0,-35.0,True,Vendre 5 pp MSCI World; Comprar 40 pp Nasdaq; Vendre 35 pp Monetari
weekly_thursday,1991-03-07,93.34,positiu,positiu,neutral,positiu,positiu,risc-on,,0,risc-on,False,risc-on,40.0,55.0,5.0,0.0,0.0,0.0,False,No cal rebalancejar
weekly_friday,1991-03-08,93.34,positiu,positiu,neutral,positiu,positiu,risc-on,,0,risc-on,False,risc-on,40.0,55.0,5.0,0.0,0.0,0.0,False,No cal rebalancejar
weekly_thursday,1991-03-14,100.0,positiu,positiu,positiu,positiu,positiu,risc-on,,0,risc-on,False,risc-on,40.0,55.0,5.0,0.0,0.0,0.0,False,No cal rebalancejar
weekly_friday,1991-03-15,100.0,positiu,positiu,positiu,positiu,positiu,risc-on,,0,risc-on,False,risc-on,40.0,55.0,5.0,0.0,0.0,0.0,False,No cal rebalancejar
weekly_thursday,1991-03-21,93.34,positiu,positiu,neutral,positiu,positiu,risc-on,,0,risc-on,False,risc-on,40.0,55.0,5.0,0.0,0.0,0.0,False,No cal rebalancejar
weekly_friday,1991-03-22,93.34,positiu,positiu,neutral,positiu,positiu,risc-on,,0,risc-on,False,risc-on,40.0,55.0,5.0,0.0,0.0,0.0,False,No cal rebalancejar
weekly_thursday,1991-03-28,93.34,positiu,positiu,neutral,positiu,positiu,risc-on,,0,risc-on,False,risc-on,40.0,55.0,5.0,0.0,0.0,0.0,False,No cal rebalancejar
weekly_friday,1991-03-29,93.34,positiu,positiu,neutral,positiu,positiu,risc-on,,0,risc-on,False,risc-on,40.0,55.0,5.0,0.0,0.0,0.0,False,No cal rebalancejar
weekly_thursday,1991-04-04,100.0,positiu,positiu,positiu,positiu,positiu,risc-on,,0,risc-on,False,risc-on,40.0,55.0,5.0,0.0,0.0,0.0,False,No cal rebalancejar
weekly_friday,1991-04-05,100.0,positiu,positiu,positiu,positiu,positiu,risc-on,,0,risc-on,False,risc-on,40.0,55.0,5.0,0.0,0.0,0.0,False,No cal rebalancejar
weekly_thursday,1991-04-11,100.0,positiu,positiu,positiu,positiu,positiu,risc-on,,0,risc-on,False,risc-on,40.0,55.0,5.0,0.0,0.0,0.0,False,No cal rebalancejar
weekly_friday,1991-04-12,100.0,positiu,positiu,positiu,positiu,positiu,risc-on,,0,risc-on,False,risc-on,40.0,55.0,5.0,0.0,0.0,0.0,False,No cal rebalancejar
weekly_thursday,1991-04-18,100.0,positiu,positiu,positiu,positiu,positiu,risc-on,,0,risc-on,False,risc-on,40.0,55.0,5.0,0.0,0.0,0.0,False,No cal rebalancejar
weekly_friday,1991-04-19,100.0,positiu,positiu,positiu,positiu,positiu,risc-on,,0,risc-on,False,risc-on,40.0,55.0,5.0,0.0,0.0,0.0,False,No cal rebalancejar
weekly_thursday,1991-04-25,93.34,positiu,positiu,neutral,positiu,positiu,risc-on,,0,risc-on,False,risc-on,40.0,55.0,5.0,0.0,0.0,0.0,False,No cal rebalancejar
weekly_friday,1991-04-26,93.34,positiu,positiu,neutral,positiu,positiu,risc-on,,0,risc-on,False,risc-on,40.0,55.0,5.0,0.0,0.0,0.0,False,No cal rebalancejar
weekly_thursday,1991-05-02,93.34,positiu,positiu,neutral,positiu,positiu,risc-on,,0,risc-on,False,risc-on,40.0,55.0,5.0,0.0,0.0,0.0,False,No cal rebalancejar
weekly_friday,1991-05-03,93.34,positiu,positiu,neutral,positiu,positiu,risc-on,,0,risc-on,False,risc-on,40.0,55.0,5.0,0.0,0.0,0.0,False,No cal rebalancejar
weekly_thursday,1991-05-09,93.34,positiu,positiu,neutral,positiu,positiu,risc-on,,0,risc-on,False,risc-on,40.0,55.0,5.0,0.0,0.0,0.0,False,No cal rebalancejar
weekly_friday,1991-05-10,93.34,positiu,positiu,neutral,positiu,positiu,risc-on,,0,risc-on,False,risc-on,40.0,55.0,5.0,0.0,0.0,0.0,False,No cal rebalancejar
weekly_thursday,1991-05-16,93.34,positiu,positiu,neutral,positiu,positiu,risc-on,,0,risc-on,False,risc-on,40.0,55.0,5.0,0.0,0.0,0.0,False,No cal rebalancejar
weekly_friday,1991-05-17,93.34,positiu,positiu,neutral,positiu,positiu,risc-on,,0,risc-on,False,risc-on,40.0,55.0,5.0,0.0,0.0,0.0,False,No cal rebalancejar
weekly_thursday,1991-05-23,93.34,positiu,positiu,neutral,positiu,positiu,risc-on,,0,risc-on,False,risc-on,40.0,55.0,5.0,0.0,0.0,0.0,False,No cal rebalancejar
weekly_friday,1991-05-24,93.34,positiu,positiu,neutral,positiu,positiu,risc-on,,0,risc-on,False,risc-on,40.0,55.0,5.0,0.0,0.0,0.0,False,No cal rebalancejar
weekly_thursday,1991-05-30,93.34,positiu,positiu,neutral,positiu,positiu,risc-on,,0,risc-on,False,risc-on,40.0,55.0,5.0,0.0,0.0,0.0,False,No cal rebalancejar
weekly_friday,1991-05-31,93.34,positiu,positiu,neutral,positiu,positiu,risc-on,,0,risc-on,False,risc-on,40.0,55.0,5.0,0.0,0.0,0.0,False,No cal rebalancejar
weekly_thursday,1991-06-06,93.34,positiu,positiu,neutral,positiu,positiu,risc-on,,0,risc-on,False,risc-on,40.0,55.0,5.0,0.0,0.0,0.0,False,No cal rebalancejar
weekly_friday,1991-06-07,93.34,positiu,positiu,neutral,positiu,positiu,risc-on,,0,risc-on,False,risc-on,40.0,55.0,5.0,0.0,0.0,0.0,False,No cal rebalancejar
weekly_thursday,1991-06-13,75.56,neutral,positiu,neutral,positiu,positiu,risc-on,,0,risc-on,False,risc-on,40.0,55.0,5.0,0.0,0.0,0.0,False,No cal rebalancejar
weekly_friday,1991-06-14,93.34,positiu,positiu,neutral,positiu,positiu,risc-on,,0,risc-on,False,risc-on,40.0,55.0,5.0,0.0,0.0,0.0,False,No cal rebalancejar
weekly_thursday,1991-06-20,75.56,neutral,positiu,neutral,positiu,positiu,risc-on,,0,risc-on,False,risc-on,40.0,55.0,5.0,0.0,0.0,0.0,False,No cal rebalancejar
weekly_friday,1991-06-21,75.56,neutral,positiu,neutral,positiu,positiu,risc-on,,0,risc-on,False,risc-on,40.0,55.0,5.0,0.0,0.0,0.0,False,No cal rebalancejar
weekly_thursday,1991-06-27,68.89,neutral,positiu,negatiu,positiu,positiu,risc-on,,0,risc-on,False,risc-on,40.0,55.0,5.0,0.0,0.0,0.0,False,No cal rebalancejar
weekly_friday,1991-06-28,68.89,neutral,positiu,negatiu,positiu,positiu,risc-on,,0,risc-on,False,risc-on,40.0,55.0,5.0,0.0,0.0,0.0,False,No cal rebalancejar
weekly_thursday,1991-07-04,68.89,neutral,positiu,negatiu,positiu,positiu,risc-on,,0,risc-on,False,risc-on,40.0,55.0,5.0,0.0,0.0,0.0,False,No cal rebalancejar
weekly_friday,1991-07-05,68.89,neutral,positiu,negatiu,positiu,positiu,risc-on,,0,risc-on,False,risc-on,40.0,55.0,5.0,0.0,0.0,0.0,False,No cal rebalancejar
weekly_thursday,1991-07-11,68.89,neutral,positiu,negatiu,positiu,positiu,risc-on,,0,risc-on,False,risc-on,40.0,55.0,5.0,0.0,0.0,0.0,False,No cal rebalancejar
weekly_friday,1991-07-12,68.89,neutral,positiu,negatiu,positiu,positiu,risc-on,,0,risc-on,False,risc-on,40.0,55.0,5.0,0.0,0.0,0.0,False,No cal rebalancejar
weekly_thursday,1991-07-18,75.56,neutral,positiu,neutral,positiu,positiu,risc-on,,0,risc-on,False,risc-on,40.0,55.0,5.0,0.0,0.0,0.0,False,No cal rebalancejar
weekly_friday,1991-07-19,75.56,neutral,positiu,neutral,positiu,positiu,risc-on,,0,risc-on,False,risc-on,40.0,55.0,5.0,0.0,0.0,0.0,False,No cal rebalancejar
weekly_thursday,1991-07-25,75.56,neutral,positiu,neutral,positiu,positiu,risc-on,,0,risc-on,False,risc-on,40.0,55.0,5.0,0.0,0.0,0.0,False,No cal rebalancejar
weekly_friday,1991-07-26,75.56,neutral,positiu,neutral,positiu,positiu,risc-on,,0,risc-on,False,risc-on,40.0,55.0,5.0,0.0,0.0,0.0,False,No cal rebalancejar
weekly_thursday,1991-08-01,93.34,positiu,positiu,neutral,positiu,positiu,risc-on,,0,risc-on,False,risc-on,40.0,55.0,5.0,0.0,0.0,0.0,False,No cal rebalancejar
weekly_friday,1991-08-02,93.34,positiu,positiu,neutral,positiu,positiu,risc-on,,0,risc-on,False,risc-on,40.0,55.0,5.0,0.0,0.0,0.0,False,No cal rebalancejar
weekly_thursday,1991-08-08,93.34,positiu,positiu,neutral,positiu,positiu,risc-on,,0,risc-on,False,risc-on,40.0,55.0,5.0,0.0,0.0,0.0,False,No cal rebalancejar
weekly_friday,1991-08-09,75.56,neutral,positiu,neutral,positiu,positiu,risc-on,,0,risc-on,False,risc-on,40.0,55.0,5.0,0.0,0.0,0.0,False,No cal rebalancejar
weekly_thursday,1991-08-15,82.22,neutral,positiu,positiu,positiu,positiu,risc-on,,0,risc-on,False,risc-on,40.0,55.0,5.0,0.0,0.0,0.0,False,No cal rebalancejar
weekly_friday,1991-08-16,82.22,neutral,positiu,positiu,positiu,positiu,risc-on,,0,risc-on,False,risc-on,40.0,55.0,5.0,0.0,0.0,0.0,False,No cal rebalancejar
weekly_thursday,1991-08-22,82.22,neutral,positiu,positiu,positiu,positiu,risc-on,,0,risc-on,False,risc-on,40.0,55.0,5.0,0.0,0.0,0.0,False,No cal rebalancejar
weekly_friday,1991-08-23,82.22,neutral,positiu,positiu,positiu,positiu,risc-on,,0,risc-on,False,risc-on,40.0,55.0,5.0,0.0,0.0,0.0,False,No cal rebalancejar
weekly_thursday,1991-08-29,82.22,neutral,positiu,positiu,positiu,positiu,risc-on,,0,risc-on,False,risc-on,40.0,55.0,5.0,0.0,0.0,0.0,False,No cal rebalancejar
weekly_friday,1991-08-30,82.22,neutral,positiu,positiu,positiu,positiu,risc-on,,0,risc-on,False,risc-on,40.0,55.0,5.0,0.0,0.0,0.0,False,No cal rebalancejar
weekly_thursday,1991-09-05,82.22,neutral,positiu,positiu,positiu,positiu,risc-on,,0,risc-on,False,risc-on,40.0,55.0,5.0,0.0,0.0,0.0,False,No cal rebalancejar
weekly_friday,1991-09-06,82.22,neutral,positiu,positiu,positiu,positiu,risc-on,,0,risc-on,False,risc-on,40.0,55.0,5.0,0.0,0.0,0.0,False,No cal rebalancejar
weekly_thursday,1991-09-12,82.22,neutral,positiu,positiu,positiu,positiu,risc-on,,0,risc-on,False,risc-on,40.0,55.0,5.0,0.0,0.0,0.0,False,No cal rebalancejar
weekly_friday,1991-09-13,82.22,neutral,positiu,positiu,positiu,positiu,risc-on,,0,risc-on,False,risc-on,40.0,55.0,5.0,0.0,0.0,0.0,False,No cal rebalancejar
weekly_thursday,1991-09-19,82.22,neutral,positiu,positiu,positiu,positiu,risc-on,,0,risc-on,False,risc-on,40.0,55.0,5.0,0.0,0.0,0.0,False,No cal rebalancejar
weekly_friday,1991-09-20,82.22,neutral,positiu,positiu,positiu,positiu,risc-on,,0,risc-on,False,risc-on,40.0,55.0,5.0,0.0,0.0,0.0,False,No cal rebalancejar
weekly_thursday,1991-09-26,82.22,neutral,positiu,positiu,positiu,positiu,risc-on,,0,risc-on,False,risc-on,40.0,55.0,5.0,0.0,0.0,0.0,False,No cal rebalancejar
weekly_friday,1991-09-27,82.22,neutral,positiu,positiu,positiu,positiu,risc-on,,0,risc-on,False,risc-on,40.0,55.0,5.0,0.0,0.0,0.0,False,No cal rebalancejar
weekly_thursday,1991-10-03,100.0,positiu,positiu,positiu,positiu,positiu,risc-on,,0,risc-on,False,risc-on,40.0,55.0,5.0,0.0,0.0,0.0,False,No cal rebalancejar
weekly_friday,1991-10-04,100.0,positiu,positiu,positiu,positiu,positiu,risc-on,,0,risc-on,False,risc-on,40.0,55.0,5.0,0.0,0.0,0.0,False,No cal rebalancejar
weekly_thursday,1991-10-10,82.22,neutral,positiu,positiu,positiu,positiu,risc-on,,0,risc-on,False,risc-on,40.0,55.0,5.0,0.0,0.0,0.0,False,No cal rebalancejar
weekly_friday,1991-10-11,82.22,neutral,positiu,positiu,positiu,positiu,risc-on,,0,risc-on,False,risc-on,40.0,55.0,5.0,0.0,0.0,0.0,False,No cal rebalancejar
weekly_thursday,1991-10-17,100.0,positiu,positiu,positiu,positiu,positiu,risc-on,,0,risc-on,False,risc-on,40.0,55.0,5.0,0.0,0.0,0.0,False,No cal rebalancejar
weekly_friday,1991-10-18,100.0,positiu,positiu,positiu,positiu,positiu,risc-on,,0,risc-on,False,risc-on,40.0,55.0,5.0,0.0,0.0,0.0,False,No cal rebalancejar
weekly_thursday,1991-10-24,82.22,neutral,positiu,positiu,positiu,positiu,risc-on,,0,risc-on,False,risc-on,40.0,55.0,5.0,0.0,0.0,0.0,False,No cal rebalancejar
weekly_friday,1991-10-25,82.22,neutral,positiu,positiu,positiu,positiu,risc-on,,0,risc-on,False,risc-on,40.0,55.0,5.0,0.0,0.0,0.0,False,No cal rebalancejar
weekly_thursday,1991-10-31,100.0,positiu,positiu,positiu,positiu,positiu,risc-on,,0,risc-on,False,risc-on,40.0,55.0,5.0,0.0,0.0,0.0,False,No cal rebalancejar
weekly_friday,1991-11-01,100.0,positiu,positiu,positiu,positiu,positiu,risc-on,,0,risc-on,False,risc-on,40.0,55.0,5.0,0.0,0.0,0.0,False,No cal rebalancejar
weekly_thursday,1991-11-07,100.0,positiu,positiu,positiu,positiu,positiu,risc-on,,0,risc-on,False,risc-on,40.0,55.0,5.0,0.0,0.0,0.0,False,No cal rebalancejar
weekly_friday,1991-11-08,100.0,positiu,positiu,positiu,positiu,positiu,risc-on,,0,risc-on,False,risc-on,40.0,55.0,5.0,0.0,0.0,0.0,False,No cal rebalancejar
weekly_thursday,1991-11-14,100.0,positiu,positiu,positiu,positiu,positiu,risc-on,,0,risc-on,False,risc-on,40.0,55.0,5.0,0.0,0.0,0.0,False,No cal rebalancejar
weekly_friday,1991-11-15,82.22,neutral,positiu,positiu,positiu,positiu,risc-on,,0,risc-on,False,risc-on,40.0,55.0,5.0,0.0,0.0,0.0,False,No cal rebalancejar
weekly_thursday,1991-11-21,82.22,neutral,positiu,positiu,positiu,positiu,risc-on,,0,risc-on,False,risc-on,40.0,55.0,5.0,0.0,0.0,0.0,False,No cal rebalancejar
weekly_friday,1991-11-22,82.22,neutral,positiu,positiu,positiu,positiu,risc-on,,0,risc-on,False,risc-on,40.0,55.0,5.0,0.0,0.0,0.0,False,No cal rebalancejar
weekly_thursday,1991-11-28,82.22,neutral,positiu,positiu,positiu,positiu,risc-on,,0,risc-on,False,risc-on,40.0,55.0,5.0,0.0,0.0,0.0,False,No cal rebalancejar
weekly_friday,1991-11-29,82.22,neutral,positiu,positiu,positiu,positiu,risc-on,,0,risc-on,False,risc-on,40.0,55.0,5.0,0.0,0.0,0.0,False,No cal rebalancejar
weekly_thursday,1991-12-05,82.22,neutral,positiu,positiu,positiu,positiu,risc-on,,0,risc-on,False,risc-on,40.0,55.0,5.0,0.0,0.0,0.0,False,No cal rebalancejar
weekly_friday,1991-12-06,82.22,neutral,positiu,positiu,positiu,positiu,risc-on,,0,risc-on,False,risc-on,40.0,55.0,5.0,0.0,0.0,0.0,False,No cal rebalancejar
weekly_thursday,1991-12-12,82.22,neutral,positiu,positiu,positiu,positiu,risc-on,,0,risc-on,False,risc-on,40.0,55.0,5.0,0.0,0.0,0.0,False,No cal rebalancejar
weekly_friday,1991-12-13,82.22,neutral,positiu,positiu,positiu,positiu,risc-on,,0,risc-on,False,risc-on,40.0,55.0,5.0,0.0,0.0,0.0,False,No cal rebalancejar
weekly_thursday,1991-12-19,82.22,neutral,positiu,positiu,positiu,positiu,risc-on,,0,risc-on,False,risc-on,40.0,55.0,5.0,0.0,0.0,0.0,False,No cal rebalancejar
weekly_friday,1991-12-20,82.22,neutral,positiu,positiu,positiu,positiu,risc-on,,0,risc-on,False,risc-on,40.0,55.0,5.0,0.0,0.0,0.0,False,No cal rebalancejar
weekly_thursday,1991-12-26,82.22,neutral,positiu,positiu,positiu,positiu,risc-on,,0,risc-on,False,risc-on,40.0,55.0,5.0,0.0,0.0,0.0,False,No cal rebalancejar
weekly_friday,1991-12-27,100.0,positiu,positiu,positiu,positiu,positiu,risc-on,,0,risc-on,False,risc-on,40.0,55.0,5.0,0.0,0.0,0.0,False,No cal rebalancejar
weekly_thursday,1992-01-02,100.0,positiu,positiu,positiu,positiu,positiu,risc-on,,0,risc-on,False,risc-on,40.0,55.0,5.0,0.0,0.0,0.0,False,No cal rebalancejar
weekly_friday,1992-01-03,100.0,positiu,positiu,positiu,positiu,positiu,risc-on,,0,risc-on,False,risc-on,40.0,55.0,5.0,0.0,0.0,0.0,False,No cal rebalancejar
weekly_thursday,1992-01-09,100.0,positiu,positiu,positiu,positiu,positiu,risc-on,,0,risc-on,False,risc-on,40.0,55.0,5.0,0.0,0.0,0.0,False,No cal rebalancejar
weekly_friday,1992-01-10,100.0,positiu,positiu,positiu,positiu,positiu,risc-on,,0,risc-on,False,risc-on,40.0,55.0,5.0,0.0,0.0,0.0,False,No cal rebalancejar
weekly_thursday,1992-01-16,82.22,neutral,positiu,positiu,positiu,positiu,risc-on,,0,risc-on,False,risc-on,40.0,55.0,5.0,0.0,0.0,0.0,False,No cal rebalancejar
weekly_friday,1992-01-17,82.22,neutral,positiu,positiu,positiu,positiu,risc-on,,0,risc-on,False,risc-on,40.0,55.0,5.0,0.0,0.0,0.0,False,No cal rebalancejar
weekly_thursday,1992-01-23,100.0,positiu,positiu,positiu,positiu,positiu,risc-on,,0,risc-on,False,risc-on,40.0,55.0,5.0,0.0,0.0,0.0,False,No cal rebalancejar
weekly_friday,1992-01-24,82.22,neutral,positiu,positiu,positiu,positiu,risc-on,,0,risc-on,False,risc-on,40.0,55.0,5.0,0.0,0.0,0.0,False,No cal rebalancejar
weekly_thursday,1992-01-30,75.56,neutral,positiu,neutral,positiu,positiu,risc-on,,0,risc-on,False,risc-on,40.0,55.0,5.0,0.0,0.0,0.0,False,No cal rebalancejar
weekly_friday,1992-01-31,93.34,positiu,positiu,neutral,positiu,positiu,risc-on,,0,risc-on,False,risc-on,40.0,55.0,5.0,0.0,0.0,0.0,False,No cal rebalancejar
weekly_thursday,1992-02-06,93.34,positiu,positiu,neutral,positiu,positiu,risc-on,,0,risc-on,False,risc-on,40.0,55.0,5.0,0.0,0.0,0.0,False,No cal rebalancejar
weekly_friday,1992-02-07,93.34,positiu,positiu,neutral,positiu,positiu,risc-on,,0,risc-on,False,risc-on,40.0,55.0,5.0,0.0,0.0,0.0,False,No cal rebalancejar
weekly_thursday,1992-02-13,75.56,neutral,positiu,neutral,positiu,positiu,risc-on,,0,risc-on,False,risc-on,40.0,55.0,5.0,0.0,0.0,0.0,False,No cal rebalancejar
weekly_friday,1992-02-14,75.56,neutral,positiu,neutral,positiu,positiu,risc-on,,0,risc-on,False,risc-on,40.0,55.0,5.0,0.0,0.0,0.0,False,No cal rebalancejar
weekly_thursday,1992-02-20,75.56,neutral,positiu,neutral,positiu,positiu,risc-on,,0,risc-on,False,risc-on,40.0,55.0,5.0,0.0,0.0,0.0,False,No cal rebalancejar
weekly_friday,1992-02-21,75.56,neutral,positiu,neutral,positiu,positiu,risc-on,,0,risc-on,False,risc-on,40.0,55.0,5.0,0.0,0.0,0.0,False,No cal rebalancejar
weekly_thursday,1992-02-27,75.56,neutral,positiu,neutral,positiu,positiu,risc-on,,0,risc-on,False,risc-on,40.0,55.0,5.0,0.0,0.0,0.0,False,No cal rebalancejar
weekly_friday,1992-02-28,75.56,neutral,positiu,neutral,positiu,positiu,risc-on,,0,risc-on,False,risc-on,40.0,55.0,5.0,0.0,0.0,0.0,False,No cal rebalancejar
weekly_thursday,1992-03-05,75.56,neutral,positiu,neutral,positiu,positiu,risc-on,,0,risc-on,False,risc-on,40.0,55.0,5.0,0.0,0.0,0.0,False,No cal rebalancejar
weekly_friday,1992-03-06,75.56,neutral,positiu,neutral,positiu,positiu,risc-on,,0,risc-on,False,risc-on,40.0,55.0,5.0,0.0,0.0,0.0,False,No cal rebalancejar
weekly_thursday,1992-03-12,57.77,negatiu,positiu,neutral,positiu,positiu,normal,normal,1,risc-on,False,risc-on,40.0,55.0,5.0,0.0,0.0,0.0,False,No cal rebalancejar
weekly_friday,1992-03-13,57.77,negatiu,positiu,neutral,positiu,positiu,normal,normal,1,risc-on,False,risc-on,40.0,55.0,5.0,0.0,0.0,0.0,False,No cal rebalancejar
weekly_thursday,1992-03-19,57.77,negatiu,positiu,neutral,positiu,positiu,normal,normal,2,risc-on,False,risc-on,40.0,55.0,5.0,0.0,0.0,0.0,False,No cal rebalancejar
weekly_friday,1992-03-20,57.77,negatiu,positiu,neutral,positiu,positiu,normal,normal,2,risc-on,False,risc-on,40.0,55.0,5.0,0.0,0.0,0.0,False,No cal rebalancejar
weekly_thursday,1992-03-26,51.11,negatiu,positiu,negatiu,positiu,positiu,normal,normal,3,risc-on,False,risc-on,40.0,55.0,5.0,0.0,0.0,0.0,False,No cal rebalancejar
weekly_friday,1992-03-27,51.11,negatiu,positiu,negatiu,positiu,positiu,normal,normal,3,risc-on,False,risc-on,40.0,55.0,5.0,0.0,0.0,0.0,False,No cal rebalancejar
weekly_thursday,1992-04-02,51.11,negatiu,positiu,negatiu,positiu,positiu,normal,,0,normal,False,normal,60.0,25.0,15.0,20.0,-30.0,10.0,True,Comprar 20 pp MSCI World; Vendre 30 pp Nasdaq; Comprar 10 pp Monetari
weekly_friday,1992-04-03,51.11,negatiu,positiu,negatiu,positiu,positiu,normal,,0,normal,False,normal,60.0,25.0,15.0,20.0,-30.0,10.0,True,Comprar 20 pp MSCI World; Vendre 30 pp Nasdaq; Comprar 10 pp Monetari
weekly_thursday,1992-04-09,51.11,negatiu,positiu,negatiu,positiu,positiu,normal,,0,normal,False,normal,60.0,25.0,15.0,0.0,0.0,0.0,False,No cal rebalancejar
weekly_friday,1992-04-10,57.77,negatiu,positiu,neutral,positiu,positiu,normal,,0,normal,False,normal,60.0,25.0,15.0,0.0,0.0,0.0,False,No cal rebalancejar
weekly_thursday,1992-04-16,57.77,negatiu,positiu,neutral,positiu,positiu,normal,,0,normal,False,normal,60.0,25.0,15.0,0.0,0.0,0.0,False,No cal rebalancejar
weekly_friday,1992-04-17,57.77,negatiu,positiu,neutral,positiu,positiu,normal,,0,normal,False,normal,60.0,25.0,15.0,0.0,0.0,0.0,False,No cal rebalancejar
weekly_thursday,1992-04-23,46.66,negatiu,neutral,neutral,positiu,positiu,normal,,0,normal,False,normal,60.0,25.0,15.0,0.0,0.0,0.0,False,No cal rebalancejar
weekly_friday,1992-04-24,46.66,negatiu,neutral,neutral,positiu,positiu,normal,,0,normal,False,normal,60.0,25.0,15.0,0.0,0.0,0.0,False,No cal rebalancejar
weekly_thursday,1992-04-30,64.44,neutral,neutral,neutral,positiu,positiu,normal,,0,normal,False,normal,60.0,25.0,15.0,0.0,0.0,0.0,False,No cal rebalancejar
weekly_friday,1992-05-01,64.44,neutral,neutral,neutral,positiu,positiu,normal,,0,normal,False,normal,60.0,25.0,15.0,0.0,0.0,0.0,False,No cal rebalancejar
weekly_thursday,1992-05-07,64.44,neutral,neutral,neutral,positiu,positiu,normal,,0,normal,False,normal,60.0,25.0,15.0,0.0,0.0,0.0,False,No cal rebalancejar
weekly_friday,1992-05-08,64.44,neutral,neutral,neutral,positiu,positiu,normal,,0,normal,False,normal,60.0,25.0,15.0,0.0,0.0,0.0,False,No cal rebalancejar
weekly_thursday,1992-05-14,64.44,neutral,neutral,neutral,positiu,positiu,normal,,0,normal,False,normal,60.0,25.0,15.0,0.0,0.0,0.0,False,No cal rebalancejar
weekly_friday,1992-05-15,64.44,neutral,neutral,neutral,positiu,positiu,normal,,0,normal,False,normal,60.0,25.0,15.0,0.0,0.0,0.0,False,No cal rebalancejar
weekly_thursday,1992-05-21,64.44,neutral,neutral,neutral,positiu,positiu,normal,,0,normal,False,normal,60.0,25.0,15.0,0.0,0.0,0.0,False,No cal rebalancejar
weekly_friday,1992-05-22,64.44,neutral,neutral,neutral,positiu,positiu,normal,,0,normal,False,normal,60.0,25.0,15.0,0.0,0.0,0.0,False,No cal rebalancejar
weekly_thursday,1992-05-28,64.44,neutral,neutral,neutral,positiu,positiu,normal,,0,normal,False,normal,60.0,25.0,15.0,0.0,0.0,0.0,False,No cal rebalancejar
weekly_friday,1992-05-29,64.44,neutral,neutral,neutral,positiu,positiu,normal,,0,normal,False,normal,60.0,25.0,15.0,0.0,0.0,0.0,False,No cal rebalancejar
weekly_thursday,1992-06-04,64.44,neutral,neutral,neutral,positiu,positiu,normal,,0,normal,False,normal,60.0,25.0,15.0,0.0,0.0,0.0,False,No cal rebalancejar
weekly_friday,1992-06-05,64.44,neutral,neutral,neutral,positiu,positiu,normal,,0,normal,False,normal,60.0,25.0,15.0,0.0,0.0,0.0,False,No cal rebalancejar
weekly_thursday,1992-06-11,64.44,neutral,neutral,neutral,positiu,positiu,normal,,0,normal,False,normal,60.0,25.0,15.0,0.0,0.0,0.0,False,No cal rebalancejar
weekly_friday,1992-06-12,64.44,neutral,neutral,neutral,positiu,positiu,normal,,0,normal,False,normal,60.0,25.0,15.0,0.0,0.0,0.0,False,No cal rebalancejar
weekly_thursday,1992-06-18,35.55,negatiu,negatiu,neutral,positiu,positiu,defensiu,defensiu,1,normal,False,normal,60.0,25.0,15.0,0.0,0.0,0.0,False,No cal rebalancejar
weekly_friday,1992-06-19,35.55,negatiu,negatiu,neutral,positiu,positiu,defensiu,defensiu,1,normal,False,normal,60.0,25.0,15.0,0.0,0.0,0.0,False,No cal rebalancejar
weekly_thursday,1992-06-25,53.34,neutral,negatiu,neutral,positiu,positiu,normal,,0,normal,False,normal,60.0,25.0,15.0,0.0,0.0,0.0,False,No cal rebalancejar
weekly_friday,1992-06-26,35.55,negatiu,negatiu,neutral,positiu,positiu,defensiu,defensiu,2,normal,False,normal,60.0,25.0,15.0,0.0,0.0,0.0,False,No cal rebalancejar
weekly_thursday,1992-07-02,53.34,neutral,negatiu,neutral,positiu,positiu,normal,,0,normal,False,normal,60.0,25.0,15.0,0.0,0.0,0.0,False,No cal rebalancejar
weekly_friday,1992-07-03,53.34,neutral,negatiu,neutral,positiu,positiu,normal,,0,normal,False,normal,60.0,25.0,15.0,0.0,0.0,0.0,False,No cal rebalancejar
weekly_thursday,1992-07-09,53.34,neutral,negatiu,neutral,positiu,positiu,normal,,0,normal,False,normal,60.0,25.0,15.0,0.0,0.0,0.0,False,No cal rebalancejar
weekly_friday,1992-07-10,53.34,neutral,negatiu,neutral,positiu,positiu,normal,,0,normal,False,normal,60.0,25.0,15.0,0.0,0.0,0.0,False,No cal rebalancejar
weekly_thursday,1992-07-16,64.44,neutral,neutral,neutral,positiu,positiu,normal,,0,normal,False,normal,60.0,25.0,15.0,0.0,0.0,0.0,False,No cal rebalancejar
weekly_friday,1992-07-17,64.44,neutral,neutral,neutral,positiu,positiu,normal,,0,normal,False,normal,60.0,25.0,15.0,0.0,0.0,0.0,False,No cal rebalancejar
weekly_thursday,1992-07-23,35.55,negatiu,negatiu,neutral,positiu,positiu,defensiu,defensiu,1,normal,False,normal,60.0,25.0,15.0,0.0,0.0,0.0,False,No cal rebalancejar
weekly_friday,1992-07-24,35.55,negatiu,negatiu,neutral,positiu,positiu,defensiu,defensiu,1,normal,False,normal,60.0,25.0,15.0,0.0,0.0,0.0,False,No cal rebalancejar
weekly_thursday,1992-07-30,64.44,neutral,neutral,neutral,positiu,positiu,normal,,0,normal,False,normal,60.0,25.0,15.0,0.0,0.0,0.0,False,No cal rebalancejar
weekly_friday,1992-07-31,64.44,neutral,neutral,neutral,positiu,positiu,normal,,0,normal,False,normal,60.0,25.0,15.0,0.0,0.0,0.0,False,No cal rebalancejar
weekly_thursday,1992-08-06,53.34,neutral,negatiu,neutral,positiu,positiu,normal,,0,normal,False,normal,60.0,25.0,15.0,0.0,0.0,0.0,False,No cal rebalancejar
weekly_friday,1992-08-07,35.55,negatiu,negatiu,neutral,positiu,positiu,defensiu,defensiu,1,normal,False,normal,60.0,25.0,15.0,0.0,0.0,0.0,False,No cal rebalancejar
weekly_thursday,1992-08-13,35.55,negatiu,negatiu,neutral,positiu,positiu,defensiu,defensiu,1,normal,False,normal,60.0,25.0,15.0,0.0,0.0,0.0,False,No cal rebalancejar
weekly_friday,1992-08-14,35.55,negatiu,negatiu,neutral,positiu,positiu,defensiu,defensiu,2,normal,False,normal,60.0,25.0,15.0,0.0,0.0,0.0,False,No cal rebalancejar
weekly_thursday,1992-08-20,35.55,negatiu,negatiu,neutral,positiu,positiu,defensiu,defensiu,2,normal,False,normal,60.0,25.0,15.0,0.0,0.0,0.0,False,No cal rebalancejar
weekly_friday,1992-08-21,53.34,neutral,negatiu,neutral,positiu,positiu,normal,,0,normal,False,normal,60.0,25.0,15.0,0.0,0.0,0.0,False,No cal rebalancejar
weekly_thursday,1992-08-27,53.34,neutral,negatiu,neutral,positiu,positiu,normal,,0,normal,False,normal,60.0,25.0,15.0,0.0,0.0,0.0,False,No cal rebalancejar
weekly_friday,1992-08-28,53.34,neutral,negatiu,neutral,positiu,positiu,normal,,0,normal,False,normal,60.0,25.0,15.0,0.0,0.0,0.0,False,No cal rebalancejar
weekly_thursday,1992-09-03,64.44,neutral,neutral,neutral,positiu,positiu,normal,,0,normal,False,normal,60.0,25.0,15.0,0.0,0.0,0.0,False,No cal rebalancejar
weekly_friday,1992-09-04,53.34,neutral,negatiu,neutral,positiu,positiu,normal,,0,normal,False,normal,60.0,25.0,15.0,0.0,0.0,0.0,False,No cal rebalancejar
weekly_thursday,1992-09-10,64.44,neutral,neutral,neutral,positiu,positiu,normal,,0,normal,False,normal,60.0,25.0,15.0,0.0,0.0,0.0,False,No cal rebalancejar
weekly_friday,1992-09-11,64.44,neutral,neutral,neutral,positiu,positiu,normal,,0,normal,False,normal,60.0,25.0,15.0,0.0,0.0,0.0,False,No cal rebalancejar
weekly_thursday,1992-09-17,64.44,neutral,neutral,neutral,positiu,positiu,normal,,0,normal,False,normal,60.0,25.0,15.0,0.0,0.0,0.0,False,No cal rebalancejar
weekly_friday,1992-09-18,64.44,neutral,neutral,neutral,positiu,positiu,normal,,0,normal,False,normal,60.0,25.0,15.0,0.0,0.0,0.0,False,No cal rebalancejar
weekly_thursday,1992-09-24,64.44,neutral,neutral,neutral,positiu,positiu,normal,,0,normal,False,normal,60.0,25.0,15.0,0.0,0.0,0.0,False,No cal rebalancejar
weekly_friday,1992-09-25,64.44,neutral,neutral,neutral,positiu,positiu,normal,,0,normal,False,normal,60.0,25.0,15.0,0.0,0.0,0.0,False,No cal rebalancejar
weekly_thursday,1992-10-01,64.44,neutral,neutral,neutral,positiu,positiu,normal,,0,normal,False,normal,60.0,25.0,15.0,0.0,0.0,0.0,False,No cal rebalancejar
weekly_friday,1992-10-02,53.34,neutral,negatiu,neutral,positiu,positiu,normal,,0,normal,False,normal,60.0,25.0,15.0,0.0,0.0,0.0,False,No cal rebalancejar
weekly_thursday,1992-10-08,28.89,negatiu,negatiu,negatiu,positiu,positiu,defensiu,defensiu,1,normal,False,normal,60.0,25.0,15.0,0.0,0.0,0.0,False,No cal rebalancejar
weekly_friday,1992-10-09,28.89,negatiu,negatiu,negatiu,positiu,positiu,defensiu,defensiu,1,normal,False,normal,60.0,25.0,15.0,0.0,0.0,0.0,False,No cal rebalancejar
weekly_thursday,1992-10-15,64.44,neutral,neutral,neutral,positiu,positiu,normal,,0,normal,False,normal,60.0,25.0,15.0,0.0,0.0,0.0,False,No cal rebalancejar
weekly_friday,1992-10-16,64.44,neutral,neutral,neutral,positiu,positiu,normal,,0,normal,False,normal,60.0,25.0,15.0,0.0,0.0,0.0,False,No cal rebalancejar
weekly_thursday,1992-10-22,57.78,neutral,neutral,negatiu,positiu,positiu,normal,,0,normal,False,normal,60.0,25.0,15.0,0.0,0.0,0.0,False,No cal rebalancejar
weekly_friday,1992-10-23,57.78,neutral,neutral,negatiu,positiu,positiu,normal,,0,normal,False,normal,60.0,25.0,15.0,0.0,0.0,0.0,False,No cal rebalancejar
weekly_thursday,1992-10-29,68.89,neutral,positiu,negatiu,positiu,positiu,normal,,0,normal,False,normal,60.0,25.0,15.0,0.0,0.0,0.0,False,No cal rebalancejar
weekly_friday,1992-10-30,68.89,neutral,positiu,negatiu,positiu,positiu,normal,,0,normal,False,normal,60.0,25.0,15.0,0.0,0.0,0.0,False,No cal rebalancejar
weekly_thursday,1992-11-05,68.89,neutral,positiu,negatiu,positiu,positiu,normal,,0,normal,False,normal,60.0,25.0,15.0,0.0,0.0,0.0,False,No cal rebalancejar
weekly_friday,1992-11-06,68.89,neutral,positiu,negatiu,positiu,positiu,normal,,0,normal,False,normal,60.0,25.0,15.0,0.0,0.0,0.0,False,No cal rebalancejar
weekly_thursday,1992-11-12,75.56,neutral,positiu,neutral,positiu,positiu,risc-on,risc-on,1,normal,False,normal,60.0,25.0,15.0,0.0,0.0,0.0,False,No cal rebalancejar
weekly_friday,1992-11-13,75.56,neutral,positiu,neutral,positiu,positiu,risc-on,risc-on,1,normal,False,normal,60.0,25.0,15.0,0.0,0.0,0.0,False,No cal rebalancejar
weekly_thursday,1992-11-19,75.56,neutral,positiu,neutral,positiu,positiu,risc-on,risc-on,2,normal,False,normal,60.0,25.0,15.0,0.0,0.0,0.0,False,No cal rebalancejar
weekly_friday,1992-11-20,75.56,neutral,positiu,neutral,positiu,positiu,risc-on,risc-on,2,normal,False,normal,60.0,25.0,15.0,0.0,0.0,0.0,False,No cal rebalancejar
weekly_thursday,1992-11-26,75.56,neutral,positiu,neutral,positiu,positiu,risc-on,risc-on,3,normal,False,normal,60.0,25.0,15.0,0.0,0.0,0.0,False,No cal rebalancejar
weekly_friday,1992-11-27,75.56,neutral,positiu,neutral,positiu,positiu,risc-on,risc-on,3,normal,False,normal,60.0,25.0,15.0,0.0,0.0,0.0,False,No cal rebalancejar
weekly_thursday,1992-12-03,75.56,neutral,positiu,neutral,positiu,positiu,risc-on,,0,risc-on,False,risc-on,40.0,55.0,5.0,-20.0,30.0,-10.0,True,Vendre 20 pp MSCI World; Comprar 30 pp Nasdaq; Vendre 10 pp Monetari
weekly_friday,1992-12-04,75.56,neutral,positiu,neutral,positiu,positiu,risc-on,,0,risc-on,False,risc-on,40.0,55.0,5.0,-20.0,30.0,-10.0,True,Vendre 20 pp MSCI World; Comprar 30 pp Nasdaq; Vendre 10 pp Monetari
weekly_thursday,1992-12-10,75.56,neutral,positiu,neutral,positiu,positiu,risc-on,,0,risc-on,False,risc-on,40.0,55.0,5.0,0.0,0.0,0.0,False,No cal rebalancejar
weekly_friday,1992-12-11,75.56,neutral,positiu,neutral,positiu,positiu,risc-on,,0,risc-on,False,risc-on,40.0,55.0,5.0,0.0,0.0,0.0,False,No cal rebalancejar
weekly_thursday,1992-12-17,68.89,neutral,positiu,negatiu,positiu,positiu,risc-on,,0,risc-on,False,risc-on,40.0,55.0,5.0,0.0,0.0,0.0,False,No cal rebalancejar
weekly_friday,1992-12-18,68.89,neutral,positiu,negatiu,positiu,positiu,risc-on,,0,risc-on,False,risc-on,40.0,55.0,5.0,0.0,0.0,0.0,False,No cal rebalancejar
weekly_thursday,1992-12-24,68.89,neutral,positiu,negatiu,positiu,positiu,risc-on,,0,risc-on,False,risc-on,40.0,55.0,5.0,0.0,0.0,0.0,False,No cal rebalancejar
weekly_friday,1992-12-25,68.89,neutral,positiu,negatiu,positiu,positiu,risc-on,,0,risc-on,False,risc-on,40.0,55.0,5.0,0.0,0.0,0.0,False,No cal rebalancejar
weekly_thursday,1992-12-31,68.89,neutral,positiu,negatiu,positiu,positiu,risc-on,,0,risc-on,False,risc-on,40.0,55.0,5.0,0.0,0.0,0.0,False,No cal rebalancejar
weekly_friday,1993-01-01,68.89,neutral,positiu,negatiu,positiu,positiu,risc-on,,0,risc-on,False,risc-on,40.0,55.0,5.0,0.0,0.0,0.0,False,No cal rebalancejar
weekly_thursday,1993-01-07,68.89,neutral,positiu,negatiu,positiu,positiu,risc-on,,0,risc-on,False,risc-on,40.0,55.0,5.0,0.0,0.0,0.0,False,No cal rebalancejar
weekly_friday,1993-01-08,68.89,neutral,positiu,negatiu,positiu,positiu,risc-on,,0,risc-on,False,risc-on,40.0,55.0,5.0,0.0,0.0,0.0,False,No cal rebalancejar
weekly_thursday,1993-01-14,68.89,neutral,positiu,negatiu,positiu,positiu,risc-on,,0,risc-on,False,risc-on,40.0,55.0,5.0,0.0,0.0,0.0,False,No cal rebalancejar
weekly_friday,1993-01-15,68.89,neutral,positiu,negatiu,positiu,positiu,risc-on,,0,risc-on,False,risc-on,40.0,55.0,5.0,0.0,0.0,0.0,False,No cal rebalancejar
weekly_thursday,1993-01-21,68.89,neutral,positiu,negatiu,positiu,positiu,risc-on,,0,risc-on,False,risc-on,40.0,55.0,5.0,0.0,0.0,0.0,False,No cal rebalancejar
weekly_friday,1993-01-22,68.89,neutral,positiu,negatiu,positiu,positiu,risc-on,,0,risc-on,False,risc-on,40.0,55.0,5.0,0.0,0.0,0.0,False,No cal rebalancejar
weekly_thursday,1993-01-28,68.89,neutral,positiu,negatiu,positiu,positiu,risc-on,,0,risc-on,False,risc-on,40.0,55.0,5.0,0.0,0.0,0.0,False,No cal rebalancejar
weekly_friday,1993-01-29,68.89,neutral,positiu,negatiu,positiu,positiu,risc-on,,0,risc-on,False,risc-on,40.0,55.0,5.0,0.0,0.0,0.0,False,No cal rebalancejar
weekly_thursday,1993-02-04,75.56,neutral,positiu,neutral,positiu,positiu,risc-on,,0,risc-on,False,risc-on,40.0,55.0,5.0,0.0,0.0,0.0,False,No cal rebalancejar
weekly_friday,1993-02-05,75.56,neutral,positiu,neutral,positiu,positiu,risc-on,,0,risc-on,False,risc-on,40.0,55.0,5.0,0.0,0.0,0.0,False,No cal rebalancejar
weekly_thursday,1993-02-11,75.56,neutral,positiu,neutral,positiu,positiu,risc-on,,0,risc-on,False,risc-on,40.0,55.0,5.0,0.0,0.0,0.0,False,No cal rebalancejar
weekly_friday,1993-02-12,75.56,neutral,positiu,neutral,positiu,positiu,risc-on,,0,risc-on,False,risc-on,40.0,55.0,5.0,0.0,0.0,0.0,False,No cal rebalancejar
weekly_thursday,1993-02-18,75.56,neutral,positiu,neutral,positiu,positiu,risc-on,,0,risc-on,False,risc-on,40.0,55.0,5.0,0.0,0.0,0.0,False,No cal rebalancejar
weekly_friday,1993-02-19,75.56,neutral,positiu,neutral,positiu,positiu,risc-on,,0,risc-on,False,risc-on,40.0,55.0,5.0,0.0,0.0,0.0,False,No cal rebalancejar
weekly_thursday,1993-02-25,75.56,neutral,positiu,neutral,positiu,positiu,risc-on,,0,risc-on,False,risc-on,40.0,55.0,5.0,0.0,0.0,0.0,False,No cal rebalancejar
weekly_friday,1993-02-26,75.56,neutral,positiu,neutral,positiu,positiu,risc-on,,0,risc-on,False,risc-on,40.0,55.0,5.0,0.0,0.0,0.0,False,No cal rebalancejar
weekly_thursday,1993-03-04,93.34,positiu,positiu,neutral,positiu,positiu,risc-on,,0,risc-on,False,risc-on,40.0,55.0,5.0,0.0,0.0,0.0,False,No cal rebalancejar
weekly_friday,1993-03-05,93.34,positiu,positiu,neutral,positiu,positiu,risc-on,,0,risc-on,False,risc-on,40.0,55.0,5.0,0.0,0.0,0.0,False,No cal rebalancejar
weekly_thursday,1993-03-11,100.0,positiu,positiu,positiu,positiu,positiu,risc-on,,0,risc-on,False,risc-on,40.0,55.0,5.0,0.0,0.0,0.0,False,No cal rebalancejar
weekly_friday,1993-03-12,100.0,positiu,positiu,positiu,positiu,positiu,risc-on,,0,risc-on,False,risc-on,40.0,55.0,5.0,0.0,0.0,0.0,False,No cal rebalancejar
weekly_thursday,1993-03-18,100.0,positiu,positiu,positiu,positiu,positiu,risc-on,,0,risc-on,False,risc-on,40.0,55.0,5.0,0.0,0.0,0.0,False,No cal rebalancejar
weekly_friday,1993-03-19,100.0,positiu,positiu,positiu,positiu,positiu,risc-on,,0,risc-on,False,risc-on,40.0,55.0,5.0,0.0,0.0,0.0,False,No cal rebalancejar
weekly_thursday,1993-03-25,100.0,positiu,positiu,positiu,positiu,positiu,risc-on,,0,risc-on,False,risc-on,40.0,55.0,5.0,0.0,0.0,0.0,False,No cal rebalancejar
weekly_friday,1993-03-26,100.0,positiu,positiu,positiu,positiu,positiu,risc-on,,0,risc-on,False,risc-on,40.0,55.0,5.0,0.0,0.0,0.0,False,No cal rebalancejar
weekly_thursday,1993-04-01,100.0,positiu,positiu,positiu,positiu,positiu,risc-on,,0,risc-on,False,risc-on,40.0,55.0,5.0,0.0,0.0,0.0,False,No cal rebalancejar
weekly_friday,1993-04-02,88.89,positiu,neutral,positiu,positiu,positiu,risc-on,,0,risc-on,False,risc-on,40.0,55.0,5.0,0.0,0.0,0.0,False,No cal rebalancejar
weekly_thursday,1993-04-08,88.89,positiu,neutral,positiu,positiu,positiu,risc-on,,0,risc-on,False,risc-on,40.0,55.0,5.0,0.0,0.0,0.0,False,No cal rebalancejar
weekly_friday,1993-04-09,88.89,positiu,neutral,positiu,positiu,positiu,risc-on,,0,risc-on,False,risc-on,40.0,55.0,5.0,0.0,0.0,0.0,False,No cal rebalancejar
weekly_thursday,1993-04-15,88.89,positiu,neutral,positiu,positiu,positiu,risc-on,,0,risc-on,False,risc-on,40.0,55.0,5.0,0.0,0.0,0.0,False,No cal rebalancejar
weekly_friday,1993-04-16,88.89,positiu,neutral,positiu,positiu,positiu,risc-on,,0,risc-on,False,risc-on,40.0,55.0,5.0,0.0,0.0,0.0,False,No cal rebalancejar
weekly_thursday,1993-04-22,88.89,positiu,neutral,positiu,positiu,positiu,risc-on,,0,risc-on,False,risc-on,40.0,55.0,5.0,0.0,0.0,0.0,False,No cal rebalancejar
weekly_friday,1993-04-23,88.89,positiu,neutral,positiu,positiu,positiu,risc-on,,0,risc-on,False,risc-on,40.0,55.0,5.0,0.0,0.0,0.0,False,No cal rebalancejar
weekly_thursday,1993-04-29,88.89,positiu,neutral,positiu,positiu,positiu,risc-on,,0,risc-on,False,risc-on,40.0,55.0,5.0,0.0,0.0,0.0,False,No cal rebalancejar
weekly_friday,1993-04-30,88.89,positiu,neutral,positiu,positiu,positiu,risc-on,,0,risc-on,False,risc-on,40.0,55.0,5.0,0.0,0.0,0.0,False,No cal rebalancejar
weekly_thursday,1993-05-06,100.0,positiu,positiu,positiu,positiu,positiu,risc-on,,0,risc-on,False,risc-on,40.0,55.0,5.0,0.0,0.0,0.0,False,No cal rebalancejar
weekly_friday,1993-05-07,100.0,positiu,positiu,positiu,positiu,positiu,risc-on,,0,risc-on,False,risc-on,40.0,55.0,5.0,0.0,0.0,0.0,False,No cal rebalancejar
weekly_thursday,1993-05-13,88.89,positiu,neutral,positiu,positiu,positiu,risc-on,,0,risc-on,False,risc-on,40.0,55.0,5.0,0.0,0.0,0.0,False,No cal rebalancejar
weekly_friday,1993-05-14,88.89,positiu,neutral,positiu,positiu,positiu,risc-on,,0,risc-on,False,risc-on,40.0,55.0,5.0,0.0,0.0,0.0,False,No cal rebalancejar
weekly_thursday,1993-05-20,100.0,positiu,positiu,positiu,positiu,positiu,risc-on,,0,risc-on,False,risc-on,40.0,55.0,5.0,0.0,0.0,0.0,False,No cal rebalancejar
weekly_friday,1993-05-21,100.0,positiu,positiu,positiu,positiu,positiu,risc-on,,0,risc-on,False,risc-on,40.0,55.0,5.0,0.0,0.0,0.0,False,No cal rebalancejar
weekly_thursday,1993-05-27,100.0,positiu,positiu,positiu,positiu,positiu,risc-on,,0,risc-on,False,risc-on,40.0,55.0,5.0,0.0,0.0,0.0,False,No cal rebalancejar
weekly_friday,1993-05-28,100.0,positiu,positiu,positiu,positiu,positiu,risc-on,,0,risc-on,False,risc-on,40.0,55.0,5.0,0.0,0.0,0.0,False,No cal rebalancejar
weekly_thursday,1993-06-03,100.0,positiu,positiu,positiu,positiu,positiu,risc-on,,0,risc-on,False,risc-on,40.0,55.0,5.0,0.0,0.0,0.0,False,No cal rebalancejar
weekly_friday,1993-06-04,100.0,positiu,positiu,positiu,positiu,positiu,risc-on,,0,risc-on,False,risc-on,40.0,55.0,5.0,0.0,0.0,0.0,False,No cal rebalancejar
weekly_thursday,1993-06-10,100.0,positiu,positiu,positiu,positiu,positiu,risc-on,,0,risc-on,False,risc-on,40.0,55.0,5.0,0.0,0.0,0.0,False,No cal rebalancejar
weekly_friday,1993-06-11,100.0,positiu,positiu,positiu,positiu,positiu,risc-on,,0,risc-on,False,risc-on,40.0,55.0,5.0,0.0,0.0,0.0,False,No cal rebalancejar
weekly_thursday,1993-06-17,100.0,positiu,positiu,positiu,positiu,positiu,risc-on,,0,risc-on,False,risc-on,40.0,55.0,5.0,0.0,0.0,0.0,False,No cal rebalancejar
weekly_friday,1993-06-18,88.89,positiu,neutral,positiu,positiu,positiu,risc-on,,0,risc-on,False,risc-on,40.0,55.0,5.0,0.0,0.0,0.0,False,No cal rebalancejar
weekly_thursday,1993-06-24,88.89,positiu,neutral,positiu,positiu,positiu,risc-on,,0,risc-on,False,risc-on,40.0,55.0,5.0,0.0,0.0,0.0,False,No cal rebalancejar
weekly_friday,1993-06-25,100.0,positiu,positiu,positiu,positiu,positiu,risc-on,,0,risc-on,False,risc-on,40.0,55.0,5.0,0.0,0.0,0.0,False,No cal rebalancejar
weekly_thursday,1993-07-01,100.0,positiu,positiu,positiu,positiu,positiu,risc-on,,0,risc-on,False,risc-on,40.0,55.0,5.0,0.0,0.0,0.0,False,No cal rebalancejar
weekly_friday,1993-07-02,100.0,positiu,positiu,positiu,positiu,positiu,risc-on,,0,risc-on,False,risc-on,40.0,55.0,5.0,0.0,0.0,0.0,False,No cal rebalancejar
weekly_thursday,1993-07-08,88.89,positiu,neutral,positiu,positiu,positiu,risc-on,,0,risc-on,False,risc-on,40.0,55.0,5.0,0.0,0.0,0.0,False,No cal rebalancejar
weekly_friday,1993-07-09,100.0,positiu,positiu,positiu,positiu,positiu,risc-on,,0,risc-on,False,risc-on,40.0,55.0,5.0,0.0,0.0,0.0,False,No cal rebalancejar
weekly_thursday,1993-07-15,88.89,positiu,neutral,positiu,positiu,positiu,risc-on,,0,risc-on,False,risc-on,40.0,55.0,5.0,0.0,0.0,0.0,False,No cal rebalancejar
weekly_friday,1993-07-16,88.89,positiu,neutral,positiu,positiu,positiu,risc-on,,0,risc-on,False,risc-on,40.0,55.0,5.0,0.0,0.0,0.0,False,No cal rebalancejar
weekly_thursday,1993-07-22,88.89,positiu,neutral,positiu,positiu,positiu,risc-on,,0,risc-on,False,risc-on,40.0,55.0,5.0,0.0,0.0,0.0,False,No cal rebalancejar
weekly_friday,1993-07-23,88.89,positiu,neutral,positiu,positiu,positiu,risc-on,,0,risc-on,False,risc-on,40.0,55.0,5.0,0.0,0.0,0.0,False,No cal rebalancejar
weekly_thursday,1993-07-29,88.89,positiu,neutral,positiu,positiu,positiu,risc-on,,0,risc-on,False,risc-on,40.0,55.0,5.0,0.0,0.0,0.0,False,No cal rebalancejar
weekly_friday,1993-07-30,88.89,positiu,neutral,positiu,positiu,positiu,risc-on,,0,risc-on,False,risc-on,40.0,55.0,5.0,0.0,0.0,0.0,False,No cal rebalancejar
weekly_thursday,1993-08-05,88.89,positiu,neutral,positiu,positiu,positiu,risc-on,,0,risc-on,False,risc-on,40.0,55.0,5.0,0.0,0.0,0.0,False,No cal rebalancejar
weekly_friday,1993-08-06,88.89,positiu,neutral,positiu,positiu,positiu,risc-on,,0,risc-on,False,risc-on,40.0,55.0,5.0,0.0,0.0,0.0,False,No cal rebalancejar
weekly_thursday,1993-08-12,88.89,positiu,neutral,positiu,positiu,positiu,risc-on,,0,risc-on,False,risc-on,40.0,55.0,5.0,0.0,0.0,0.0,False,No cal rebalancejar
weekly_friday,1993-08-13,88.89,positiu,neutral,positiu,positiu,positiu,risc-on,,0,risc-on,False,risc-on,40.0,55.0,5.0,0.0,0.0,0.0,False,No cal rebalancejar
weekly_thursday,1993-08-19,100.0,positiu,positiu,positiu,positiu,positiu,risc-on,,0,risc-on,False,risc-on,40.0,55.0,5.0,0.0,0.0,0.0,False,No cal rebalancejar
weekly_friday,1993-08-20,100.0,positiu,positiu,positiu,positiu,positiu,risc-on,,0,risc-on,False,risc-on,40.0,55.0,5.0,0.0,0.0,0.0,False,No cal rebalancejar
weekly_thursday,1993-08-26,88.89,positiu,neutral,positiu,positiu,positiu,risc-on,,0,risc-on,False,risc-on,40.0,55.0,5.0,0.0,0.0,0.0,False,No cal rebalancejar
weekly_friday,1993-08-27,88.89,positiu,neutral,positiu,positiu,positiu,risc-on,,0,risc-on,False,risc-on,40.0,55.0,5.0,0.0,0.0,0.0,False,No cal rebalancejar
weekly_thursday,1993-09-02,100.0,positiu,positiu,positiu,positiu,positiu,risc-on,,0,risc-on,False,risc-on,40.0,55.0,5.0,0.0,0.0,0.0,False,No cal rebalancejar
weekly_friday,1993-09-03,100.0,positiu,positiu,positiu,positiu,positiu,risc-on,,0,risc-on,False,risc-on,40.0,55.0,5.0,0.0,0.0,0.0,False,No cal rebalancejar
weekly_thursday,1993-09-09,88.89,positiu,neutral,positiu,positiu,positiu,risc-on,,0,risc-on,False,risc-on,40.0,55.0,5.0,0.0,0.0,0.0,False,No cal rebalancejar
weekly_friday,1993-09-10,100.0,positiu,positiu,positiu,positiu,positiu,risc-on,,0,risc-on,False,risc-on,40.0,55.0,5.0,0.0,0.0,0.0,False,No cal rebalancejar
weekly_thursday,1993-09-16,88.89,positiu,neutral,positiu,positiu,positiu,risc-on,,0,risc-on,False,risc-on,40.0,55.0,5.0,0.0,0.0,0.0,False,No cal rebalancejar
weekly_friday,1993-09-17,88.89,positiu,neutral,positiu,positiu,positiu,risc-on,,0,risc-on,False,risc-on,40.0,55.0,5.0,0.0,0.0,0.0,False,No cal rebalancejar
weekly_thursday,1993-09-23,100.0,positiu,positiu,positiu,positiu,positiu,risc-on,,0,risc-on,False,risc-on,40.0,55.0,5.0,0.0,0.0,0.0,False,No cal rebalancejar
weekly_friday,1993-09-24,100.0,positiu,positiu,positiu,positiu,positiu,risc-on,,0,risc-on,False,risc-on,40.0,55.0,5.0,0.0,0.0,0.0,False,No cal rebalancejar
weekly_thursday,1993-09-30,100.0,positiu,positiu,positiu,positiu,positiu,risc-on,,0,risc-on,False,risc-on,40.0,55.0,5.0,0.0,0.0,0.0,False,No cal rebalancejar
weekly_friday,1993-10-01,100.0,positiu,positiu,positiu,positiu,positiu,risc-on,,0,risc-on,False,risc-on,40.0,55.0,5.0,0.0,0.0,0.0,False,No cal rebalancejar
weekly_thursday,1993-10-07,100.0,positiu,positiu,positiu,positiu,positiu,risc-on,,0,risc-on,False,risc-on,40.0,55.0,5.0,0.0,0.0,0.0,False,No cal rebalancejar
weekly_friday,1993-10-08,100.0,positiu,positiu,positiu,positiu,positiu,risc-on,,0,risc-on,False,risc-on,40.0,55.0,5.0,0.0,0.0,0.0,False,No cal rebalancejar
weekly_thursday,1993-10-14,100.0,positiu,positiu,positiu,positiu,positiu,risc-on,,0,risc-on,False,risc-on,40.0,55.0,5.0,0.0,0.0,0.0,False,No cal rebalancejar
weekly_friday,1993-10-15,100.0,positiu,positiu,positiu,positiu,positiu,risc-on,,0,risc-on,False,risc-on,40.0,55.0,5.0,0.0,0.0,0.0,False,No cal rebalancejar
weekly_thursday,1993-10-21,100.0,positiu,positiu,positiu,positiu,positiu,risc-on,,0,risc-on,False,risc-on,40.0,55.0,5.0,0.0,0.0,0.0,False,No cal rebalancejar
weekly_friday,1993-10-22,100.0,positiu,positiu,positiu,positiu,positiu,risc-on,,0,risc-on,False,risc-on,40.0,55.0,5.0,0.0,0.0,0.0,False,No cal rebalancejar
weekly_thursday,1993-10-28,100.0,positiu,positiu,positiu,positiu,positiu,risc-on,,0,risc-on,False,risc-on,40.0,55.0,5.0,0.0,0.0,0.0,False,No cal rebalancejar
weekly_friday,1993-10-29,100.0,positiu,positiu,positiu,positiu,positiu,risc-on,,0,risc-on,False,risc-on,40.0,55.0,5.0,0.0,0.0,0.0,False,No cal rebalancejar
weekly_thursday,1993-11-04,100.0,positiu,positiu,positiu,positiu,positiu,risc-on,,0,risc-on,False,risc-on,40.0,55.0,5.0,0.0,0.0,0.0,False,No cal rebalancejar
weekly_friday,1993-11-05,100.0,positiu,positiu,positiu,positiu,positiu,risc-on,,0,risc-on,False,risc-on,40.0,55.0,5.0,0.0,0.0,0.0,False,No cal rebalancejar
weekly_thursday,1993-11-11,100.0,positiu,positiu,positiu,positiu,positiu,risc-on,,0,risc-on,False,risc-on,40.0,55.0,5.0,0.0,0.0,0.0,False,No cal rebalancejar
weekly_friday,1993-11-12,100.0,positiu,positiu,positiu,positiu,positiu,risc-on,,0,risc-on,False,risc-on,40.0,55.0,5.0,0.0,0.0,0.0,False,No cal rebalancejar
weekly_thursday,1993-11-18,100.0,positiu,positiu,positiu,positiu,positiu,risc-on,,0,risc-on,False,risc-on,40.0,55.0,5.0,0.0,0.0,0.0,False,No cal rebalancejar
weekly_friday,1993-11-19,100.0,positiu,positiu,positiu,positiu,positiu,risc-on,,0,risc-on,False,risc-on,40.0,55.0,5.0,0.0,0.0,0.0,False,No cal rebalancejar
weekly_thursday,1993-11-25,82.22,neutral,positiu,positiu,positiu,positiu,risc-on,,0,risc-on,False,risc-on,40.0,55.0,5.0,0.0,0.0,0.0,False,No cal rebalancejar
weekly_friday,1993-11-26,82.22,neutral,positiu,positiu,positiu,positiu,risc-on,,0,risc-on,False,risc-on,40.0,55.0,5.0,0.0,0.0,0.0,False,No cal rebalancejar
weekly_thursday,1993-12-02,82.22,neutral,positiu,positiu,positiu,positiu,risc-on,,0,risc-on,False,risc-on,40.0,55.0,5.0,0.0,0.0,0.0,False,No cal rebalancejar
weekly_friday,1993-12-03,82.22,neutral,positiu,positiu,positiu,positiu,risc-on,,0,risc-on,False,risc-on,40.0,55.0,5.0,0.0,0.0,0.0,False,No cal rebalancejar
weekly_thursday,1993-12-09,100.0,positiu,positiu,positiu,positiu,positiu,risc-on,,0,risc-on,False,risc-on,40.0,55.0,5.0,0.0,0.0,0.0,False,No cal rebalancejar
weekly_friday,1993-12-10,100.0,positiu,positiu,positiu,positiu,positiu,risc-on,,0,risc-on,False,risc-on,40.0,55.0,5.0,0.0,0.0,0.0,False,No cal rebalancejar
weekly_thursday,1993-12-16,100.0,positiu,positiu,positiu,positiu,positiu,risc-on,,0,risc-on,False,risc-on,40.0,55.0,5.0,0.0,0.0,0.0,False,No cal rebalancejar
weekly_friday,1993-12-17,100.0,positiu,positiu,positiu,positiu,positiu,risc-on,,0,risc-on,False,risc-on,40.0,55.0,5.0,0.0,0.0,0.0,False,No cal rebalancejar
weekly_thursday,1993-12-23,100.0,positiu,positiu,positiu,positiu,positiu,risc-on,,0,risc-on,False,risc-on,40.0,55.0,5.0,0.0,0.0,0.0,False,No cal rebalancejar
weekly_friday,1993-12-24,100.0,positiu,positiu,positiu,positiu,positiu,risc-on,,0,risc-on,False,risc-on,40.0,55.0,5.0,0.0,0.0,0.0,False,No cal rebalancejar
weekly_thursday,1993-12-30,100.0,positiu,positiu,positiu,positiu,positiu,risc-on,,0,risc-on,False,risc-on,40.0,55.0,5.0,0.0,0.0,0.0,False,No cal rebalancejar
weekly_friday,1993-12-31,100.0,positiu,positiu,positiu,positiu,positiu,risc-on,,0,risc-on,False,risc-on,40.0,55.0,5.0,0.0,0.0,0.0,False,No cal rebalancejar
weekly_thursday,1994-01-06,100.0,positiu,positiu,positiu,positiu,positiu,risc-on,,0,risc-on,False,risc-on,40.0,55.0,5.0,0.0,0.0,0.0,False,No cal rebalancejar
weekly_friday,1994-01-07,100.0,positiu,positiu,positiu,positiu,positiu,risc-on,,0,risc-on,False,risc-on,40.0,55.0,5.0,0.0,0.0,0.0,False,No cal rebalancejar
weekly_thursday,1994-01-13,100.0,positiu,positiu,positiu,positiu,positiu,risc-on,,0,risc-on,False,risc-on,40.0,55.0,5.0,0.0,0.0,0.0,False,No cal rebalancejar
weekly_friday,1994-01-14,100.0,positiu,positiu,positiu,positiu,positiu,risc-on,,0,risc-on,False,risc-on,40.0,55.0,5.0,0.0,0.0,0.0,False,No cal rebalancejar
weekly_thursday,1994-01-20,100.0,positiu,positiu,positiu,positiu,positiu,risc-on,,0,risc-on,False,risc-on,40.0,55.0,5.0,0.0,0.0,0.0,False,No cal rebalancejar
weekly_friday,1994-01-21,100.0,positiu,positiu,positiu,positiu,positiu,risc-on,,0,risc-on,False,risc-on,40.0,55.0,5.0,0.0,0.0,0.0,False,No cal rebalancejar
weekly_thursday,1994-01-27,100.0,positiu,positiu,positiu,positiu,positiu,risc-on,,0,risc-on,False,risc-on,40.0,55.0,5.0,0.0,0.0,0.0,False,No cal rebalancejar
weekly_friday,1994-01-28,100.0,positiu,positiu,positiu,positiu,positiu,risc-on,,0,risc-on,False,risc-on,40.0,55.0,5.0,0.0,0.0,0.0,False,No cal rebalancejar
weekly_thursday,1994-02-03,100.0,positiu,positiu,positiu,positiu,positiu,risc-on,,0,risc-on,False,risc-on,40.0,55.0,5.0,0.0,0.0,0.0,False,No cal rebalancejar
weekly_friday,1994-02-04,100.0,positiu,positiu,positiu,positiu,positiu,risc-on,,0,risc-on,False,risc-on,40.0,55.0,5.0,0.0,0.0,0.0,False,No cal rebalancejar
weekly_thursday,1994-02-10,100.0,positiu,positiu,positiu,positiu,positiu,risc-on,,0,risc-on,False,risc-on,40.0,55.0,5.0,0.0,0.0,0.0,False,No cal rebalancejar
weekly_friday,1994-02-11,100.0,positiu,positiu,positiu,positiu,positiu,risc-on,,0,risc-on,False,risc-on,40.0,55.0,5.0,0.0,0.0,0.0,False,No cal rebalancejar
weekly_thursday,1994-02-17,100.0,positiu,positiu,positiu,positiu,positiu,risc-on,,0,risc-on,False,risc-on,40.0,55.0,5.0,0.0,0.0,0.0,False,No cal rebalancejar
weekly_friday,1994-02-18,100.0,positiu,positiu,positiu,positiu,positiu,risc-on,,0,risc-on,False,risc-on,40.0,55.0,5.0,0.0,0.0,0.0,False,No cal rebalancejar
weekly_thursday,1994-02-24,100.0,positiu,positiu,positiu,positiu,positiu,risc-on,,0,risc-on,False,risc-on,40.0,55.0,5.0,0.0,0.0,0.0,False,No cal rebalancejar
weekly_friday,1994-02-25,100.0,positiu,positiu,positiu,positiu,positiu,risc-on,,0,risc-on,False,risc-on,40.0,55.0,5.0,0.0,0.0,0.0,False,No cal rebalancejar
weekly_thursday,1994-03-03,100.0,positiu,positiu,positiu,positiu,positiu,risc-on,,0,risc-on,False,risc-on,40.0,55.0,5.0,0.0,0.0,0.0,False,No cal rebalancejar
weekly_friday,1994-03-04,100.0,positiu,positiu,positiu,positiu,positiu,risc-on,,0,risc-on,False,risc-on,40.0,55.0,5.0,0.0,0.0,0.0,False,No cal rebalancejar
weekly_thursday,1994-03-10,100.0,positiu,positiu,positiu,positiu,positiu,risc-on,,0,risc-on,False,risc-on,40.0,55.0,5.0,0.0,0.0,0.0,False,No cal rebalancejar
weekly_friday,1994-03-11,100.0,positiu,positiu,positiu,positiu,positiu,risc-on,,0,risc-on,False,risc-on,40.0,55.0,5.0,0.0,0.0,0.0,False,No cal rebalancejar
weekly_thursday,1994-03-17,100.0,positiu,positiu,positiu,positiu,positiu,risc-on,,0,risc-on,False,risc-on,40.0,55.0,5.0,0.0,0.0,0.0,False,No cal rebalancejar
weekly_friday,1994-03-18,100.0,positiu,positiu,positiu,positiu,positiu,risc-on,,0,risc-on,False,risc-on,40.0,55.0,5.0,0.0,0.0,0.0,False,No cal rebalancejar
weekly_thursday,1994-03-24,82.22,neutral,positiu,positiu,positiu,positiu,risc-on,,0,risc-on,False,risc-on,40.0,55.0,5.0,0.0,0.0,0.0,False,No cal rebalancejar
weekly_friday,1994-03-25,82.22,neutral,positiu,positiu,positiu,positiu,risc-on,,0,risc-on,False,risc-on,40.0,55.0,5.0,0.0,0.0,0.0,False,No cal rebalancejar
weekly_thursday,1994-03-31,71.11,neutral,neutral,positiu,positiu,positiu,risc-on,,0,risc-on,False,risc-on,40.0,55.0,5.0,0.0,0.0,0.0,False,No cal rebalancejar
weekly_friday,1994-04-01,71.11,neutral,neutral,positiu,positiu,positiu,risc-on,,0,risc-on,False,risc-on,40.0,55.0,5.0,0.0,0.0,0.0,False,No cal rebalancejar
weekly_thursday,1994-04-07,71.11,neutral,neutral,positiu,positiu,positiu,risc-on,,0,risc-on,False,risc-on,40.0,55.0,5.0,0.0,0.0,0.0,False,No cal rebalancejar
weekly_friday,1994-04-08,71.11,neutral,neutral,positiu,positiu,positiu,risc-on,,0,risc-on,False,risc-on,40.0,55.0,5.0,0.0,0.0,0.0,False,No cal rebalancejar
weekly_thursday,1994-04-14,60.0,neutral,negatiu,positiu,positiu,positiu,normal,normal,1,risc-on,False,risc-on,40.0,55.0,5.0,0.0,0.0,0.0,False,No cal rebalancejar
weekly_friday,1994-04-15,60.0,neutral,negatiu,positiu,positiu,positiu,normal,normal,1,risc-on,False,risc-on,40.0,55.0,5.0,0.0,0.0,0.0,False,No cal rebalancejar
weekly_thursday,1994-04-21,60.0,neutral,negatiu,positiu,positiu,positiu,normal,normal,2,risc-on,False,risc-on,40.0,55.0,5.0,0.0,0.0,0.0,False,No cal rebalancejar
weekly_friday,1994-04-22,60.0,neutral,negatiu,positiu,positiu,positiu,normal,normal,2,risc-on,False,risc-on,40.0,55.0,5.0,0.0,0.0,0.0,False,No cal rebalancejar
weekly_thursday,1994-04-28,60.0,neutral,negatiu,positiu,positiu,positiu,normal,normal,3,risc-on,False,risc-on,40.0,55.0,5.0,0.0,0.0,0.0,False,No cal rebalancejar
weekly_friday,1994-04-29,60.0,neutral,negatiu,positiu,positiu,positiu,normal,normal,3,risc-on,False,risc-on,40.0,55.0,5.0,0.0,0.0,0.0,False,No cal rebalancejar
weekly_thursday,1994-05-05,71.11,neutral,neutral,positiu,positiu,positiu,risc-on,,0,risc-on,False,risc-on,40.0,55.0,5.0,0.0,0.0,0.0,False,No cal rebalancejar
weekly_friday,1994-05-06,60.0,neutral,negatiu,positiu,positiu,positiu,normal,,0,normal,False,normal,60.0,25.0,15.0,20.0,-30.0,10.0,True,Comprar 20 pp MSCI World; Vendre 30 pp Nasdaq; Comprar 10 pp Monetari
weekly_thursday,1994-05-12,60.0,neutral,negatiu,positiu,positiu,positiu,normal,normal,1,risc-on,False,risc-on,40.0,55.0,5.0,-20.0,30.0,-10.0,True,Vendre 20 pp MSCI World; Comprar 30 pp Nasdaq; Vendre 10 pp Monetari
weekly_friday,1994-05-13,60.0,neutral,negatiu,positiu,positiu,positiu,normal,,0,normal,False,normal,60.0,25.0,15.0,0.0,0.0,0.0,False,No cal rebalancejar
weekly_thursday,1994-05-19,60.0,neutral,negatiu,positiu,positiu,positiu,normal,normal,2,risc-on,False,risc-on,40.0,55.0,5.0,-20.0,30.0,-10.0,True,Vendre 20 pp MSCI World; Comprar 30 pp Nasdaq; Vendre 10 pp Monetari
weekly_friday,1994-05-20,60.0,neutral,negatiu,positiu,positiu,positiu,normal,,0,normal,False,normal,60.0,25.0,15.0,0.0,0.0,0.0,False,No cal rebalancejar
weekly_thursday,1994-05-26,60.0,neutral,negatiu,positiu,positiu,positiu,normal,normal,3,risc-on,False,risc-on,40.0,55.0,5.0,-20.0,30.0,-10.0,True,Vendre 20 pp MSCI World; Comprar 30 pp Nasdaq; Vendre 10 pp Monetari
weekly_friday,1994-05-27,71.11,neutral,neutral,positiu,positiu,positiu,normal,,0,normal,False,normal,60.0,25.0,15.0,0.0,0.0,0.0,False,No cal rebalancejar
weekly_thursday,1994-06-02,71.11,neutral,neutral,positiu,positiu,positiu,risc-on,,0,risc-on,False,risc-on,40.0,55.0,5.0,-20.0,30.0,-10.0,True,Vendre 20 pp MSCI World; Comprar 30 pp Nasdaq; Vendre 10 pp Monetari
weekly_friday,1994-06-03,71.11,neutral,neutral,positiu,positiu,positiu,normal,,0,normal,False,normal,60.0,25.0,15.0,0.0,0.0,0.0,False,No cal rebalancejar
weekly_thursday,1994-06-09,60.0,neutral,negatiu,positiu,positiu,positiu,normal,normal,1,risc-on,False,risc-on,40.0,55.0,5.0,-20.0,30.0,-10.0,True,Vendre 20 pp MSCI World; Comprar 30 pp Nasdaq; Vendre 10 pp Monetari
weekly_friday,1994-06-10,60.0,neutral,negatiu,positiu,positiu,positiu,normal,,0,normal,False,normal,60.0,25.0,15.0,0.0,0.0,0.0,False,No cal rebalancejar
weekly_thursday,1994-06-16,71.11,neutral,neutral,positiu,positiu,positiu,risc-on,,0,risc-on,False,risc-on,40.0,55.0,5.0,-20.0,30.0,-10.0,True,Vendre 20 pp MSCI World; Comprar 30 pp Nasdaq; Vendre 10 pp Monetari
weekly_friday,1994-06-17,60.0,neutral,negatiu,positiu,positiu,positiu,normal,,0,normal,False,normal,60.0,25.0,15.0,0.0,0.0,0.0,False,No cal rebalancejar
weekly_thursday,1994-06-23,60.0,neutral,negatiu,positiu,positiu,positiu,normal,normal,1,risc-on,False,risc-on,40.0,55.0,5.0,-20.0,30.0,-10.0,True,Vendre 20 pp MSCI World; Comprar 30 pp Nasdaq; Vendre 10 pp Monetari
weekly_friday,1994-06-24,60.0,neutral,negatiu,positiu,positiu,positiu,normal,,0,normal,False,normal,60.0,25.0,15.0,0.0,0.0,0.0,False,No cal rebalancejar
weekly_thursday,1994-06-30,60.0,neutral,negatiu,positiu,positiu,positiu,normal,normal,2,risc-on,False,risc-on,40.0,55.0,5.0,-20.0,30.0,-10.0,True,Vendre 20 pp MSCI World; Comprar 30 pp Nasdaq; Vendre 10 pp Monetari
weekly_friday,1994-07-01,60.0,neutral,negatiu,positiu,positiu,positiu,normal,,0,normal,False,normal,60.0,25.0,15.0,0.0,0.0,0.0,False,No cal rebalancejar
weekly_thursday,1994-07-07,60.0,neutral,negatiu,positiu,positiu,positiu,normal,normal,3,risc-on,False,risc-on,40.0,55.0,5.0,-20.0,30.0,-10.0,True,Vendre 20 pp MSCI World; Comprar 30 pp Nasdaq; Vendre 10 pp Monetari
weekly_friday,1994-07-08,60.0,neutral,negatiu,positiu,positiu,positiu,normal,,0,normal,False,normal,60.0,25.0,15.0,0.0,0.0,0.0,False,No cal rebalancejar
weekly_thursday,1994-07-14,77.78,positiu,negatiu,positiu,positiu,positiu,risc-on,,0,risc-on,False,risc-on,40.0,55.0,5.0,-20.0,30.0,-10.0,True,Vendre 20 pp MSCI World; Comprar 30 pp Nasdaq; Vendre 10 pp Monetari
weekly_friday,1994-07-15,77.78,positiu,negatiu,positiu,positiu,positiu,risc-on,risc-on,1,normal,False,normal,60.0,25.0,15.0,0.0,0.0,0.0,False,No cal rebalancejar
weekly_thursday,1994-07-21,60.0,neutral,negatiu,positiu,positiu,positiu,normal,normal,1,risc-on,False,risc-on,40.0,55.0,5.0,-20.0,30.0,-10.0,True,Vendre 20 pp MSCI World; Comprar 30 pp Nasdaq; Vendre 10 pp Monetari
weekly_friday,1994-07-22,60.0,neutral,negatiu,positiu,positiu,positiu,normal,,0,normal,False,normal,60.0,25.0,15.0,0.0,0.0,0.0,False,No cal rebalancejar
weekly_thursday,1994-07-28,60.0,neutral,negatiu,positiu,positiu,positiu,normal,normal,2,risc-on,False,risc-on,40.0,55.0,5.0,-20.0,30.0,-10.0,True,Vendre 20 pp MSCI World; Comprar 30 pp Nasdaq; Vendre 10 pp Monetari
weekly_friday,1994-07-29,60.0,neutral,negatiu,positiu,positiu,positiu,normal,,0,normal,False,normal,60.0,25.0,15.0,0.0,0.0,0.0,False,No cal rebalancejar
weekly_thursday,1994-08-04,77.78,positiu,negatiu,positiu,positiu,positiu,risc-on,,0,risc-on,False,risc-on,40.0,55.0,5.0,-20.0,30.0,-10.0,True,Vendre 20 pp MSCI World; Comprar 30 pp Nasdaq; Vendre 10 pp Monetari
weekly_friday,1994-08-05,77.78,positiu,negatiu,positiu,positiu,positiu,risc-on,risc-on,1,normal,False,normal,60.0,25.0,15.0,0.0,0.0,0.0,False,No cal rebalancejar
weekly_thursday,1994-08-11,88.89,positiu,neutral,positiu,positiu,positiu,risc-on,,0,risc-on,False,risc-on,40.0,55.0,5.0,-20.0,30.0,-10.0,True,Vendre 20 pp MSCI World; Comprar 30 pp Nasdaq; Vendre 10 pp Monetari
weekly_friday,1994-08-12,71.11,neutral,neutral,positiu,positiu,positiu,normal,,0,normal,False,normal,60.0,25.0,15.0,0.0,0.0,0.0,False,No cal rebalancejar
weekly_thursday,1994-08-18,88.89,positiu,neutral,positiu,positiu,positiu,risc-on,,0,risc-on,False,risc-on,40.0,55.0,5.0,-20.0,30.0,-10.0,True,Vendre 20 pp MSCI World; Comprar 30 pp Nasdaq; Vendre 10 pp Monetari
weekly_friday,1994-08-19,88.89,positiu,neutral,positiu,positiu,positiu,risc-on,risc-on,1,normal,False,normal,60.0,25.0,15.0,0.0,0.0,0.0,False,No cal rebalancejar
weekly_thursday,1994-08-25,88.89,positiu,neutral,positiu,positiu,positiu,risc-on,,0,risc-on,False,risc-on,40.0,55.0,5.0,-20.0,30.0,-10.0,True,Vendre 20 pp MSCI World; Comprar 30 pp Nasdaq; Vendre 10 pp Monetari
weekly_friday,1994-08-26,100.0,positiu,positiu,positiu,positiu,positiu,risc-on,risc-on,2,normal,False,normal,60.0,25.0,15.0,0.0,0.0,0.0,False,No cal rebalancejar
weekly_thursday,1994-09-01,88.89,positiu,neutral,positiu,positiu,positiu,risc-on,,0,risc-on,False,risc-on,40.0,55.0,5.0,-20.0,30.0,-10.0,True,Vendre 20 pp MSCI World; Comprar 30 pp Nasdaq; Vendre 10 pp Monetari
weekly_friday,1994-09-02,88.89,positiu,neutral,positiu,positiu,positiu,risc-on,risc-on,3,normal,False,normal,60.0,25.0,15.0,0.0,0.0,0.0,False,No cal rebalancejar
weekly_thursday,1994-09-08,100.0,positiu,positiu,positiu,positiu,positiu,risc-on,,0,risc-on,False,risc-on,40.0,55.0,5.0,-20.0,30.0,-10.0,True,Vendre 20 pp MSCI World; Comprar 30 pp Nasdaq; Vendre 10 pp Monetari
weekly_friday,1994-09-09,88.89,positiu,neutral,positiu,positiu,positiu,risc-on,,0,risc-on,False,risc-on,40.0,55.0,5.0,-20.0,30.0,-10.0,True,Vendre 20 pp MSCI World; Comprar 30 pp Nasdaq; Vendre 10 pp Monetari
weekly_thursday,1994-09-15,82.22,neutral,positiu,positiu,positiu,positiu,risc-on,,0,risc-on,False,risc-on,40.0,55.0,5.0,0.0,0.0,0.0,False,No cal rebalancejar
weekly_friday,1994-09-16,82.22,neutral,positiu,positiu,positiu,positiu,risc-on,,0,risc-on,False,risc-on,40.0,55.0,5.0,0.0,0.0,0.0,False,No cal rebalancejar
weekly_thursday,1994-09-22,71.11,neutral,neutral,positiu,positiu,positiu,risc-on,,0,risc-on,False,risc-on,40.0,55.0,5.0,0.0,0.0,0.0,False,No cal rebalancejar
weekly_friday,1994-09-23,71.11,neutral,neutral,positiu,positiu,positiu,risc-on,,0,risc-on,False,risc-on,40.0,55.0,5.0,0.0,0.0,0.0,False,No cal rebalancejar
weekly_thursday,1994-09-29,64.44,neutral,neutral,neutral,positiu,positiu,normal,normal,1,risc-on,False,risc-on,40.0,55.0,5.0,0.0,0.0,0.0,False,No cal rebalancejar
weekly_friday,1994-09-30,64.44,neutral,neutral,neutral,positiu,positiu,normal,normal,1,risc-on,False,risc-on,40.0,55.0,5.0,0.0,0.0,0.0,False,No cal rebalancejar
weekly_thursday,1994-10-06,64.44,neutral,neutral,neutral,positiu,positiu,normal,normal,2,risc-on,False,risc-on,40.0,55.0,5.0,0.0,0.0,0.0,False,No cal rebalancejar
weekly_friday,1994-10-07,64.44,neutral,neutral,neutral,positiu,positiu,normal,normal,2,risc-on,False,risc-on,40.0,55.0,5.0,0.0,0.0,0.0,False,No cal rebalancejar
weekly_thursday,1994-10-13,75.56,neutral,positiu,neutral,positiu,positiu,risc-on,,0,risc-on,False,risc-on,40.0,55.0,5.0,0.0,0.0,0.0,False,No cal rebalancejar
weekly_friday,1994-10-14,82.22,neutral,positiu,positiu,positiu,positiu,risc-on,,0,risc-on,False,risc-on,40.0,55.0,5.0,0.0,0.0,0.0,False,No cal rebalancejar
weekly_thursday,1994-10-20,82.22,neutral,positiu,positiu,positiu,positiu,risc-on,,0,risc-on,False,risc-on,40.0,55.0,5.0,0.0,0.0,0.0,False,No cal rebalancejar
weekly_friday,1994-10-21,82.22,neutral,positiu,positiu,positiu,positiu,risc-on,,0,risc-on,False,risc-on,40.0,55.0,5.0,0.0,0.0,0.0,False,No cal rebalancejar
weekly_thursday,1994-10-27,82.22,neutral,positiu,positiu,positiu,positiu,risc-on,,0,risc-on,False,risc-on,40.0,55.0,5.0,0.0,0.0,0.0,False,No cal rebalancejar
weekly_friday,1994-10-28,82.22,neutral,positiu,positiu,positiu,positiu,risc-on,,0,risc-on,False,risc-on,40.0,55.0,5.0,0.0,0.0,0.0,False,No cal rebalancejar
weekly_thursday,1994-11-03,82.22,neutral,positiu,positiu,positiu,positiu,risc-on,,0,risc-on,False,risc-on,40.0,55.0,5.0,0.0,0.0,0.0,False,No cal rebalancejar
weekly_friday,1994-11-04,82.22,neutral,positiu,positiu,positiu,positiu,risc-on,,0,risc-on,False,risc-on,40.0,55.0,5.0,0.0,0.0,0.0,False,No cal rebalancejar
weekly_thursday,1994-11-10,82.22,neutral,positiu,positiu,positiu,positiu,risc-on,,0,risc-on,False,risc-on,40.0,55.0,5.0,0.0,0.0,0.0,False,No cal rebalancejar
weekly_friday,1994-11-11,82.22,neutral,positiu,positiu,positiu,positiu,risc-on,,0,risc-on,False,risc-on,40.0,55.0,5.0,0.0,0.0,0.0,False,No cal rebalancejar
weekly_thursday,1994-11-17,82.22,neutral,positiu,positiu,positiu,positiu,risc-on,,0,risc-on,False,risc-on,40.0,55.0,5.0,0.0,0.0,0.0,False,No cal rebalancejar
weekly_friday,1994-11-18,82.22,neutral,positiu,positiu,positiu,positiu,risc-on,,0,risc-on,False,risc-on,40.0,55.0,5.0,0.0,0.0,0.0,False,No cal rebalancejar
weekly_thursday,1994-11-24,64.44,neutral,neutral,neutral,positiu,positiu,normal,normal,1,risc-on,False,risc-on,40.0,55.0,5.0,0.0,0.0,0.0,False,No cal rebalancejar
weekly_friday,1994-11-25,75.56,neutral,positiu,neutral,positiu,positiu,risc-on,,0,risc-on,False,risc-on,40.0,55.0,5.0,0.0,0.0,0.0,False,No cal rebalancejar
weekly_thursday,1994-12-01,64.44,neutral,neutral,neutral,positiu,positiu,normal,normal,2,risc-on,False,risc-on,40.0,55.0,5.0,0.0,0.0,0.0,False,No cal rebalancejar
weekly_friday,1994-12-02,75.56,neutral,positiu,neutral,positiu,positiu,risc-on,,0,risc-on,False,risc-on,40.0,55.0,5.0,0.0,0.0,0.0,False,No cal rebalancejar
weekly_thursday,1994-12-08,64.44,neutral,neutral,neutral,positiu,positiu,normal,normal,3,risc-on,False,risc-on,40.0,55.0,5.0,0.0,0.0,0.0,False,No cal rebalancejar
weekly_friday,1994-12-09,46.66,negatiu,neutral,neutral,positiu,positiu,normal,normal,1,risc-on,False,risc-on,40.0,55.0,5.0,0.0,0.0,0.0,False,No cal rebalancejar
weekly_thursday,1994-12-15,64.44,neutral,neutral,neutral,positiu,positiu,normal,,0,normal,False,normal,60.0,25.0,15.0,20.0,-30.0,10.0,True,Comprar 20 pp MSCI World; Vendre 30 pp Nasdaq; Comprar 10 pp Monetari
weekly_friday,1994-12-16,64.44,neutral,neutral,neutral,positiu,positiu,normal,normal,2,risc-on,False,risc-on,40.0,55.0,5.0,0.0,0.0,0.0,False,No cal rebalancejar
weekly_thursday,1994-12-22,75.56,neutral,positiu,neutral,positiu,positiu,risc-on,risc-on,1,normal,False,normal,60.0,25.0,15.0,20.0,-30.0,10.0,True,Comprar 20 pp MSCI World; Vendre 30 pp Nasdaq; Comprar 10 pp Monetari
weekly_friday,1994-12-23,75.56,neutral,positiu,neutral,positiu,positiu,risc-on,,0,risc-on,False,risc-on,40.0,55.0,5.0,0.0,0.0,0.0,False,No cal rebalancejar
weekly_thursday,1994-12-29,75.56,neutral,positiu,neutral,positiu,positiu,risc-on,risc-on,2,normal,False,normal,60.0,25.0,15.0,20.0,-30.0,10.0,True,Comprar 20 pp MSCI World; Vendre 30 pp Nasdaq; Comprar 10 pp Monetari
weekly_friday,1994-12-30,75.56,neutral,positiu,neutral,positiu,positiu,risc-on,,0,risc-on,False,risc-on,40.0,55.0,5.0,0.0,0.0,0.0,False,No cal rebalancejar
weekly_thursday,1995-01-05,75.56,neutral,positiu,neutral,positiu,positiu,risc-on,risc-on,3,normal,False,normal,60.0,25.0,15.0,20.0,-30.0,10.0,True,Comprar 20 pp MSCI World; Vendre 30 pp Nasdaq; Comprar 10 pp Monetari
weekly_friday,1995-01-06,75.56,neutral,positiu,neutral,positiu,positiu,risc-on,,0,risc-on,False,risc-on,40.0,55.0,5.0,0.0,0.0,0.0,False,No cal rebalancejar
weekly_thursday,1995-01-12,75.56,neutral,positiu,neutral,positiu,positiu,risc-on,,0,risc-on,False,risc-on,40.0,55.0,5.0,0.0,0.0,0.0,False,No cal rebalancejar
weekly_friday,1995-01-13,75.56,neutral,positiu,neutral,positiu,positiu,risc-on,,0,risc-on,False,risc-on,40.0,55.0,5.0,0.0,0.0,0.0,False,No cal rebalancejar
weekly_thursday,1995-01-19,75.56,neutral,positiu,neutral,positiu,positiu,risc-on,,0,risc-on,False,risc-on,40.0,55.0,5.0,0.0,0.0,0.0,False,No cal rebalancejar
weekly_friday,1995-01-20,75.56,neutral,positiu,neutral,positiu,positiu,risc-on,,0,risc-on,False,risc-on,40.0,55.0,5.0,0.0,0.0,0.0,False,No cal rebalancejar
weekly_thursday,1995-01-26,51.11,negatiu,positiu,negatiu,positiu,positiu,normal,normal,1,risc-on,False,risc-on,40.0,55.0,5.0,0.0,0.0,0.0,False,No cal rebalancejar
weekly_friday,1995-01-27,57.77,negatiu,positiu,neutral,positiu,positiu,normal,normal,1,risc-on,False,risc-on,40.0,55.0,5.0,0.0,0.0,0.0,False,No cal rebalancejar
weekly_thursday,1995-02-02,75.56,neutral,positiu,neutral,positiu,positiu,risc-on,,0,risc-on,False,risc-on,40.0,55.0,5.0,0.0,0.0,0.0,False,No cal rebalancejar
weekly_friday,1995-02-03,75.56,neutral,positiu,neutral,positiu,positiu,risc-on,,0,risc-on,False,risc-on,40.0,55.0,5.0,0.0,0.0,0.0,False,No cal rebalancejar
weekly_thursday,1995-02-09,75.56,neutral,positiu,neutral,positiu,positiu,risc-on,,0,risc-on,False,risc-on,40.0,55.0,5.0,0.0,0.0,0.0,False,No cal rebalancejar
weekly_friday,1995-02-10,75.56,neutral,positiu,neutral,positiu,positiu,risc-on,,0,risc-on,False,risc-on,40.0,55.0,5.0,0.0,0.0,0.0,False,No cal rebalancejar
weekly_thursday,1995-02-16,75.56,neutral,positiu,neutral,positiu,positiu,risc-on,,0,risc-on,False,risc-on,40.0,55.0,5.0,0.0,0.0,0.0,False,No cal rebalancejar
weekly_friday,1995-02-17,75.56,neutral,positiu,neutral,positiu,positiu,risc-on,,0,risc-on,False,risc-on,40.0,55.0,5.0,0.0,0.0,0.0,False,No cal rebalancejar
weekly_thursday,1995-02-23,75.56,neutral,positiu,neutral,positiu,positiu,risc-on,,0,risc-on,False,risc-on,40.0,55.0,5.0,0.0,0.0,0.0,False,No cal rebalancejar
weekly_friday,1995-02-24,75.56,neutral,positiu,neutral,positiu,positiu,risc-on,,0,risc-on,False,risc-on,40.0,55.0,5.0,0.0,0.0,0.0,False,No cal rebalancejar
weekly_thursday,1995-03-02,75.56,neutral,positiu,neutral,positiu,positiu,risc-on,,0,risc-on,False,risc-on,40.0,55.0,5.0,0.0,0.0,0.0,False,No cal rebalancejar
weekly_friday,1995-03-03,75.56,neutral,positiu,neutral,positiu,positiu,risc-on,,0,risc-on,False,risc-on,40.0,55.0,5.0,0.0,0.0,0.0,False,No cal rebalancejar
weekly_thursday,1995-03-09,75.56,neutral,positiu,neutral,positiu,positiu,risc-on,,0,risc-on,False,risc-on,40.0,55.0,5.0,0.0,0.0,0.0,False,No cal rebalancejar
weekly_friday,1995-03-10,75.56,neutral,positiu,neutral,positiu,positiu,risc-on,,0,risc-on,False,risc-on,40.0,55.0,5.0,0.0,0.0,0.0,False,No cal rebalancejar
weekly_thursday,1995-03-16,75.56,neutral,positiu,neutral,positiu,positiu,risc-on,,0,risc-on,False,risc-on,40.0,55.0,5.0,0.0,0.0,0.0,False,No cal rebalancejar
weekly_friday,1995-03-17,75.56,neutral,positiu,neutral,positiu,positiu,risc-on,,0,risc-on,False,risc-on,40.0,55.0,5.0,0.0,0.0,0.0,False,No cal rebalancejar
weekly_thursday,1995-03-23,75.56,neutral,positiu,neutral,positiu,positiu,risc-on,,0,risc-on,False,risc-on,40.0,55.0,5.0,0.0,0.0,0.0,False,No cal rebalancejar
weekly_friday,1995-03-24,75.56,neutral,positiu,neutral,positiu,positiu,risc-on,,0,risc-on,False,risc-on,40.0,55.0,5.0,0.0,0.0,0.0,False,No cal rebalancejar
weekly_thursday,1995-03-30,82.22,neutral,positiu,positiu,positiu,positiu,risc-on,,0,risc-on,False,risc-on,40.0,55.0,5.0,0.0,0.0,0.0,False,No cal rebalancejar
weekly_friday,1995-03-31,82.22,neutral,positiu,positiu,positiu,positiu,risc-on,,0,risc-on,False,risc-on,40.0,55.0,5.0,0.0,0.0,0.0,False,No cal rebalancejar
weekly_thursday,1995-04-06,100.0,positiu,positiu,positiu,positiu,positiu,risc-on,,0,risc-on,False,risc-on,40.0,55.0,5.0,0.0,0.0,0.0,False,No cal rebalancejar
weekly_friday,1995-04-07,100.0,positiu,positiu,positiu,positiu,positiu,risc-on,,0,risc-on,False,risc-on,40.0,55.0,5.0,0.0,0.0,0.0,False,No cal rebalancejar
weekly_thursday,1995-04-13,100.0,positiu,positiu,positiu,positiu,positiu,risc-on,,0,risc-on,False,risc-on,40.0,55.0,5.0,0.0,0.0,0.0,False,No cal rebalancejar
weekly_friday,1995-04-14,100.0,positiu,positiu,positiu,positiu,positiu,risc-on,,0,risc-on,False,risc-on,40.0,55.0,5.0,0.0,0.0,0.0,False,No cal rebalancejar
weekly_thursday,1995-04-20,100.0,positiu,positiu,positiu,positiu,positiu,risc-on,,0,risc-on,False,risc-on,40.0,55.0,5.0,0.0,0.0,0.0,False,No cal rebalancejar
weekly_friday,1995-04-21,100.0,positiu,positiu,positiu,positiu,positiu,risc-on,,0,risc-on,False,risc-on,40.0,55.0,5.0,0.0,0.0,0.0,False,No cal rebalancejar
weekly_thursday,1995-04-27,100.0,positiu,positiu,positiu,positiu,positiu,risc-on,,0,risc-on,False,risc-on,40.0,55.0,5.0,0.0,0.0,0.0,False,No cal rebalancejar
weekly_friday,1995-04-28,100.0,positiu,positiu,positiu,positiu,positiu,risc-on,,0,risc-on,False,risc-on,40.0,55.0,5.0,0.0,0.0,0.0,False,No cal rebalancejar
weekly_thursday,1995-05-04,100.0,positiu,positiu,positiu,positiu,positiu,risc-on,,0,risc-on,False,risc-on,40.0,55.0,5.0,0.0,0.0,0.0,False,No cal rebalancejar
weekly_friday,1995-05-05,100.0,positiu,positiu,positiu,positiu,positiu,risc-on,,0,risc-on,False,risc-on,40.0,55.0,5.0,0.0,0.0,0.0,False,No cal rebalancejar
weekly_thursday,1995-05-11,100.0,positiu,positiu,positiu,positiu,positiu,risc-on,,0,risc-on,False,risc-on,40.0,55.0,5.0,0.0,0.0,0.0,False,No cal rebalancejar
weekly_friday,1995-05-12,100.0,positiu,positiu,positiu,positiu,positiu,risc-on,,0,risc-on,False,risc-on,40.0,55.0,5.0,0.0,0.0,0.0,False,No cal rebalancejar
weekly_thursday,1995-05-18,100.0,positiu,positiu,positiu,positiu,positiu,risc-on,,0,risc-on,False,risc-on,40.0,55.0,5.0,0.0,0.0,0.0,False,No cal rebalancejar
weekly_friday,1995-05-19,100.0,positiu,positiu,positiu,positiu,positiu,risc-on,,0,risc-on,False,risc-on,40.0,55.0,5.0,0.0,0.0,0.0,False,No cal rebalancejar
weekly_thursday,1995-05-25,100.0,positiu,positiu,positiu,positiu,positiu,risc-on,,0,risc-on,False,risc-on,40.0,55.0,5.0,0.0,0.0,0.0,False,No cal rebalancejar
weekly_friday,1995-05-26,100.0,positiu,positiu,positiu,positiu,positiu,risc-on,,0,risc-on,False,risc-on,40.0,55.0,5.0,0.0,0.0,0.0,False,No cal rebalancejar
weekly_thursday,1995-06-01,100.0,positiu,positiu,positiu,positiu,positiu,risc-on,,0,risc-on,False,risc-on,40.0,55.0,5.0,0.0,0.0,0.0,False,No cal rebalancejar
weekly_friday,1995-06-02,100.0,positiu,positiu,positiu,positiu,positiu,risc-on,,0,risc-on,False,risc-on,40.0,55.0,5.0,0.0,0.0,0.0,False,No cal rebalancejar
weekly_thursday,1995-06-08,100.0,positiu,positiu,positiu,positiu,positiu,risc-on,,0,risc-on,False,risc-on,40.0,55.0,5.0,0.0,0.0,0.0,False,No cal rebalancejar
weekly_friday,1995-06-09,100.0,positiu,positiu,positiu,positiu,positiu,risc-on,,0,risc-on,False,risc-on,40.0,55.0,5.0,0.0,0.0,0.0,False,No cal rebalancejar
weekly_thursday,1995-06-15,100.0,positiu,positiu,positiu,positiu,positiu,risc-on,,0,risc-on,False,risc-on,40.0,55.0,5.0,0.0,0.0,0.0,False,No cal rebalancejar
weekly_friday,1995-06-16,100.0,positiu,positiu,positiu,positiu,positiu,risc-on,,0,risc-on,False,risc-on,40.0,55.0,5.0,0.0,0.0,0.0,False,No cal rebalancejar
weekly_thursday,1995-06-22,100.0,positiu,positiu,positiu,positiu,positiu,risc-on,,0,risc-on,False,risc-on,40.0,55.0,5.0,0.0,0.0,0.0,False,No cal rebalancejar
weekly_friday,1995-06-23,100.0,positiu,positiu,positiu,positiu,positiu,risc-on,,0,risc-on,False,risc-on,40.0,55.0,5.0,0.0,0.0,0.0,False,No cal rebalancejar
weekly_thursday,1995-06-29,100.0,positiu,positiu,positiu,positiu,positiu,risc-on,,0,risc-on,False,risc-on,40.0,55.0,5.0,0.0,0.0,0.0,False,No cal rebalancejar
weekly_friday,1995-06-30,100.0,positiu,positiu,positiu,positiu,positiu,risc-on,,0,risc-on,False,risc-on,40.0,55.0,5.0,0.0,0.0,0.0,False,No cal rebalancejar
weekly_thursday,1995-07-06,100.0,positiu,positiu,positiu,positiu,positiu,risc-on,,0,risc-on,False,risc-on,40.0,55.0,5.0,0.0,0.0,0.0,False,No cal rebalancejar
weekly_friday,1995-07-07,100.0,positiu,positiu,positiu,positiu,positiu,risc-on,,0,risc-on,False,risc-on,40.0,55.0,5.0,0.0,0.0,0.0,False,No cal rebalancejar
weekly_thursday,1995-07-13,100.0,positiu,positiu,positiu,positiu,positiu,risc-on,,0,risc-on,False,risc-on,40.0,55.0,5.0,0.0,0.0,0.0,False,No cal rebalancejar
weekly_friday,1995-07-14,100.0,positiu,positiu,positiu,positiu,positiu,risc-on,,0,risc-on,False,risc-on,40.0,55.0,5.0,0.0,0.0,0.0,False,No cal rebalancejar
weekly_thursday,1995-07-20,100.0,positiu,positiu,positiu,positiu,positiu,risc-on,,0,risc-on,False,risc-on,40.0,55.0,5.0,0.0,0.0,0.0,False,No cal rebalancejar
weekly_friday,1995-07-21,100.0,positiu,positiu,positiu,positiu,positiu,risc-on,,0,risc-on,False,risc-on,40.0,55.0,5.0,0.0,0.0,0.0,False,No cal rebalancejar
weekly_thursday,1995-07-27,100.0,positiu,positiu,positiu,positiu,positiu,risc-on,,0,risc-on,False,risc-on,40.0,55.0,5.0,0.0,0.0,0.0,False,No cal rebalancejar
weekly_friday,1995-07-28,100.0,positiu,positiu,positiu,positiu,positiu,risc-on,,0,risc-on,False,risc-on,40.0,55.0,5.0,0.0,0.0,0.0,False,No cal rebalancejar
weekly_thursday,1995-08-03,100.0,positiu,positiu,positiu,positiu,positiu,risc-on,,0,risc-on,False,risc-on,40.0,55.0,5.0,0.0,0.0,0.0,False,No cal rebalancejar
weekly_friday,1995-08-04,100.0,positiu,positiu,positiu,positiu,positiu,risc-on,,0,risc-on,False,risc-on,40.0,55.0,5.0,0.0,0.0,0.0,False,No cal rebalancejar
weekly_thursday,1995-08-10,100.0,positiu,positiu,positiu,positiu,positiu,risc-on,,0,risc-on,False,risc-on,40.0,55.0,5.0,0.0,0.0,0.0,False,No cal rebalancejar
weekly_friday,1995-08-11,100.0,positiu,positiu,positiu,positiu,positiu,risc-on,,0,risc-on,False,risc-on,40.0,55.0,5.0,0.0,0.0,0.0,False,No cal rebalancejar
weekly_thursday,1995-08-17,100.0,positiu,positiu,positiu,positiu,positiu,risc-on,,0,risc-on,False,risc-on,40.0,55.0,5.0,0.0,0.0,0.0,False,No cal rebalancejar
weekly_friday,1995-08-18,100.0,positiu,positiu,positiu,positiu,positiu,risc-on,,0,risc-on,False,risc-on,40.0,55.0,5.0,0.0,0.0,0.0,False,No cal rebalancejar
weekly_thursday,1995-08-24,100.0,positiu,positiu,positiu,positiu,positiu,risc-on,,0,risc-on,False,risc-on,40.0,55.0,5.0,0.0,0.0,0.0,False,No cal rebalancejar
weekly_friday,1995-08-25,100.0,positiu,positiu,positiu,positiu,positiu,risc-on,,0,risc-on,False,risc-on,40.0,55.0,5.0,0.0,0.0,0.0,False,No cal rebalancejar
weekly_thursday,1995-08-31,100.0,positiu,positiu,positiu,positiu,positiu,risc-on,,0,risc-on,False,risc-on,40.0,55.0,5.0,0.0,0.0,0.0,False,No cal rebalancejar
weekly_friday,1995-09-01,100.0,positiu,positiu,positiu,positiu,positiu,risc-on,,0,risc-on,False,risc-on,40.0,55.0,5.0,0.0,0.0,0.0,False,No cal rebalancejar
weekly_thursday,1995-09-07,100.0,positiu,positiu,positiu,positiu,positiu,risc-on,,0,risc-on,False,risc-on,40.0,55.0,5.0,0.0,0.0,0.0,False,No cal rebalancejar
weekly_friday,1995-09-08,100.0,positiu,positiu,positiu,positiu,positiu,risc-on,,0,risc-on,False,risc-on,40.0,55.0,5.0,0.0,0.0,0.0,False,No cal rebalancejar
weekly_thursday,1995-09-14,100.0,positiu,positiu,positiu,positiu,positiu,risc-on,,0,risc-on,False,risc-on,40.0,55.0,5.0,0.0,0.0,0.0,False,No cal rebalancejar
weekly_friday,1995-09-15,100.0,positiu,positiu,positiu,positiu,positiu,risc-on,,0,risc-on,False,risc-on,40.0,55.0,5.0,0.0,0.0,0.0,False,No cal rebalancejar
weekly_thursday,1995-09-21,100.0,positiu,positiu,positiu,positiu,positiu,risc-on,,0,risc-on,False,risc-on,40.0,55.0,5.0,0.0,0.0,0.0,False,No cal rebalancejar
weekly_friday,1995-09-22,100.0,positiu,positiu,positiu,positiu,positiu,risc-on,,0,risc-on,False,risc-on,40.0,55.0,5.0,0.0,0.0,0.0,False,No cal rebalancejar
weekly_thursday,1995-09-28,100.0,positiu,positiu,positiu,positiu,positiu,risc-on,,0,risc-on,False,risc-on,40.0,55.0,5.0,0.0,0.0,0.0,False,No cal rebalancejar
weekly_friday,1995-09-29,100.0,positiu,positiu,positiu,positiu,positiu,risc-on,,0,risc-on,False,risc-on,40.0,55.0,5.0,0.0,0.0,0.0,False,No cal rebalancejar
weekly_thursday,1995-10-05,100.0,positiu,positiu,positiu,positiu,positiu,risc-on,,0,risc-on,False,risc-on,40.0,55.0,5.0,0.0,0.0,0.0,False,No cal rebalancejar
weekly_friday,1995-10-06,100.0,positiu,positiu,positiu,positiu,positiu,risc-on,,0,risc-on,False,risc-on,40.0,55.0,5.0,0.0,0.0,0.0,False,No cal rebalancejar
weekly_thursday,1995-10-12,100.0,positiu,positiu,positiu,positiu,positiu,risc-on,,0,risc-on,False,risc-on,40.0,55.0,5.0,0.0,0.0,0.0,False,No cal rebalancejar
weekly_friday,1995-10-13,100.0,positiu,positiu,positiu,positiu,positiu,risc-on,,0,risc-on,False,risc-on,40.0,55.0,5.0,0.0,0.0,0.0,False,No cal rebalancejar
weekly_thursday,1995-10-19,100.0,positiu,positiu,positiu,positiu,positiu,risc-on,,0,risc-on,False,risc-on,40.0,55.0,5.0,0.0,0.0,0.0,False,No cal rebalancejar
weekly_friday,1995-10-20,100.0,positiu,positiu,positiu,positiu,positiu,risc-on,,0,risc-on,False,risc-on,40.0,55.0,5.0,0.0,0.0,0.0,False,No cal rebalancejar
weekly_thursday,1995-10-26,100.0,positiu,positiu,positiu,positiu,positiu,risc-on,,0,risc-on,False,risc-on,40.0,55.0,5.0,0.0,0.0,0.0,False,No cal rebalancejar
weekly_friday,1995-10-27,100.0,positiu,positiu,positiu,positiu,positiu,risc-on,,0,risc-on,False,risc-on,40.0,55.0,5.0,0.0,0.0,0.0,False,No cal rebalancejar
weekly_thursday,1995-11-02,100.0,positiu,positiu,positiu,positiu,positiu,risc-on,,0,risc-on,False,risc-on,40.0,55.0,5.0,0.0,0.0,0.0,False,No cal rebalancejar
weekly_friday,1995-11-03,100.0,positiu,positiu,positiu,positiu,positiu,risc-on,,0,risc-on,False,risc-on,40.0,55.0,5.0,0.0,0.0,0.0,False,No cal rebalancejar
weekly_thursday,1995-11-09,100.0,positiu,positiu,positiu,positiu,positiu,risc-on,,0,risc-on,False,risc-on,40.0,55.0,5.0,0.0,0.0,0.0,False,No cal rebalancejar
weekly_friday,1995-11-10,100.0,positiu,positiu,positiu,positiu,positiu,risc-on,,0,risc-on,False,risc-on,40.0,55.0,5.0,0.0,0.0,0.0,False,No cal rebalancejar
weekly_thursday,1995-11-16,100.0,positiu,positiu,positiu,positiu,positiu,risc-on,,0,risc-on,False,risc-on,40.0,55.0,5.0,0.0,0.0,0.0,False,No cal rebalancejar
weekly_friday,1995-11-17,100.0,positiu,positiu,positiu,positiu,positiu,risc-on,,0,risc-on,False,risc-on,40.0,55.0,5.0,0.0,0.0,0.0,False,No cal rebalancejar
weekly_thursday,1995-11-23,100.0,positiu,positiu,positiu,positiu,positiu,risc-on,,0,risc-on,False,risc-on,40.0,55.0,5.0,0.0,0.0,0.0,False,No cal rebalancejar
weekly_friday,1995-11-24,100.0,positiu,positiu,positiu,positiu,positiu,risc-on,,0,risc-on,False,risc-on,40.0,55.0,5.0,0.0,0.0,0.0,False,No cal rebalancejar
weekly_thursday,1995-11-30,100.0,positiu,positiu,positiu,positiu,positiu,risc-on,,0,risc-on,False,risc-on,40.0,55.0,5.0,0.0,0.0,0.0,False,No cal rebalancejar
weekly_friday,1995-12-01,100.0,positiu,positiu,positiu,positiu,positiu,risc-on,,0,risc-on,False,risc-on,40.0,55.0,5.0,0.0,0.0,0.0,False,No cal rebalancejar
weekly_thursday,1995-12-07,100.0,positiu,positiu,positiu,positiu,positiu,risc-on,,0,risc-on,False,risc-on,40.0,55.0,5.0,0.0,0.0,0.0,False,No cal rebalancejar
weekly_friday,1995-12-08,100.0,positiu,positiu,positiu,positiu,positiu,risc-on,,0,risc-on,False,risc-on,40.0,55.0,5.0,0.0,0.0,0.0,False,No cal rebalancejar
weekly_thursday,1995-12-14,100.0,positiu,positiu,positiu,positiu,positiu,risc-on,,0,risc-on,False,risc-on,40.0,55.0,5.0,0.0,0.0,0.0,False,No cal rebalancejar
weekly_friday,1995-12-15,100.0,positiu,positiu,positiu,positiu,positiu,risc-on,,0,risc-on,False,risc-on,40.0,55.0,5.0,0.0,0.0,0.0,False,No cal rebalancejar
weekly_thursday,1995-12-21,100.0,positiu,positiu,positiu,positiu,positiu,risc-on,,0,risc-on,False,risc-on,40.0,55.0,5.0,0.0,0.0,0.0,False,No cal rebalancejar
weekly_friday,1995-12-22,100.0,positiu,positiu,positiu,positiu,positiu,risc-on,,0,risc-on,False,risc-on,40.0,55.0,5.0,0.0,0.0,0.0,False,No cal rebalancejar
weekly_thursday,1995-12-28,100.0,positiu,positiu,positiu,positiu,positiu,risc-on,,0,risc-on,False,risc-on,40.0,55.0,5.0,0.0,0.0,0.0,False,No cal rebalancejar
weekly_friday,1995-12-29,100.0,positiu,positiu,positiu,positiu,positiu,risc-on,,0,risc-on,False,risc-on,40.0,55.0,5.0,0.0,0.0,0.0,False,No cal rebalancejar
weekly_thursday,1996-01-04,100.0,positiu,positiu,positiu,positiu,positiu,risc-on,,0,risc-on,False,risc-on,40.0,55.0,5.0,0.0,0.0,0.0,False,No cal rebalancejar
weekly_friday,1996-01-05,100.0,positiu,positiu,positiu,positiu,positiu,risc-on,,0,risc-on,False,risc-on,40.0,55.0,5.0,0.0,0.0,0.0,False,No cal rebalancejar
weekly_thursday,1996-01-11,88.89,positiu,neutral,positiu,positiu,positiu,risc-on,,0,risc-on,False,risc-on,40.0,55.0,5.0,0.0,0.0,0.0,False,No cal rebalancejar
weekly_friday,1996-01-12,88.89,positiu,neutral,positiu,positiu,positiu,risc-on,,0,risc-on,False,risc-on,40.0,55.0,5.0,0.0,0.0,0.0,False,No cal rebalancejar
weekly_thursday,1996-01-18,88.89,positiu,neutral,positiu,positiu,positiu,risc-on,,0,risc-on,False,risc-on,40.0,55.0,5.0,0.0,0.0,0.0,False,No cal rebalancejar
weekly_friday,1996-01-19,88.89,positiu,neutral,positiu,positiu,positiu,risc-on,,0,risc-on,False,risc-on,40.0,55.0,5.0,0.0,0.0,0.0,False,No cal rebalancejar
weekly_thursday,1996-01-25,100.0,positiu,positiu,positiu,positiu,positiu,risc-on,,0,risc-on,False,risc-on,40.0,55.0,5.0,0.0,0.0,0.0,False,No cal rebalancejar
weekly_friday,1996-01-26,100.0,positiu,positiu,positiu,positiu,positiu,risc-on,,0,risc-on,False,risc-on,40.0,55.0,5.0,0.0,0.0,0.0,False,No cal rebalancejar
weekly_thursday,1996-02-01,100.0,positiu,positiu,positiu,positiu,positiu,risc-on,,0,risc-on,False,risc-on,40.0,55.0,5.0,0.0,0.0,0.0,False,No cal rebalancejar
weekly_friday,1996-02-02,100.0,positiu,positiu,positiu,positiu,positiu,risc-on,,0,risc-on,False,risc-on,40.0,55.0,5.0,0.0,0.0,0.0,False,No cal rebalancejar
weekly_thursday,1996-02-08,100.0,positiu,positiu,positiu,positiu,positiu,risc-on,,0,risc-on,False,risc-on,40.0,55.0,5.0,0.0,0.0,0.0,False,No cal rebalancejar
weekly_friday,1996-02-09,100.0,positiu,positiu,positiu,positiu,positiu,risc-on,,0,risc-on,False,risc-on,40.0,55.0,5.0,0.0,0.0,0.0,False,No cal rebalancejar
weekly_thursday,1996-02-15,100.0,positiu,positiu,positiu,positiu,positiu,risc-on,,0,risc-on,False,risc-on,40.0,55.0,5.0,0.0,0.0,0.0,False,No cal rebalancejar
weekly_friday,1996-02-16,100.0,positiu,positiu,positiu,positiu,positiu,risc-on,,0,risc-on,False,risc-on,40.0,55.0,5.0,0.0,0.0,0.0,False,No cal rebalancejar
weekly_thursday,1996-02-22,100.0,positiu,positiu,positiu,positiu,positiu,risc-on,,0,risc-on,False,risc-on,40.0,55.0,5.0,0.0,0.0,0.0,False,No cal rebalancejar
weekly_friday,1996-02-23,100.0,positiu,positiu,positiu,positiu,positiu,risc-on,,0,risc-on,False,risc-on,40.0,55.0,5.0,0.0,0.0,0.0,False,No cal rebalancejar
weekly_thursday,1996-02-29,100.0,positiu,positiu,positiu,positiu,positiu,risc-on,,0,risc-on,False,risc-on,40.0,55.0,5.0,0.0,0.0,0.0,False,No cal rebalancejar
weekly_friday,1996-03-01,100.0,positiu,positiu,positiu,positiu,positiu,risc-on,,0,risc-on,False,risc-on,40.0,55.0,5.0,0.0,0.0,0.0,False,No cal rebalancejar
weekly_thursday,1996-03-07,100.0,positiu,positiu,positiu,positiu,positiu,risc-on,,0,risc-on,False,risc-on,40.0,55.0,5.0,0.0,0.0,0.0,False,No cal rebalancejar
weekly_friday,1996-03-08,88.89,positiu,neutral,positiu,positiu,positiu,risc-on,,0,risc-on,False,risc-on,40.0,55.0,5.0,0.0,0.0,0.0,False,No cal rebalancejar
weekly_thursday,1996-03-14,100.0,positiu,positiu,positiu,positiu,positiu,risc-on,,0,risc-on,False,risc-on,40.0,55.0,5.0,0.0,0.0,0.0,False,No cal rebalancejar
weekly_friday,1996-03-15,100.0,positiu,positiu,positiu,positiu,positiu,risc-on,,0,risc-on,False,risc-on,40.0,55.0,5.0,0.0,0.0,0.0,False,No cal rebalancejar
weekly_thursday,1996-03-21,100.0,positiu,positiu,positiu,positiu,positiu,risc-on,,0,risc-on,False,risc-on,40.0,55.0,5.0,0.0,0.0,0.0,False,No cal rebalancejar
weekly_friday,1996-03-22,100.0,positiu,positiu,positiu,positiu,positiu,risc-on,,0,risc-on,False,risc-on,40.0,55.0,5.0,0.0,0.0,0.0,False,No cal rebalancejar
weekly_thursday,1996-03-28,100.0,positiu,positiu,positiu,positiu,positiu,risc-on,,0,risc-on,False,risc-on,40.0,55.0,5.0,0.0,0.0,0.0,False,No cal rebalancejar
weekly_friday,1996-03-29,100.0,positiu,positiu,positiu,positiu,positiu,risc-on,,0,risc-on,False,risc-on,40.0,55.0,5.0,0.0,0.0,0.0,False,No cal rebalancejar
weekly_thursday,1996-04-04,100.0,positiu,positiu,positiu,positiu,positiu,risc-on,,0,risc-on,False,risc-on,40.0,55.0,5.0,0.0,0.0,0.0,False,No cal rebalancejar
weekly_friday,1996-04-05,100.0,positiu,positiu,positiu,positiu,positiu,risc-on,,0,risc-on,False,risc-on,40.0,55.0,5.0,0.0,0.0,0.0,False,No cal rebalancejar
weekly_thursday,1996-04-11,88.89,positiu,neutral,positiu,positiu,positiu,risc-on,,0,risc-on,False,risc-on,40.0,55.0,5.0,0.0,0.0,0.0,False,No cal rebalancejar
weekly_friday,1996-04-12,88.89,positiu,neutral,positiu,positiu,positiu,risc-on,,0,risc-on,False,risc-on,40.0,55.0,5.0,0.0,0.0,0.0,False,No cal rebalancejar
weekly_thursday,1996-04-18,100.0,positiu,positiu,positiu,positiu,positiu,risc-on,,0,risc-on,False,risc-on,40.0,55.0,5.0,0.0,0.0,0.0,False,No cal rebalancejar
weekly_friday,1996-04-19,100.0,positiu,positiu,positiu,positiu,positiu,risc-on,,0,risc-on,False,risc-on,40.0,55.0,5.0,0.0,0.0,0.0,False,No cal rebalancejar
weekly_thursday,1996-04-25,100.0,positiu,positiu,positiu,positiu,positiu,risc-on,,0,risc-on,False,risc-on,40.0,55.0,5.0,0.0,0.0,0.0,False,No cal rebalancejar
weekly_friday,1996-04-26,100.0,positiu,positiu,positiu,positiu,positiu,risc-on,,0,risc-on,False,risc-on,40.0,55.0,5.0,0.0,0.0,0.0,False,No cal rebalancejar
weekly_thursday,1996-05-02,100.0,positiu,positiu,positiu,positiu,positiu,risc-on,,0,risc-on,False,risc-on,40.0,55.0,5.0,0.0,0.0,0.0,False,No cal rebalancejar
weekly_friday,1996-05-03,100.0,positiu,positiu,positiu,positiu,positiu,risc-on,,0,risc-on,False,risc-on,40.0,55.0,5.0,0.0,0.0,0.0,False,No cal rebalancejar
weekly_thursday,1996-05-09,100.0,positiu,positiu,positiu,positiu,positiu,risc-on,,0,risc-on,False,risc-on,40.0,55.0,5.0,0.0,0.0,0.0,False,No cal rebalancejar
weekly_friday,1996-05-10,100.0,positiu,positiu,positiu,positiu,positiu,risc-on,,0,risc-on,False,risc-on,40.0,55.0,5.0,0.0,0.0,0.0,False,No cal rebalancejar
weekly_thursday,1996-05-16,100.0,positiu,positiu,positiu,positiu,positiu,risc-on,,0,risc-on,False,risc-on,40.0,55.0,5.0,0.0,0.0,0.0,False,No cal rebalancejar
weekly_friday,1996-05-17,100.0,positiu,positiu,positiu,positiu,positiu,risc-on,,0,risc-on,False,risc-on,40.0,55.0,5.0,0.0,0.0,0.0,False,No cal rebalancejar
weekly_thursday,1996-05-23,100.0,positiu,positiu,positiu,positiu,positiu,risc-on,,0,risc-on,False,risc-on,40.0,55.0,5.0,0.0,0.0,0.0,False,No cal rebalancejar
weekly_friday,1996-05-24,100.0,positiu,positiu,positiu,positiu,positiu,risc-on,,0,risc-on,False,risc-on,40.0,55.0,5.0,0.0,0.0,0.0,False,No cal rebalancejar
weekly_thursday,1996-05-30,100.0,positiu,positiu,positiu,positiu,positiu,risc-on,,0,risc-on,False,risc-on,40.0,55.0,5.0,0.0,0.0,0.0,False,No cal rebalancejar
weekly_friday,1996-05-31,100.0,positiu,positiu,positiu,positiu,positiu,risc-on,,0,risc-on,False,risc-on,40.0,55.0,5.0,0.0,0.0,0.0,False,No cal rebalancejar
weekly_thursday,1996-06-06,100.0,positiu,positiu,positiu,positiu,positiu,risc-on,,0,risc-on,False,risc-on,40.0,55.0,5.0,0.0,0.0,0.0,False,No cal rebalancejar
weekly_friday,1996-06-07,100.0,positiu,positiu,positiu,positiu,positiu,risc-on,,0,risc-on,False,risc-on,40.0,55.0,5.0,0.0,0.0,0.0,False,No cal rebalancejar
weekly_thursday,1996-06-13,100.0,positiu,positiu,positiu,positiu,positiu,risc-on,,0,risc-on,False,risc-on,40.0,55.0,5.0,0.0,0.0,0.0,False,No cal rebalancejar
weekly_friday,1996-06-14,100.0,positiu,positiu,positiu,positiu,positiu,risc-on,,0,risc-on,False,risc-on,40.0,55.0,5.0,0.0,0.0,0.0,False,No cal rebalancejar
weekly_thursday,1996-06-20,100.0,positiu,positiu,positiu,positiu,positiu,risc-on,,0,risc-on,False,risc-on,40.0,55.0,5.0,0.0,0.0,0.0,False,No cal rebalancejar
weekly_friday,1996-06-21,100.0,positiu,positiu,positiu,positiu,positiu,risc-on,,0,risc-on,False,risc-on,40.0,55.0,5.0,0.0,0.0,0.0,False,No cal rebalancejar
weekly_thursday,1996-06-27,100.0,positiu,positiu,positiu,positiu,positiu,risc-on,,0,risc-on,False,risc-on,40.0,55.0,5.0,0.0,0.0,0.0,False,No cal rebalancejar
weekly_friday,1996-06-28,100.0,positiu,positiu,positiu,positiu,positiu,risc-on,,0,risc-on,False,risc-on,40.0,55.0,5.0,0.0,0.0,0.0,False,No cal rebalancejar
weekly_thursday,1996-07-04,100.0,positiu,positiu,positiu,positiu,positiu,risc-on,,0,risc-on,False,risc-on,40.0,55.0,5.0,0.0,0.0,0.0,False,No cal rebalancejar
weekly_friday,1996-07-05,100.0,positiu,positiu,positiu,positiu,positiu,risc-on,,0,risc-on,False,risc-on,40.0,55.0,5.0,0.0,0.0,0.0,False,No cal rebalancejar
weekly_thursday,1996-07-11,100.0,positiu,positiu,positiu,positiu,positiu,risc-on,,0,risc-on,False,risc-on,40.0,55.0,5.0,0.0,0.0,0.0,False,No cal rebalancejar
weekly_friday,1996-07-12,71.11,neutral,neutral,positiu,positiu,positiu,risc-on,,0,risc-on,False,risc-on,40.0,55.0,5.0,0.0,0.0,0.0,False,No cal rebalancejar
weekly_thursday,1996-07-18,82.22,neutral,positiu,positiu,positiu,positiu,risc-on,,0,risc-on,False,risc-on,40.0,55.0,5.0,0.0,0.0,0.0,False,No cal rebalancejar
weekly_friday,1996-07-19,71.11,neutral,neutral,positiu,positiu,positiu,risc-on,,0,risc-on,False,risc-on,40.0,55.0,5.0,0.0,0.0,0.0,False,No cal rebalancejar
weekly_thursday,1996-07-25,71.11,neutral,neutral,positiu,positiu,positiu,risc-on,,0,risc-on,False,risc-on,40.0,55.0,5.0,0.0,0.0,0.0,False,No cal rebalancejar
weekly_friday,1996-07-26,71.11,neutral,neutral,positiu,positiu,positiu,risc-on,,0,risc-on,False,risc-on,40.0,55.0,5.0,0.0,0.0,0.0,False,No cal rebalancejar
weekly_thursday,1996-08-01,82.22,neutral,positiu,positiu,positiu,positiu,risc-on,,0,risc-on,False,risc-on,40.0,55.0,5.0,0.0,0.0,0.0,False,No cal rebalancejar
weekly_friday,1996-08-02,82.22,neutral,positiu,positiu,positiu,positiu,risc-on,,0,risc-on,False,risc-on,40.0,55.0,5.0,0.0,0.0,0.0,False,No cal rebalancejar
weekly_thursday,1996-08-08,82.22,neutral,positiu,positiu,positiu,positiu,risc-on,,0,risc-on,False,risc-on,40.0,55.0,5.0,0.0,0.0,0.0,False,No cal rebalancejar
weekly_friday,1996-08-09,82.22,neutral,positiu,positiu,positiu,positiu,risc-on,,0,risc-on,False,risc-on,40.0,55.0,5.0,0.0,0.0,0.0,False,No cal rebalancejar
weekly_thursday,1996-08-15,82.22,neutral,positiu,positiu,positiu,positiu,risc-on,,0,risc-on,False,risc-on,40.0,55.0,5.0,0.0,0.0,0.0,False,No cal rebalancejar
weekly_friday,1996-08-16,82.22,neutral,positiu,positiu,positiu,positiu,risc-on,,0,risc-on,False,risc-on,40.0,55.0,5.0,0.0,0.0,0.0,False,No cal rebalancejar
weekly_thursday,1996-08-22,82.22,neutral,positiu,positiu,positiu,positiu,risc-on,,0,risc-on,False,risc-on,40.0,55.0,5.0,0.0,0.0,0.0,False,No cal rebalancejar
weekly_friday,1996-08-23,100.0,positiu,positiu,positiu,positiu,positiu,risc-on,,0,risc-on,False,risc-on,40.0,55.0,5.0,0.0,0.0,0.0,False,No cal rebalancejar
weekly_thursday,1996-08-29,82.22,neutral,positiu,positiu,positiu,positiu,risc-on,,0,risc-on,False,risc-on,40.0,55.0,5.0,0.0,0.0,0.0,False,No cal rebalancejar
weekly_friday,1996-08-30,82.22,neutral,positiu,positiu,positiu,positiu,risc-on,,0,risc-on,False,risc-on,40.0,55.0,5.0,0.0,0.0,0.0,False,No cal rebalancejar
weekly_thursday,1996-09-05,82.22,neutral,positiu,positiu,positiu,positiu,risc-on,,0,risc-on,False,risc-on,40.0,55.0,5.0,0.0,0.0,0.0,False,No cal rebalancejar
weekly_friday,1996-09-06,82.22,neutral,positiu,positiu,positiu,positiu,risc-on,,0,risc-on,False,risc-on,40.0,55.0,5.0,0.0,0.0,0.0,False,No cal rebalancejar
weekly_thursday,1996-09-12,82.22,neutral,positiu,positiu,positiu,positiu,risc-on,,0,risc-on,False,risc-on,40.0,55.0,5.0,0.0,0.0,0.0,False,No cal rebalancejar
weekly_friday,1996-09-13,82.22,neutral,positiu,positiu,positiu,positiu,risc-on,,0,risc-on,False,risc-on,40.0,55.0,5.0,0.0,0.0,0.0,False,No cal rebalancejar
weekly_thursday,1996-09-19,100.0,positiu,positiu,positiu,positiu,positiu,risc-on,,0,risc-on,False,risc-on,40.0,55.0,5.0,0.0,0.0,0.0,False,No cal rebalancejar
weekly_friday,1996-09-20,100.0,positiu,positiu,positiu,positiu,positiu,risc-on,,0,risc-on,False,risc-on,40.0,55.0,5.0,0.0,0.0,0.0,False,No cal rebalancejar
weekly_thursday,1996-09-26,100.0,positiu,positiu,positiu,positiu,positiu,risc-on,,0,risc-on,False,risc-on,40.0,55.0,5.0,0.0,0.0,0.0,False,No cal rebalancejar
weekly_friday,1996-09-27,100.0,positiu,positiu,positiu,positiu,positiu,risc-on,,0,risc-on,False,risc-on,40.0,55.0,5.0,0.0,0.0,0.0,False,No cal rebalancejar
weekly_thursday,1996-10-03,100.0,positiu,positiu,positiu,positiu,positiu,risc-on,,0,risc-on,False,risc-on,40.0,55.0,5.0,0.0,0.0,0.0,False,No cal rebalancejar
weekly_friday,1996-10-04,100.0,positiu,positiu,positiu,positiu,positiu,risc-on,,0,risc-on,False,risc-on,40.0,55.0,5.0,0.0,0.0,0.0,False,No cal rebalancejar
weekly_thursday,1996-10-10,100.0,positiu,positiu,positiu,positiu,positiu,risc-on,,0,risc-on,False,risc-on,40.0,55.0,5.0,0.0,0.0,0.0,False,No cal rebalancejar
weekly_friday,1996-10-11,100.0,positiu,positiu,positiu,positiu,positiu,risc-on,,0,risc-on,False,risc-on,40.0,55.0,5.0,0.0,0.0,0.0,False,No cal rebalancejar
weekly_thursday,1996-10-17,100.0,positiu,positiu,positiu,positiu,positiu,risc-on,,0,risc-on,False,risc-on,40.0,55.0,5.0,0.0,0.0,0.0,False,No cal rebalancejar
weekly_friday,1996-10-18,100.0,positiu,positiu,positiu,positiu,positiu,risc-on,,0,risc-on,False,risc-on,40.0,55.0,5.0,0.0,0.0,0.0,False,No cal rebalancejar
weekly_thursday,1996-10-24,100.0,positiu,positiu,positiu,positiu,positiu,risc-on,,0,risc-on,False,risc-on,40.0,55.0,5.0,0.0,0.0,0.0,False,No cal rebalancejar
weekly_friday,1996-10-25,100.0,positiu,positiu,positiu,positiu,positiu,risc-on,,0,risc-on,False,risc-on,40.0,55.0,5.0,0.0,0.0,0.0,False,No cal rebalancejar
weekly_thursday,1996-10-31,100.0,positiu,positiu,positiu,positiu,positiu,risc-on,,0,risc-on,False,risc-on,40.0,55.0,5.0,0.0,0.0,0.0,False,No cal rebalancejar
weekly_friday,1996-11-01,100.0,positiu,positiu,positiu,positiu,positiu,risc-on,,0,risc-on,False,risc-on,40.0,55.0,5.0,0.0,0.0,0.0,False,No cal rebalancejar
weekly_thursday,1996-11-07,100.0,positiu,positiu,positiu,positiu,positiu,risc-on,,0,risc-on,False,risc-on,40.0,55.0,5.0,0.0,0.0,0.0,False,No cal rebalancejar
weekly_friday,1996-11-08,100.0,positiu,positiu,positiu,positiu,positiu,risc-on,,0,risc-on,False,risc-on,40.0,55.0,5.0,0.0,0.0,0.0,False,No cal rebalancejar
weekly_thursday,1996-11-14,100.0,positiu,positiu,positiu,positiu,positiu,risc-on,,0,risc-on,False,risc-on,40.0,55.0,5.0,0.0,0.0,0.0,False,No cal rebalancejar
weekly_friday,1996-11-15,100.0,positiu,positiu,positiu,positiu,positiu,risc-on,,0,risc-on,False,risc-on,40.0,55.0,5.0,0.0,0.0,0.0,False,No cal rebalancejar
weekly_thursday,1996-11-21,100.0,positiu,positiu,positiu,positiu,positiu,risc-on,,0,risc-on,False,risc-on,40.0,55.0,5.0,0.0,0.0,0.0,False,No cal rebalancejar
weekly_friday,1996-11-22,100.0,positiu,positiu,positiu,positiu,positiu,risc-on,,0,risc-on,False,risc-on,40.0,55.0,5.0,0.0,0.0,0.0,False,No cal rebalancejar
weekly_thursday,1996-11-28,100.0,positiu,positiu,positiu,positiu,positiu,risc-on,,0,risc-on,False,risc-on,40.0,55.0,5.0,0.0,0.0,0.0,False,No cal rebalancejar
weekly_friday,1996-11-29,100.0,positiu,positiu,positiu,positiu,positiu,risc-on,,0,risc-on,False,risc-on,40.0,55.0,5.0,0.0,0.0,0.0,False,No cal rebalancejar
weekly_thursday,1996-12-05,100.0,positiu,positiu,positiu,positiu,positiu,risc-on,,0,risc-on,False,risc-on,40.0,55.0,5.0,0.0,0.0,0.0,False,No cal rebalancejar
weekly_friday,1996-12-06,100.0,positiu,positiu,positiu,positiu,positiu,risc-on,,0,risc-on,False,risc-on,40.0,55.0,5.0,0.0,0.0,0.0,False,No cal rebalancejar
weekly_thursday,1996-12-12,100.0,positiu,positiu,positiu,positiu,positiu,risc-on,,0,risc-on,False,risc-on,40.0,55.0,5.0,0.0,0.0,0.0,False,No cal rebalancejar
weekly_friday,1996-12-13,100.0,positiu,positiu,positiu,positiu,positiu,risc-on,,0,risc-on,False,risc-on,40.0,55.0,5.0,0.0,0.0,0.0,False,No cal rebalancejar
weekly_thursday,1996-12-19,100.0,positiu,positiu,positiu,positiu,positiu,risc-on,,0,risc-on,False,risc-on,40.0,55.0,5.0,0.0,0.0,0.0,False,No cal rebalancejar
weekly_friday,1996-12-20,100.0,positiu,positiu,positiu,positiu,positiu,risc-on,,0,risc-on,False,risc-on,40.0,55.0,5.0,0.0,0.0,0.0,False,No cal rebalancejar
weekly_thursday,1996-12-26,100.0,positiu,positiu,positiu,positiu,positiu,risc-on,,0,risc-on,False,risc-on,40.0,55.0,5.0,0.0,0.0,0.0,False,No cal rebalancejar
weekly_friday,1996-12-27,100.0,positiu,positiu,positiu,positiu,positiu,risc-on,,0,risc-on,False,risc-on,40.0,55.0,5.0,0.0,0.0,0.0,False,No cal rebalancejar
weekly_thursday,1997-01-02,100.0,positiu,positiu,positiu,positiu,positiu,risc-on,,0,risc-on,False,risc-on,40.0,55.0,5.0,0.0,0.0,0.0,False,No cal rebalancejar
weekly_friday,1997-01-03,100.0,positiu,positiu,positiu,positiu,positiu,risc-on,,0,risc-on,False,risc-on,40.0,55.0,5.0,0.0,0.0,0.0,False,No cal rebalancejar
weekly_thursday,1997-01-09,100.0,positiu,positiu,positiu,positiu,positiu,risc-on,,0,risc-on,False,risc-on,40.0,55.0,5.0,0.0,0.0,0.0,False,No cal rebalancejar
weekly_friday,1997-01-10,100.0,positiu,positiu,positiu,positiu,positiu,risc-on,,0,risc-on,False,risc-on,40.0,55.0,5.0,0.0,0.0,0.0,False,No cal rebalancejar
weekly_thursday,1997-01-16,100.0,positiu,positiu,positiu,positiu,positiu,risc-on,,0,risc-on,False,risc-on,40.0,55.0,5.0,0.0,0.0,0.0,False,No cal rebalancejar
weekly_friday,1997-01-17,100.0,positiu,positiu,positiu,positiu,positiu,risc-on,,0,risc-on,False,risc-on,40.0,55.0,5.0,0.0,0.0,0.0,False,No cal rebalancejar
weekly_thursday,1997-01-23,100.0,positiu,positiu,positiu,positiu,positiu,risc-on,,0,risc-on,False,risc-on,40.0,55.0,5.0,0.0,0.0,0.0,False,No cal rebalancejar
weekly_friday,1997-01-24,100.0,positiu,positiu,positiu,positiu,positiu,risc-on,,0,risc-on,False,risc-on,40.0,55.0,5.0,0.0,0.0,0.0,False,No cal rebalancejar
weekly_thursday,1997-01-30,100.0,positiu,positiu,positiu,positiu,positiu,risc-on,,0,risc-on,False,risc-on,40.0,55.0,5.0,0.0,0.0,0.0,False,No cal rebalancejar
weekly_friday,1997-01-31,100.0,positiu,positiu,positiu,positiu,positiu,risc-on,,0,risc-on,False,risc-on,40.0,55.0,5.0,0.0,0.0,0.0,False,No cal rebalancejar
weekly_thursday,1997-02-06,100.0,positiu,positiu,positiu,positiu,positiu,risc-on,,0,risc-on,False,risc-on,40.0,55.0,5.0,0.0,0.0,0.0,False,No cal rebalancejar
weekly_friday,1997-02-07,100.0,positiu,positiu,positiu,positiu,positiu,risc-on,,0,risc-on,False,risc-on,40.0,55.0,5.0,0.0,0.0,0.0,False,No cal rebalancejar
weekly_thursday,1997-02-13,100.0,positiu,positiu,positiu,positiu,positiu,risc-on,,0,risc-on,False,risc-on,40.0,55.0,5.0,0.0,0.0,0.0,False,No cal rebalancejar
weekly_friday,1997-02-14,100.0,positiu,positiu,positiu,positiu,positiu,risc-on,,0,risc-on,False,risc-on,40.0,55.0,5.0,0.0,0.0,0.0,False,No cal rebalancejar
weekly_thursday,1997-02-20,100.0,positiu,positiu,positiu,positiu,positiu,risc-on,,0,risc-on,False,risc-on,40.0,55.0,5.0,0.0,0.0,0.0,False,No cal rebalancejar
weekly_friday,1997-02-21,100.0,positiu,positiu,positiu,positiu,positiu,risc-on,,0,risc-on,False,risc-on,40.0,55.0,5.0,0.0,0.0,0.0,False,No cal rebalancejar
weekly_thursday,1997-02-27,100.0,positiu,positiu,positiu,positiu,positiu,risc-on,,0,risc-on,False,risc-on,40.0,55.0,5.0,0.0,0.0,0.0,False,No cal rebalancejar
weekly_friday,1997-02-28,100.0,positiu,positiu,positiu,positiu,positiu,risc-on,,0,risc-on,False,risc-on,40.0,55.0,5.0,0.0,0.0,0.0,False,No cal rebalancejar
weekly_thursday,1997-03-06,100.0,positiu,positiu,positiu,positiu,positiu,risc-on,,0,risc-on,False,risc-on,40.0,55.0,5.0,0.0,0.0,0.0,False,No cal rebalancejar
weekly_friday,1997-03-07,100.0,positiu,positiu,positiu,positiu,positiu,risc-on,,0,risc-on,False,risc-on,40.0,55.0,5.0,0.0,0.0,0.0,False,No cal rebalancejar
weekly_thursday,1997-03-13,100.0,positiu,positiu,positiu,positiu,positiu,risc-on,,0,risc-on,False,risc-on,40.0,55.0,5.0,0.0,0.0,0.0,False,No cal rebalancejar
weekly_friday,1997-03-14,100.0,positiu,positiu,positiu,positiu,positiu,risc-on,,0,risc-on,False,risc-on,40.0,55.0,5.0,0.0,0.0,0.0,False,No cal rebalancejar
weekly_thursday,1997-03-20,100.0,positiu,positiu,positiu,positiu,positiu,risc-on,,0,risc-on,False,risc-on,40.0,55.0,5.0,0.0,0.0,0.0,False,No cal rebalancejar
weekly_friday,1997-03-21,100.0,positiu,positiu,positiu,positiu,positiu,risc-on,,0,risc-on,False,risc-on,40.0,55.0,5.0,0.0,0.0,0.0,False,No cal rebalancejar
weekly_thursday,1997-03-27,100.0,positiu,positiu,positiu,positiu,positiu,risc-on,,0,risc-on,False,risc-on,40.0,55.0,5.0,0.0,0.0,0.0,False,No cal rebalancejar
weekly_friday,1997-03-28,100.0,positiu,positiu,positiu,positiu,positiu,risc-on,,0,risc-on,False,risc-on,40.0,55.0,5.0,0.0,0.0,0.0,False,No cal rebalancejar
weekly_thursday,1997-04-03,82.22,neutral,positiu,positiu,positiu,positiu,risc-on,,0,risc-on,False,risc-on,40.0,55.0,5.0,0.0,0.0,0.0,False,No cal rebalancejar
weekly_friday,1997-04-04,82.22,neutral,positiu,positiu,positiu,positiu,risc-on,,0,risc-on,False,risc-on,40.0,55.0,5.0,0.0,0.0,0.0,False,No cal rebalancejar
weekly_thursday,1997-04-10,82.22,neutral,positiu,positiu,positiu,positiu,risc-on,,0,risc-on,False,risc-on,40.0,55.0,5.0,0.0,0.0,0.0,False,No cal rebalancejar
weekly_friday,1997-04-11,71.11,neutral,neutral,positiu,positiu,positiu,risc-on,,0,risc-on,False,risc-on,40.0,55.0,5.0,0.0,0.0,0.0,False,No cal rebalancejar
weekly_thursday,1997-04-17,82.22,neutral,positiu,positiu,positiu,positiu,risc-on,,0,risc-on,False,risc-on,40.0,55.0,5.0,0.0,0.0,0.0,False,No cal rebalancejar
weekly_friday,1997-04-18,82.22,neutral,positiu,positiu,positiu,positiu,risc-on,,0,risc-on,False,risc-on,40.0,55.0,5.0,0.0,0.0,0.0,False,No cal rebalancejar
weekly_thursday,1997-04-24,100.0,positiu,positiu,positiu,positiu,positiu,risc-on,,0,risc-on,False,risc-on,40.0,55.0,5.0,0.0,0.0,0.0,False,No cal rebalancejar
weekly_friday,1997-04-25,82.22,neutral,positiu,positiu,positiu,positiu,risc-on,,0,risc-on,False,risc-on,40.0,55.0,5.0,0.0,0.0,0.0,False,No cal rebalancejar
weekly_thursday,1997-05-01,100.0,positiu,positiu,positiu,positiu,positiu,risc-on,,0,risc-on,False,risc-on,40.0,55.0,5.0,0.0,0.0,0.0,False,No cal rebalancejar
weekly_friday,1997-05-02,100.0,positiu,positiu,positiu,positiu,positiu,risc-on,,0,risc-on,False,risc-on,40.0,55.0,5.0,0.0,0.0,0.0,False,No cal rebalancejar
weekly_thursday,1997-05-08,100.0,positiu,positiu,positiu,positiu,positiu,risc-on,,0,risc-on,False,risc-on,40.0,55.0,5.0,0.0,0.0,0.0,False,No cal rebalancejar
weekly_friday,1997-05-09,100.0,positiu,positiu,positiu,positiu,positiu,risc-on,,0,risc-on,False,risc-on,40.0,55.0,5.0,0.0,0.0,0.0,False,No cal rebalancejar
weekly_thursday,1997-05-15,100.0,positiu,positiu,positiu,positiu,positiu,risc-on,,0,risc-on,False,risc-on,40.0,55.0,5.0,0.0,0.0,0.0,False,No cal rebalancejar
weekly_friday,1997-05-16,100.0,positiu,positiu,positiu,positiu,positiu,risc-on,,0,risc-on,False,risc-on,40.0,55.0,5.0,0.0,0.0,0.0,False,No cal rebalancejar
weekly_thursday,1997-05-22,100.0,positiu,positiu,positiu,positiu,positiu,risc-on,,0,risc-on,False,risc-on,40.0,55.0,5.0,0.0,0.0,0.0,False,No cal rebalancejar
weekly_friday,1997-05-23,100.0,positiu,positiu,positiu,positiu,positiu,risc-on,,0,risc-on,False,risc-on,40.0,55.0,5.0,0.0,0.0,0.0,False,No cal rebalancejar
weekly_thursday,1997-05-29,100.0,positiu,positiu,positiu,positiu,positiu,risc-on,,0,risc-on,False,risc-on,40.0,55.0,5.0,0.0,0.0,0.0,False,No cal rebalancejar
weekly_friday,1997-05-30,100.0,positiu,positiu,positiu,positiu,positiu,risc-on,,0,risc-on,False,risc-on,40.0,55.0,5.0,0.0,0.0,0.0,False,No cal rebalancejar
weekly_thursday,1997-06-05,100.0,positiu,positiu,positiu,positiu,positiu,risc-on,,0,risc-on,False,risc-on,40.0,55.0,5.0,0.0,0.0,0.0,False,No cal rebalancejar
weekly_friday,1997-06-06,100.0,positiu,positiu,positiu,positiu,positiu,risc-on,,0,risc-on,False,risc-on,40.0,55.0,5.0,0.0,0.0,0.0,False,No cal rebalancejar
weekly_thursday,1997-06-12,100.0,positiu,positiu,positiu,positiu,positiu,risc-on,,0,risc-on,False,risc-on,40.0,55.0,5.0,0.0,0.0,0.0,False,No cal rebalancejar
weekly_friday,1997-06-13,100.0,positiu,positiu,positiu,positiu,positiu,risc-on,,0,risc-on,False,risc-on,40.0,55.0,5.0,0.0,0.0,0.0,False,No cal rebalancejar
weekly_thursday,1997-06-19,100.0,positiu,positiu,positiu,positiu,positiu,risc-on,,0,risc-on,False,risc-on,40.0,55.0,5.0,0.0,0.0,0.0,False,No cal rebalancejar
weekly_friday,1997-06-20,100.0,positiu,positiu,positiu,positiu,positiu,risc-on,,0,risc-on,False,risc-on,40.0,55.0,5.0,0.0,0.0,0.0,False,No cal rebalancejar
weekly_thursday,1997-06-26,100.0,positiu,positiu,positiu,positiu,positiu,risc-on,,0,risc-on,False,risc-on,40.0,55.0,5.0,0.0,0.0,0.0,False,No cal rebalancejar
weekly_friday,1997-06-27,100.0,positiu,positiu,positiu,positiu,positiu,risc-on,,0,risc-on,False,risc-on,40.0,55.0,5.0,0.0,0.0,0.0,False,No cal rebalancejar
weekly_thursday,1997-07-03,100.0,positiu,positiu,positiu,positiu,positiu,risc-on,,0,risc-on,False,risc-on,40.0,55.0,5.0,0.0,0.0,0.0,False,No cal rebalancejar
weekly_friday,1997-07-04,100.0,positiu,positiu,positiu,positiu,positiu,risc-on,,0,risc-on,False,risc-on,40.0,55.0,5.0,0.0,0.0,0.0,False,No cal rebalancejar
weekly_thursday,1997-07-10,100.0,positiu,positiu,positiu,positiu,positiu,risc-on,,0,risc-on,False,risc-on,40.0,55.0,5.0,0.0,0.0,0.0,False,No cal rebalancejar
weekly_friday,1997-07-11,100.0,positiu,positiu,positiu,positiu,positiu,risc-on,,0,risc-on,False,risc-on,40.0,55.0,5.0,0.0,0.0,0.0,False,No cal rebalancejar
weekly_thursday,1997-07-17,100.0,positiu,positiu,positiu,positiu,positiu,risc-on,,0,risc-on,False,risc-on,40.0,55.0,5.0,0.0,0.0,0.0,False,No cal rebalancejar
weekly_friday,1997-07-18,100.0,positiu,positiu,positiu,positiu,positiu,risc-on,,0,risc-on,False,risc-on,40.0,55.0,5.0,0.0,0.0,0.0,False,No cal rebalancejar
weekly_thursday,1997-07-24,100.0,positiu,positiu,positiu,positiu,positiu,risc-on,,0,risc-on,False,risc-on,40.0,55.0,5.0,0.0,0.0,0.0,False,No cal rebalancejar
weekly_friday,1997-07-25,100.0,positiu,positiu,positiu,positiu,positiu,risc-on,,0,risc-on,False,risc-on,40.0,55.0,5.0,0.0,0.0,0.0,False,No cal rebalancejar
weekly_thursday,1997-07-31,100.0,positiu,positiu,positiu,positiu,positiu,risc-on,,0,risc-on,False,risc-on,40.0,55.0,5.0,0.0,0.0,0.0,False,No cal rebalancejar
weekly_friday,1997-08-01,100.0,positiu,positiu,positiu,positiu,positiu,risc-on,,0,risc-on,False,risc-on,40.0,55.0,5.0,0.0,0.0,0.0,False,No cal rebalancejar
weekly_thursday,1997-08-07,100.0,positiu,positiu,positiu,positiu,positiu,risc-on,,0,risc-on,False,risc-on,40.0,55.0,5.0,0.0,0.0,0.0,False,No cal rebalancejar
weekly_friday,1997-08-08,100.0,positiu,positiu,positiu,positiu,positiu,risc-on,,0,risc-on,False,risc-on,40.0,55.0,5.0,0.0,0.0,0.0,False,No cal rebalancejar
weekly_thursday,1997-08-14,100.0,positiu,positiu,positiu,positiu,positiu,risc-on,,0,risc-on,False,risc-on,40.0,55.0,5.0,0.0,0.0,0.0,False,No cal rebalancejar
weekly_friday,1997-08-15,100.0,positiu,positiu,positiu,positiu,positiu,risc-on,,0,risc-on,False,risc-on,40.0,55.0,5.0,0.0,0.0,0.0,False,No cal rebalancejar
weekly_thursday,1997-08-21,100.0,positiu,positiu,positiu,positiu,positiu,risc-on,,0,risc-on,False,risc-on,40.0,55.0,5.0,0.0,0.0,0.0,False,No cal rebalancejar
weekly_friday,1997-08-22,100.0,positiu,positiu,positiu,positiu,positiu,risc-on,,0,risc-on,False,risc-on,40.0,55.0,5.0,0.0,0.0,0.0,False,No cal rebalancejar
weekly_thursday,1997-08-28,100.0,positiu,positiu,positiu,positiu,positiu,risc-on,,0,risc-on,False,risc-on,40.0,55.0,5.0,0.0,0.0,0.0,False,No cal rebalancejar
weekly_friday,1997-08-29,100.0,positiu,positiu,positiu,positiu,positiu,risc-on,,0,risc-on,False,risc-on,40.0,55.0,5.0,0.0,0.0,0.0,False,No cal rebalancejar
weekly_thursday,1997-09-04,100.0,positiu,positiu,positiu,positiu,positiu,risc-on,,0,risc-on,False,risc-on,40.0,55.0,5.0,0.0,0.0,0.0,False,No cal rebalancejar
weekly_friday,1997-09-05,100.0,positiu,positiu,positiu,positiu,positiu,risc-on,,0,risc-on,False,risc-on,40.0,55.0,5.0,0.0,0.0,0.0,False,No cal rebalancejar
weekly_thursday,1997-09-11,100.0,positiu,positiu,positiu,positiu,positiu,risc-on,,0,risc-on,False,risc-on,40.0,55.0,5.0,0.0,0.0,0.0,False,No cal rebalancejar
weekly_friday,1997-09-12,100.0,positiu,positiu,positiu,positiu,positiu,risc-on,,0,risc-on,False,risc-on,40.0,55.0,5.0,0.0,0.0,0.0,False,No cal rebalancejar
weekly_thursday,1997-09-18,100.0,positiu,positiu,positiu,positiu,positiu,risc-on,,0,risc-on,False,risc-on,40.0,55.0,5.0,0.0,0.0,0.0,False,No cal rebalancejar
weekly_friday,1997-09-19,100.0,positiu,positiu,positiu,positiu,positiu,risc-on,,0,risc-on,False,risc-on,40.0,55.0,5.0,0.0,0.0,0.0,False,No cal rebalancejar
weekly_thursday,1997-09-25,100.0,positiu,positiu,positiu,positiu,positiu,risc-on,,0,risc-on,False,risc-on,40.0,55.0,5.0,0.0,0.0,0.0,False,No cal rebalancejar
weekly_friday,1997-09-26,100.0,positiu,positiu,positiu,positiu,positiu,risc-on,,0,risc-on,False,risc-on,40.0,55.0,5.0,0.0,0.0,0.0,False,No cal rebalancejar
weekly_thursday,1997-10-02,100.0,positiu,positiu,positiu,positiu,positiu,risc-on,,0,risc-on,False,risc-on,40.0,55.0,5.0,0.0,0.0,0.0,False,No cal rebalancejar
weekly_friday,1997-10-03,100.0,positiu,positiu,positiu,positiu,positiu,risc-on,,0,risc-on,False,risc-on,40.0,55.0,5.0,0.0,0.0,0.0,False,No cal rebalancejar
weekly_thursday,1997-10-09,100.0,positiu,positiu,positiu,positiu,positiu,risc-on,,0,risc-on,False,risc-on,40.0,55.0,5.0,0.0,0.0,0.0,False,No cal rebalancejar
weekly_friday,1997-10-10,100.0,positiu,positiu,positiu,positiu,positiu,risc-on,,0,risc-on,False,risc-on,40.0,55.0,5.0,0.0,0.0,0.0,False,No cal rebalancejar
weekly_thursday,1997-10-16,100.0,positiu,positiu,positiu,positiu,positiu,risc-on,,0,risc-on,False,risc-on,40.0,55.0,5.0,0.0,0.0,0.0,False,No cal rebalancejar
weekly_friday,1997-10-17,100.0,positiu,positiu,positiu,positiu,positiu,risc-on,,0,risc-on,False,risc-on,40.0,55.0,5.0,0.0,0.0,0.0,False,No cal rebalancejar
weekly_thursday,1997-10-23,100.0,positiu,positiu,positiu,positiu,positiu,risc-on,,0,risc-on,False,risc-on,40.0,55.0,5.0,0.0,0.0,0.0,False,No cal rebalancejar
weekly_friday,1997-10-24,100.0,positiu,positiu,positiu,positiu,positiu,risc-on,,0,risc-on,False,risc-on,40.0,55.0,5.0,0.0,0.0,0.0,False,No cal rebalancejar
weekly_thursday,1997-10-30,71.11,neutral,neutral,positiu,positiu,positiu,risc-on,,0,risc-on,False,risc-on,40.0,55.0,5.0,0.0,0.0,0.0,False,No cal rebalancejar
weekly_friday,1997-10-31,82.22,neutral,positiu,positiu,positiu,positiu,risc-on,,0,risc-on,False,risc-on,40.0,55.0,5.0,0.0,0.0,0.0,False,No cal rebalancejar
weekly_thursday,1997-11-06,100.0,positiu,positiu,positiu,positiu,positiu,risc-on,,0,risc-on,False,risc-on,40.0,55.0,5.0,0.0,0.0,0.0,False,No cal rebalancejar
weekly_friday,1997-11-07,82.22,neutral,positiu,positiu,positiu,positiu,risc-on,,0,risc-on,False,risc-on,40.0,55.0,5.0,0.0,0.0,0.0,False,No cal rebalancejar
weekly_thursday,1997-11-13,71.11,neutral,neutral,positiu,positiu,positiu,risc-on,,0,risc-on,False,risc-on,40.0,55.0,5.0,0.0,0.0,0.0,False,No cal rebalancejar
weekly_friday,1997-11-14,82.22,neutral,positiu,positiu,positiu,positiu,risc-on,,0,risc-on,False,risc-on,40.0,55.0,5.0,0.0,0.0,0.0,False,No cal rebalancejar
weekly_thursday,1997-11-20,82.22,neutral,positiu,positiu,positiu,positiu,risc-on,,0,risc-on,False,risc-on,40.0,55.0,5.0,0.0,0.0,0.0,False,No cal rebalancejar
weekly_friday,1997-11-21,82.22,neutral,positiu,positiu,positiu,positiu,risc-on,,0,risc-on,False,risc-on,40.0,55.0,5.0,0.0,0.0,0.0,False,No cal rebalancejar
weekly_thursday,1997-11-27,82.22,neutral,positiu,positiu,positiu,positiu,risc-on,,0,risc-on,False,risc-on,40.0,55.0,5.0,0.0,0.0,0.0,False,No cal rebalancejar
weekly_friday,1997-11-28,82.22,neutral,positiu,positiu,positiu,positiu,risc-on,,0,risc-on,False,risc-on,40.0,55.0,5.0,0.0,0.0,0.0,False,No cal rebalancejar
weekly_thursday,1997-12-04,100.0,positiu,positiu,positiu,positiu,positiu,risc-on,,0,risc-on,False,risc-on,40.0,55.0,5.0,0.0,0.0,0.0,False,No cal rebalancejar
weekly_friday,1997-12-05,100.0,positiu,positiu,positiu,positiu,positiu,risc-on,,0,risc-on,False,risc-on,40.0,55.0,5.0,0.0,0.0,0.0,False,No cal rebalancejar
weekly_thursday,1997-12-11,88.89,positiu,neutral,positiu,positiu,positiu,risc-on,,0,risc-on,False,risc-on,40.0,55.0,5.0,0.0,0.0,0.0,False,No cal rebalancejar
weekly_friday,1997-12-12,71.11,neutral,neutral,positiu,positiu,positiu,risc-on,,0,risc-on,False,risc-on,40.0,55.0,5.0,0.0,0.0,0.0,False,No cal rebalancejar
weekly_thursday,1997-12-18,60.0,neutral,negatiu,positiu,positiu,positiu,normal,normal,1,risc-on,False,risc-on,40.0,55.0,5.0,0.0,0.0,0.0,False,No cal rebalancejar
weekly_friday,1997-12-19,71.11,neutral,neutral,positiu,positiu,positiu,risc-on,,0,risc-on,False,risc-on,40.0,55.0,5.0,0.0,0.0,0.0,False,No cal rebalancejar
weekly_thursday,1997-12-25,60.0,neutral,negatiu,positiu,positiu,positiu,normal,normal,2,risc-on,False,risc-on,40.0,55.0,5.0,0.0,0.0,0.0,False,No cal rebalancejar
weekly_friday,1997-12-26,60.0,neutral,negatiu,positiu,positiu,positiu,normal,normal,1,risc-on,False,risc-on,40.0,55.0,5.0,0.0,0.0,0.0,False,No cal rebalancejar
weekly_thursday,1998-01-01,71.11,neutral,neutral,positiu,positiu,positiu,risc-on,,0,risc-on,False,risc-on,40.0,55.0,5.0,0.0,0.0,0.0,False,No cal rebalancejar
weekly_friday,1998-01-02,71.11,neutral,neutral,positiu,positiu,positiu,risc-on,,0,risc-on,False,risc-on,40.0,55.0,5.0,0.0,0.0,0.0,False,No cal rebalancejar
weekly_thursday,1998-01-08,71.11,neutral,neutral,positiu,positiu,positiu,risc-on,,0,risc-on,False,risc-on,40.0,55.0,5.0,0.0,0.0,0.0,False,No cal rebalancejar
weekly_friday,1998-01-09,60.0,neutral,negatiu,positiu,positiu,positiu,normal,normal,1,risc-on,False,risc-on,40.0,55.0,5.0,0.0,0.0,0.0,False,No cal rebalancejar
weekly_thursday,1998-01-15,71.11,neutral,neutral,positiu,positiu,positiu,risc-on,,0,risc-on,False,risc-on,40.0,55.0,5.0,0.0,0.0,0.0,False,No cal rebalancejar
weekly_friday,1998-01-16,71.11,neutral,neutral,positiu,positiu,positiu,risc-on,,0,risc-on,False,risc-on,40.0,55.0,5.0,0.0,0.0,0.0,False,No cal rebalancejar
weekly_thursday,1998-01-22,71.11,neutral,neutral,positiu,positiu,positiu,risc-on,,0,risc-on,False,risc-on,40.0,55.0,5.0,0.0,0.0,0.0,False,No cal rebalancejar
weekly_friday,1998-01-23,71.11,neutral,neutral,positiu,positiu,positiu,risc-on,,0,risc-on,False,risc-on,40.0,55.0,5.0,0.0,0.0,0.0,False,No cal rebalancejar
weekly_thursday,1998-01-29,100.0,positiu,positiu,positiu,positiu,positiu,risc-on,,0,risc-on,False,risc-on,40.0,55.0,5.0,0.0,0.0,0.0,False,No cal rebalancejar
weekly_friday,1998-01-30,100.0,positiu,positiu,positiu,positiu,positiu,risc-on,,0,risc-on,False,risc-on,40.0,55.0,5.0,0.0,0.0,0.0,False,No cal rebalancejar
weekly_thursday,1998-02-05,100.0,positiu,positiu,positiu,positiu,positiu,risc-on,,0,risc-on,False,risc-on,40.0,55.0,5.0,0.0,0.0,0.0,False,No cal rebalancejar
weekly_friday,1998-02-06,100.0,positiu,positiu,positiu,positiu,positiu,risc-on,,0,risc-on,False,risc-on,40.0,55.0,5.0,0.0,0.0,0.0,False,No cal rebalancejar
weekly_thursday,1998-02-12,100.0,positiu,positiu,positiu,positiu,positiu,risc-on,,0,risc-on,False,risc-on,40.0,55.0,5.0,0.0,0.0,0.0,False,No cal rebalancejar
weekly_friday,1998-02-13,100.0,positiu,positiu,positiu,positiu,positiu,risc-on,,0,risc-on,False,risc-on,40.0,55.0,5.0,0.0,0.0,0.0,False,No cal rebalancejar
weekly_thursday,1998-02-19,100.0,positiu,positiu,positiu,positiu,positiu,risc-on,,0,risc-on,False,risc-on,40.0,55.0,5.0,0.0,0.0,0.0,False,No cal rebalancejar
weekly_friday,1998-02-20,100.0,positiu,positiu,positiu,positiu,positiu,risc-on,,0,risc-on,False,risc-on,40.0,55.0,5.0,0.0,0.0,0.0,False,No cal rebalancejar
weekly_thursday,1998-02-26,100.0,positiu,positiu,positiu,positiu,positiu,risc-on,,0,risc-on,False,risc-on,40.0,55.0,5.0,0.0,0.0,0.0,False,No cal rebalancejar
weekly_friday,1998-02-27,100.0,positiu,positiu,positiu,positiu,positiu,risc-on,,0,risc-on,False,risc-on,40.0,55.0,5.0,0.0,0.0,0.0,False,No cal rebalancejar
weekly_thursday,1998-03-05,100.0,positiu,positiu,positiu,positiu,positiu,risc-on,,0,risc-on,False,risc-on,40.0,55.0,5.0,0.0,0.0,0.0,False,No cal rebalancejar
weekly_friday,1998-03-06,100.0,positiu,positiu,positiu,positiu,positiu,risc-on,,0,risc-on,False,risc-on,40.0,55.0,5.0,0.0,0.0,0.0,False,No cal rebalancejar
weekly_thursday,1998-03-12,100.0,positiu,positiu,positiu,positiu,positiu,risc-on,,0,risc-on,False,risc-on,40.0,55.0,5.0,0.0,0.0,0.0,False,No cal rebalancejar
weekly_friday,1998-03-13,100.0,positiu,positiu,positiu,positiu,positiu,risc-on,,0,risc-on,False,risc-on,40.0,55.0,5.0,0.0,0.0,0.0,False,No cal rebalancejar
weekly_thursday,1998-03-19,100.0,positiu,positiu,positiu,positiu,positiu,risc-on,,0,risc-on,False,risc-on,40.0,55.0,5.0,0.0,0.0,0.0,False,No cal rebalancejar
weekly_friday,1998-03-20,100.0,positiu,positiu,positiu,positiu,positiu,risc-on,,0,risc-on,False,risc-on,40.0,55.0,5.0,0.0,0.0,0.0,False,No cal rebalancejar
weekly_thursday,1998-03-26,100.0,positiu,positiu,positiu,positiu,positiu,risc-on,,0,risc-on,False,risc-on,40.0,55.0,5.0,0.0,0.0,0.0,False,No cal rebalancejar
weekly_friday,1998-03-27,100.0,positiu,positiu,positiu,positiu,positiu,risc-on,,0,risc-on,False,risc-on,40.0,55.0,5.0,0.0,0.0,0.0,False,No cal rebalancejar
weekly_thursday,1998-04-02,100.0,positiu,positiu,positiu,positiu,positiu,risc-on,,0,risc-on,False,risc-on,40.0,55.0,5.0,0.0,0.0,0.0,False,No cal rebalancejar
weekly_friday,1998-04-03,100.0,positiu,positiu,positiu,positiu,positiu,risc-on,,0,risc-on,False,risc-on,40.0,55.0,5.0,0.0,0.0,0.0,False,No cal rebalancejar
weekly_thursday,1998-04-09,100.0,positiu,positiu,positiu,positiu,positiu,risc-on,,0,risc-on,False,risc-on,40.0,55.0,5.0,0.0,0.0,0.0,False,No cal rebalancejar
weekly_friday,1998-04-10,100.0,positiu,positiu,positiu,positiu,positiu,risc-on,,0,risc-on,False,risc-on,40.0,55.0,5.0,0.0,0.0,0.0,False,No cal rebalancejar
weekly_thursday,1998-04-16,100.0,positiu,positiu,positiu,positiu,positiu,risc-on,,0,risc-on,False,risc-on,40.0,55.0,5.0,0.0,0.0,0.0,False,No cal rebalancejar
weekly_friday,1998-04-17,100.0,positiu,positiu,positiu,positiu,positiu,risc-on,,0,risc-on,False,risc-on,40.0,55.0,5.0,0.0,0.0,0.0,False,No cal rebalancejar
weekly_thursday,1998-04-23,100.0,positiu,positiu,positiu,positiu,positiu,risc-on,,0,risc-on,False,risc-on,40.0,55.0,5.0,0.0,0.0,0.0,False,No cal rebalancejar
weekly_friday,1998-04-24,100.0,positiu,positiu,positiu,positiu,positiu,risc-on,,0,risc-on,False,risc-on,40.0,55.0,5.0,0.0,0.0,0.0,False,No cal rebalancejar
weekly_thursday,1998-04-30,100.0,positiu,positiu,positiu,positiu,positiu,risc-on,,0,risc-on,False,risc-on,40.0,55.0,5.0,0.0,0.0,0.0,False,No cal rebalancejar
weekly_friday,1998-05-01,100.0,positiu,positiu,positiu,positiu,positiu,risc-on,,0,risc-on,False,risc-on,40.0,55.0,5.0,0.0,0.0,0.0,False,No cal rebalancejar
weekly_thursday,1998-05-07,100.0,positiu,positiu,positiu,positiu,positiu,risc-on,,0,risc-on,False,risc-on,40.0,55.0,5.0,0.0,0.0,0.0,False,No cal rebalancejar
weekly_friday,1998-05-08,100.0,positiu,positiu,positiu,positiu,positiu,risc-on,,0,risc-on,False,risc-on,40.0,55.0,5.0,0.0,0.0,0.0,False,No cal rebalancejar
weekly_thursday,1998-05-14,100.0,positiu,positiu,positiu,positiu,positiu,risc-on,,0,risc-on,False,risc-on,40.0,55.0,5.0,0.0,0.0,0.0,False,No cal rebalancejar
weekly_friday,1998-05-15,100.0,positiu,positiu,positiu,positiu,positiu,risc-on,,0,risc-on,False,risc-on,40.0,55.0,5.0,0.0,0.0,0.0,False,No cal rebalancejar
weekly_thursday,1998-05-21,100.0,positiu,positiu,positiu,positiu,positiu,risc-on,,0,risc-on,False,risc-on,40.0,55.0,5.0,0.0,0.0,0.0,False,No cal rebalancejar
weekly_friday,1998-05-22,100.0,positiu,positiu,positiu,positiu,positiu,risc-on,,0,risc-on,False,risc-on,40.0,55.0,5.0,0.0,0.0,0.0,False,No cal rebalancejar
weekly_thursday,1998-05-28,100.0,positiu,positiu,positiu,positiu,positiu,risc-on,,0,risc-on,False,risc-on,40.0,55.0,5.0,0.0,0.0,0.0,False,No cal rebalancejar
weekly_friday,1998-05-29,100.0,positiu,positiu,positiu,positiu,positiu,risc-on,,0,risc-on,False,risc-on,40.0,55.0,5.0,0.0,0.0,0.0,False,No cal rebalancejar
weekly_thursday,1998-06-04,100.0,positiu,positiu,positiu,positiu,positiu,risc-on,,0,risc-on,False,risc-on,40.0,55.0,5.0,0.0,0.0,0.0,False,No cal rebalancejar
weekly_friday,1998-06-05,100.0,positiu,positiu,positiu,positiu,positiu,risc-on,,0,risc-on,False,risc-on,40.0,55.0,5.0,0.0,0.0,0.0,False,No cal rebalancejar
weekly_thursday,1998-06-11,100.0,positiu,positiu,positiu,positiu,positiu,risc-on,,0,risc-on,False,risc-on,40.0,55.0,5.0,0.0,0.0,0.0,False,No cal rebalancejar
weekly_friday,1998-06-12,100.0,positiu,positiu,positiu,positiu,positiu,risc-on,,0,risc-on,False,risc-on,40.0,55.0,5.0,0.0,0.0,0.0,False,No cal rebalancejar
weekly_thursday,1998-06-18,100.0,positiu,positiu,positiu,positiu,positiu,risc-on,,0,risc-on,False,risc-on,40.0,55.0,5.0,0.0,0.0,0.0,False,No cal rebalancejar
weekly_friday,1998-06-19,100.0,positiu,positiu,positiu,positiu,positiu,risc-on,,0,risc-on,False,risc-on,40.0,55.0,5.0,0.0,0.0,0.0,False,No cal rebalancejar
weekly_thursday,1998-06-25,100.0,positiu,positiu,positiu,positiu,positiu,risc-on,,0,risc-on,False,risc-on,40.0,55.0,5.0,0.0,0.0,0.0,False,No cal rebalancejar
weekly_friday,1998-06-26,100.0,positiu,positiu,positiu,positiu,positiu,risc-on,,0,risc-on,False,risc-on,40.0,55.0,5.0,0.0,0.0,0.0,False,No cal rebalancejar
weekly_thursday,1998-07-02,100.0,positiu,positiu,positiu,positiu,positiu,risc-on,,0,risc-on,False,risc-on,40.0,55.0,5.0,0.0,0.0,0.0,False,No cal rebalancejar
weekly_friday,1998-07-03,100.0,positiu,positiu,positiu,positiu,positiu,risc-on,,0,risc-on,False,risc-on,40.0,55.0,5.0,0.0,0.0,0.0,False,No cal rebalancejar
weekly_thursday,1998-07-09,100.0,positiu,positiu,positiu,positiu,positiu,risc-on,,0,risc-on,False,risc-on,40.0,55.0,5.0,0.0,0.0,0.0,False,No cal rebalancejar
weekly_friday,1998-07-10,100.0,positiu,positiu,positiu,positiu,positiu,risc-on,,0,risc-on,False,risc-on,40.0,55.0,5.0,0.0,0.0,0.0,False,No cal rebalancejar
weekly_thursday,1998-07-16,100.0,positiu,positiu,positiu,positiu,positiu,risc-on,,0,risc-on,False,risc-on,40.0,55.0,5.0,0.0,0.0,0.0,False,No cal rebalancejar
weekly_friday,1998-07-17,100.0,positiu,positiu,positiu,positiu,positiu,risc-on,,0,risc-on,False,risc-on,40.0,55.0,5.0,0.0,0.0,0.0,False,No cal rebalancejar
weekly_thursday,1998-07-23,100.0,positiu,positiu,positiu,positiu,positiu,risc-on,,0,risc-on,False,risc-on,40.0,55.0,5.0,0.0,0.0,0.0,False,No cal rebalancejar
weekly_friday,1998-07-24,100.0,positiu,positiu,positiu,positiu,positiu,risc-on,,0,risc-on,False,risc-on,40.0,55.0,5.0,0.0,0.0,0.0,False,No cal rebalancejar
weekly_thursday,1998-07-30,100.0,positiu,positiu,positiu,positiu,positiu,risc-on,,0,risc-on,False,risc-on,40.0,55.0,5.0,0.0,0.0,0.0,False,No cal rebalancejar
weekly_friday,1998-07-31,100.0,positiu,positiu,positiu,positiu,positiu,risc-on,,0,risc-on,False,risc-on,40.0,55.0,5.0,0.0,0.0,0.0,False,No cal rebalancejar
weekly_thursday,1998-08-06,82.22,neutral,positiu,positiu,positiu,positiu,risc-on,,0,risc-on,False,risc-on,40.0,55.0,5.0,0.0,0.0,0.0,False,No cal rebalancejar
weekly_friday,1998-08-07,82.22,neutral,positiu,positiu,positiu,positiu,risc-on,,0,risc-on,False,risc-on,40.0,55.0,5.0,0.0,0.0,0.0,False,No cal rebalancejar
weekly_thursday,1998-08-13,82.22,neutral,positiu,positiu,positiu,positiu,risc-on,,0,risc-on,False,risc-on,40.0,55.0,5.0,0.0,0.0,0.0,False,No cal rebalancejar
weekly_friday,1998-08-14,82.22,neutral,positiu,positiu,positiu,positiu,risc-on,,0,risc-on,False,risc-on,40.0,55.0,5.0,0.0,0.0,0.0,False,No cal rebalancejar
weekly_thursday,1998-08-20,82.22,neutral,positiu,positiu,positiu,positiu,risc-on,,0,risc-on,False,risc-on,40.0,55.0,5.0,0.0,0.0,0.0,False,No cal rebalancejar
weekly_friday,1998-08-21,82.22,neutral,positiu,positiu,positiu,positiu,risc-on,,0,risc-on,False,risc-on,40.0,55.0,5.0,0.0,0.0,0.0,False,No cal rebalancejar
weekly_thursday,1998-08-27,82.22,neutral,positiu,positiu,positiu,positiu,risc-on,,0,risc-on,False,risc-on,40.0,55.0,5.0,0.0,0.0,0.0,False,No cal rebalancejar
weekly_friday,1998-08-28,57.77,negatiu,positiu,neutral,positiu,positiu,normal,normal,1,risc-on,False,risc-on,40.0,55.0,5.0,0.0,0.0,0.0,False,No cal rebalancejar
weekly_thursday,1998-09-03,46.66,negatiu,neutral,neutral,positiu,positiu,normal,normal,1,risc-on,False,risc-on,40.0,55.0,5.0,0.0,0.0,0.0,False,No cal rebalancejar
weekly_friday,1998-09-04,46.66,negatiu,neutral,neutral,positiu,positiu,normal,normal,2,risc-on,False,risc-on,40.0,55.0,5.0,0.0,0.0,0.0,False,No cal rebalancejar
weekly_thursday,1998-09-10,59.99,negatiu,positiu,positiu,neutral,positiu,normal,normal,2,risc-on,False,risc-on,40.0,55.0,5.0,0.0,0.0,0.0,False,No cal rebalancejar
weekly_friday,1998-09-11,53.33,negatiu,positiu,neutral,neutral,positiu,normal,normal,3,risc-on,False,risc-on,40.0,55.0,5.0,0.0,0.0,0.0,False,No cal rebalancejar
weekly_thursday,1998-09-17,53.33,negatiu,positiu,neutral,neutral,positiu,normal,normal,3,risc-on,False,risc-on,40.0,55.0,5.0,0.0,0.0,0.0,False,No cal rebalancejar
weekly_friday,1998-09-18,53.33,negatiu,positiu,neutral,neutral,positiu,normal,,0,normal,False,normal,60.0,25.0,15.0,20.0,-30.0,10.0,True,Comprar 20 pp MSCI World; Vendre 30 pp Nasdaq; Comprar 10 pp Monetari
weekly_thursday,1998-09-24,53.33,negatiu,positiu,neutral,neutral,positiu,normal,,0,normal,False,normal,60.0,25.0,15.0,0.0,0.0,0.0,False,No cal rebalancejar
weekly_friday,1998-09-25,53.33,negatiu,positiu,neutral,neutral,positiu,normal,,0,normal,False,normal,60.0,25.0,15.0,0.0,0.0,0.0,False,No cal rebalancejar
weekly_thursday,1998-10-01,53.33,negatiu,positiu,neutral,neutral,positiu,normal,,0,normal,False,normal,60.0,25.0,15.0,0.0,0.0,0.0,False,No cal rebalancejar
weekly_friday,1998-10-02,46.66,negatiu,positiu,negatiu,neutral,positiu,normal,,0,normal,False,normal,60.0,25.0,15.0,0.0,0.0,0.0,False,No cal rebalancejar
weekly_thursday,1998-10-08,31.11,negatiu,negatiu,neutral,neutral,positiu,defensiu,defensiu,1,normal,False,normal,60.0,25.0,15.0,0.0,0.0,0.0,False,No cal rebalancejar
weekly_friday,1998-10-09,35.55,negatiu,neutral,negatiu,neutral,positiu,defensiu,defensiu,1,normal,True,normal,60.0,25.0,15.0,0.0,0.0,0.0,False,No cal rebalancejar
weekly_thursday,1998-10-15,53.33,negatiu,positiu,neutral,neutral,positiu,normal,,0,normal,False,normal,60.0,25.0,15.0,0.0,0.0,0.0,False,No cal rebalancejar
weekly_friday,1998-10-16,53.33,negatiu,positiu,neutral,neutral,positiu,normal,,0,normal,True,normal,60.0,25.0,15.0,0.0,0.0,0.0,False,No cal rebalancejar
weekly_thursday,1998-10-22,77.78,neutral,positiu,positiu,neutral,positiu,risc-on,risc-on,1,normal,False,normal,60.0,25.0,15.0,0.0,0.0,0.0,False,No cal rebalancejar
weekly_friday,1998-10-23,77.78,neutral,positiu,positiu,neutral,positiu,risc-on,risc-on,1,normal,True,normal,60.0,25.0,15.0,0.0,0.0,0.0,False,No cal rebalancejar
weekly_thursday,1998-10-29,77.78,neutral,positiu,positiu,neutral,positiu,risc-on,risc-on,2,normal,False,normal,60.0,25.0,15.0,0.0,0.0,0.0,False,No cal rebalancejar
weekly_friday,1998-10-30,77.78,neutral,positiu,positiu,neutral,positiu,risc-on,risc-on,2,normal,True,normal,60.0,25.0,15.0,0.0,0.0,0.0,False,No cal rebalancejar
weekly_thursday,1998-11-05,77.78,neutral,positiu,positiu,neutral,positiu,risc-on,risc-on,3,normal,False,normal,60.0,25.0,15.0,0.0,0.0,0.0,False,No cal rebalancejar
weekly_friday,1998-11-06,95.56,positiu,positiu,positiu,neutral,positiu,risc-on,risc-on,3,normal,True,normal,60.0,25.0,15.0,0.0,0.0,0.0,False,No cal rebalancejar
weekly_thursday,1998-11-12,77.78,neutral,positiu,positiu,neutral,positiu,risc-on,,0,risc-on,False,risc-on,40.0,55.0,5.0,-20.0,30.0,-10.0,True,Vendre 20 pp MSCI World; Comprar 30 pp Nasdaq; Vendre 10 pp Monetari
weekly_friday,1998-11-13,77.78,neutral,positiu,positiu,neutral,positiu,risc-on,,0,risc-on,True,risc-on,40.0,55.0,5.0,-20.0,30.0,-10.0,True,Vendre 20 pp MSCI World; Comprar 30 pp Nasdaq; Vendre 10 pp Monetari
weekly_thursday,1998-11-19,77.78,neutral,positiu,positiu,neutral,positiu,risc-on,,0,risc-on,False,risc-on,40.0,55.0,5.0,0.0,0.0,0.0,False,No cal rebalancejar
weekly_friday,1998-11-20,95.56,positiu,positiu,positiu,neutral,positiu,risc-on,,0,risc-on,True,risc-on,40.0,55.0,5.0,0.0,0.0,0.0,False,No cal rebalancejar
weekly_thursday,1998-11-26,95.56,positiu,positiu,positiu,neutral,positiu,risc-on,,0,risc-on,False,risc-on,40.0,55.0,5.0,0.0,0.0,0.0,False,No cal rebalancejar
weekly_friday,1998-11-27,95.56,positiu,positiu,positiu,neutral,positiu,risc-on,,0,risc-on,False,risc-on,40.0,55.0,5.0,0.0,0.0,0.0,False,No cal rebalancejar
weekly_thursday,1998-12-03,95.56,positiu,positiu,positiu,neutral,positiu,risc-on,,0,risc-on,False,risc-on,40.0,55.0,5.0,0.0,0.0,0.0,False,No cal rebalancejar
weekly_friday,1998-12-04,95.56,positiu,positiu,positiu,neutral,positiu,risc-on,,0,risc-on,False,risc-on,40.0,55.0,5.0,0.0,0.0,0.0,False,No cal rebalancejar
weekly_thursday,1998-12-10,100.0,positiu,positiu,positiu,positiu,positiu,risc-on,,0,risc-on,False,risc-on,40.0,55.0,5.0,0.0,0.0,0.0,False,No cal rebalancejar
weekly_friday,1998-12-11,100.0,positiu,positiu,positiu,positiu,positiu,risc-on,,0,risc-on,False,risc-on,40.0,55.0,5.0,0.0,0.0,0.0,False,No cal rebalancejar
weekly_thursday,1998-12-17,100.0,positiu,positiu,positiu,positiu,positiu,risc-on,,0,risc-on,False,risc-on,40.0,55.0,5.0,0.0,0.0,0.0,False,No cal rebalancejar
weekly_friday,1998-12-18,100.0,positiu,positiu,positiu,positiu,positiu,risc-on,,0,risc-on,False,risc-on,40.0,55.0,5.0,0.0,0.0,0.0,False,No cal rebalancejar
weekly_thursday,1998-12-24,100.0,positiu,positiu,positiu,positiu,positiu,risc-on,,0,risc-on,False,risc-on,40.0,55.0,5.0,0.0,0.0,0.0,False,No cal rebalancejar
weekly_friday,1998-12-25,100.0,positiu,positiu,positiu,positiu,positiu,risc-on,,0,risc-on,False,risc-on,40.0,55.0,5.0,0.0,0.0,0.0,False,No cal rebalancejar
weekly_thursday,1998-12-31,100.0,positiu,positiu,positiu,positiu,positiu,risc-on,,0,risc-on,False,risc-on,40.0,55.0,5.0,0.0,0.0,0.0,False,No cal rebalancejar
weekly_friday,1999-01-01,100.0,positiu,positiu,positiu,positiu,positiu,risc-on,,0,risc-on,False,risc-on,40.0,55.0,5.0,0.0,0.0,0.0,False,No cal rebalancejar
weekly_thursday,1999-01-07,100.0,positiu,positiu,positiu,positiu,positiu,risc-on,,0,risc-on,False,risc-on,40.0,55.0,5.0,0.0,0.0,0.0,False,No cal rebalancejar
weekly_friday,1999-01-08,100.0,positiu,positiu,positiu,positiu,positiu,risc-on,,0,risc-on,False,risc-on,40.0,55.0,5.0,0.0,0.0,0.0,False,No cal rebalancejar
weekly_thursday,1999-01-14,100.0,positiu,positiu,positiu,positiu,positiu,risc-on,,0,risc-on,False,risc-on,40.0,55.0,5.0,0.0,0.0,0.0,False,No cal rebalancejar
weekly_friday,1999-01-15,100.0,positiu,positiu,positiu,positiu,positiu,risc-on,,0,risc-on,False,risc-on,40.0,55.0,5.0,0.0,0.0,0.0,False,No cal rebalancejar
weekly_thursday,1999-01-21,100.0,positiu,positiu,positiu,positiu,positiu,risc-on,,0,risc-on,False,risc-on,40.0,55.0,5.0,0.0,0.0,0.0,False,No cal rebalancejar
weekly_friday,1999-01-22,100.0,positiu,positiu,positiu,positiu,positiu,risc-on,,0,risc-on,False,risc-on,40.0,55.0,5.0,0.0,0.0,0.0,False,No cal rebalancejar
weekly_thursday,1999-01-28,100.0,positiu,positiu,positiu,positiu,positiu,risc-on,,0,risc-on,False,risc-on,40.0,55.0,5.0,0.0,0.0,0.0,False,No cal rebalancejar
weekly_friday,1999-01-29,100.0,positiu,positiu,positiu,positiu,positiu,risc-on,,0,risc-on,False,risc-on,40.0,55.0,5.0,0.0,0.0,0.0,False,No cal rebalancejar
weekly_thursday,1999-02-04,100.0,positiu,positiu,positiu,positiu,positiu,risc-on,,0,risc-on,False,risc-on,40.0,55.0,5.0,0.0,0.0,0.0,False,No cal rebalancejar
weekly_friday,1999-02-05,100.0,positiu,positiu,positiu,positiu,positiu,risc-on,,0,risc-on,False,risc-on,40.0,55.0,5.0,0.0,0.0,0.0,False,No cal rebalancejar
weekly_thursday,1999-02-11,100.0,positiu,positiu,positiu,positiu,positiu,risc-on,,0,risc-on,False,risc-on,40.0,55.0,5.0,0.0,0.0,0.0,False,No cal rebalancejar
weekly_friday,1999-02-12,100.0,positiu,positiu,positiu,positiu,positiu,risc-on,,0,risc-on,False,risc-on,40.0,55.0,5.0,0.0,0.0,0.0,False,No cal rebalancejar
weekly_thursday,1999-02-18,100.0,positiu,positiu,positiu,positiu,positiu,risc-on,,0,risc-on,False,risc-on,40.0,55.0,5.0,0.0,0.0,0.0,False,No cal rebalancejar
weekly_friday,1999-02-19,100.0,positiu,positiu,positiu,positiu,positiu,risc-on,,0,risc-on,False,risc-on,40.0,55.0,5.0,0.0,0.0,0.0,False,No cal rebalancejar
weekly_thursday,1999-02-25,100.0,positiu,positiu,positiu,positiu,positiu,risc-on,,0,risc-on,False,risc-on,40.0,55.0,5.0,0.0,0.0,0.0,False,No cal rebalancejar
weekly_friday,1999-02-26,100.0,positiu,positiu,positiu,positiu,positiu,risc-on,,0,risc-on,False,risc-on,40.0,55.0,5.0,0.0,0.0,0.0,False,No cal rebalancejar
weekly_thursday,1999-03-04,100.0,positiu,positiu,positiu,positiu,positiu,risc-on,,0,risc-on,False,risc-on,40.0,55.0,5.0,0.0,0.0,0.0,False,No cal rebalancejar
weekly_friday,1999-03-05,100.0,positiu,positiu,positiu,positiu,positiu,risc-on,,0,risc-on,False,risc-on,40.0,55.0,5.0,0.0,0.0,0.0,False,No cal rebalancejar
weekly_thursday,1999-03-11,100.0,positiu,positiu,positiu,positiu,positiu,risc-on,,0,risc-on,False,risc-on,40.0,55.0,5.0,0.0,0.0,0.0,False,No cal rebalancejar
weekly_friday,1999-03-12,100.0,positiu,positiu,positiu,positiu,positiu,risc-on,,0,risc-on,False,risc-on,40.0,55.0,5.0,0.0,0.0,0.0,False,No cal rebalancejar
weekly_thursday,1999-03-18,100.0,positiu,positiu,positiu,positiu,positiu,risc-on,,0,risc-on,False,risc-on,40.0,55.0,5.0,0.0,0.0,0.0,False,No cal rebalancejar
weekly_friday,1999-03-19,100.0,positiu,positiu,positiu,positiu,positiu,risc-on,,0,risc-on,False,risc-on,40.0,55.0,5.0,0.0,0.0,0.0,False,No cal rebalancejar
weekly_thursday,1999-03-25,100.0,positiu,positiu,positiu,positiu,positiu,risc-on,,0,risc-on,False,risc-on,40.0,55.0,5.0,0.0,0.0,0.0,False,No cal rebalancejar
weekly_friday,1999-03-26,100.0,positiu,positiu,positiu,positiu,positiu,risc-on,,0,risc-on,False,risc-on,40.0,55.0,5.0,0.0,0.0,0.0,False,No cal rebalancejar
weekly_thursday,1999-04-01,100.0,positiu,positiu,positiu,positiu,positiu,risc-on,,0,risc-on,False,risc-on,40.0,55.0,5.0,0.0,0.0,0.0,False,No cal rebalancejar
weekly_friday,1999-04-02,100.0,positiu,positiu,positiu,positiu,positiu,risc-on,,0,risc-on,False,risc-on,40.0,55.0,5.0,0.0,0.0,0.0,False,No cal rebalancejar
weekly_thursday,1999-04-08,100.0,positiu,positiu,positiu,positiu,positiu,risc-on,,0,risc-on,False,risc-on,40.0,55.0,5.0,0.0,0.0,0.0,False,No cal rebalancejar
weekly_friday,1999-04-09,100.0,positiu,positiu,positiu,positiu,positiu,risc-on,,0,risc-on,False,risc-on,40.0,55.0,5.0,0.0,0.0,0.0,False,No cal rebalancejar
weekly_thursday,1999-04-15,100.0,positiu,positiu,positiu,positiu,positiu,risc-on,,0,risc-on,False,risc-on,40.0,55.0,5.0,0.0,0.0,0.0,False,No cal rebalancejar
weekly_friday,1999-04-16,100.0,positiu,positiu,positiu,positiu,positiu,risc-on,,0,risc-on,False,risc-on,40.0,55.0,5.0,0.0,0.0,0.0,False,No cal rebalancejar
weekly_thursday,1999-04-22,100.0,positiu,positiu,positiu,positiu,positiu,risc-on,,0,risc-on,False,risc-on,40.0,55.0,5.0,0.0,0.0,0.0,False,No cal rebalancejar
weekly_friday,1999-04-23,100.0,positiu,positiu,positiu,positiu,positiu,risc-on,,0,risc-on,False,risc-on,40.0,55.0,5.0,0.0,0.0,0.0,False,No cal rebalancejar
weekly_thursday,1999-04-29,100.0,positiu,positiu,positiu,positiu,positiu,risc-on,,0,risc-on,False,risc-on,40.0,55.0,5.0,0.0,0.0,0.0,False,No cal rebalancejar
weekly_friday,1999-04-30,100.0,positiu,positiu,positiu,positiu,positiu,risc-on,,0,risc-on,False,risc-on,40.0,55.0,5.0,0.0,0.0,0.0,False,No cal rebalancejar
weekly_thursday,1999-05-06,100.0,positiu,positiu,positiu,positiu,positiu,risc-on,,0,risc-on,False,risc-on,40.0,55.0,5.0,0.0,0.0,0.0,False,No cal rebalancejar
weekly_friday,1999-05-07,100.0,positiu,positiu,positiu,positiu,positiu,risc-on,,0,risc-on,False,risc-on,40.0,55.0,5.0,0.0,0.0,0.0,False,No cal rebalancejar
weekly_thursday,1999-05-13,100.0,positiu,positiu,positiu,positiu,positiu,risc-on,,0,risc-on,False,risc-on,40.0,55.0,5.0,0.0,0.0,0.0,False,No cal rebalancejar
weekly_friday,1999-05-14,100.0,positiu,positiu,positiu,positiu,positiu,risc-on,,0,risc-on,False,risc-on,40.0,55.0,5.0,0.0,0.0,0.0,False,No cal rebalancejar
weekly_thursday,1999-05-20,100.0,positiu,positiu,positiu,positiu,positiu,risc-on,,0,risc-on,False,risc-on,40.0,55.0,5.0,0.0,0.0,0.0,False,No cal rebalancejar
weekly_friday,1999-05-21,100.0,positiu,positiu,positiu,positiu,positiu,risc-on,,0,risc-on,False,risc-on,40.0,55.0,5.0,0.0,0.0,0.0,False,No cal rebalancejar
weekly_thursday,1999-05-27,100.0,positiu,positiu,positiu,positiu,positiu,risc-on,,0,risc-on,False,risc-on,40.0,55.0,5.0,0.0,0.0,0.0,False,No cal rebalancejar
weekly_friday,1999-05-28,100.0,positiu,positiu,positiu,positiu,positiu,risc-on,,0,risc-on,False,risc-on,40.0,55.0,5.0,0.0,0.0,0.0,False,No cal rebalancejar
weekly_thursday,1999-06-03,100.0,positiu,positiu,positiu,positiu,positiu,risc-on,,0,risc-on,False,risc-on,40.0,55.0,5.0,0.0,0.0,0.0,False,No cal rebalancejar
weekly_friday,1999-06-04,100.0,positiu,positiu,positiu,positiu,positiu,risc-on,,0,risc-on,False,risc-on,40.0,55.0,5.0,0.0,0.0,0.0,False,No cal rebalancejar
weekly_thursday,1999-06-10,100.0,positiu,positiu,positiu,positiu,positiu,risc-on,,0,risc-on,False,risc-on,40.0,55.0,5.0,0.0,0.0,0.0,False,No cal rebalancejar
weekly_friday,1999-06-11,100.0,positiu,positiu,positiu,positiu,positiu,risc-on,,0,risc-on,False,risc-on,40.0,55.0,5.0,0.0,0.0,0.0,False,No cal rebalancejar
weekly_thursday,1999-06-17,100.0,positiu,positiu,positiu,positiu,positiu,risc-on,,0,risc-on,False,risc-on,40.0,55.0,5.0,0.0,0.0,0.0,False,No cal rebalancejar
weekly_friday,1999-06-18,100.0,positiu,positiu,positiu,positiu,positiu,risc-on,,0,risc-on,False,risc-on,40.0,55.0,5.0,0.0,0.0,0.0,False,No cal rebalancejar
weekly_thursday,1999-06-24,100.0,positiu,positiu,positiu,positiu,positiu,risc-on,,0,risc-on,False,risc-on,40.0,55.0,5.0,0.0,0.0,0.0,False,No cal rebalancejar
weekly_friday,1999-06-25,100.0,positiu,positiu,positiu,positiu,positiu,risc-on,,0,risc-on,False,risc-on,40.0,55.0,5.0,0.0,0.0,0.0,False,No cal rebalancejar
weekly_thursday,1999-07-01,100.0,positiu,positiu,positiu,positiu,positiu,risc-on,,0,risc-on,False,risc-on,40.0,55.0,5.0,0.0,0.0,0.0,False,No cal rebalancejar
weekly_friday,1999-07-02,100.0,positiu,positiu,positiu,positiu,positiu,risc-on,,0,risc-on,False,risc-on,40.0,55.0,5.0,0.0,0.0,0.0,False,No cal rebalancejar
weekly_thursday,1999-07-08,100.0,positiu,positiu,positiu,positiu,positiu,risc-on,,0,risc-on,False,risc-on,40.0,55.0,5.0,0.0,0.0,0.0,False,No cal rebalancejar
weekly_friday,1999-07-09,100.0,positiu,positiu,positiu,positiu,positiu,risc-on,,0,risc-on,False,risc-on,40.0,55.0,5.0,0.0,0.0,0.0,False,No cal rebalancejar
weekly_thursday,1999-07-15,100.0,positiu,positiu,positiu,positiu,positiu,risc-on,,0,risc-on,False,risc-on,40.0,55.0,5.0,0.0,0.0,0.0,False,No cal rebalancejar
weekly_friday,1999-07-16,100.0,positiu,positiu,positiu,positiu,positiu,risc-on,,0,risc-on,False,risc-on,40.0,55.0,5.0,0.0,0.0,0.0,False,No cal rebalancejar
weekly_thursday,1999-07-22,100.0,positiu,positiu,positiu,positiu,positiu,risc-on,,0,risc-on,False,risc-on,40.0,55.0,5.0,0.0,0.0,0.0,False,No cal rebalancejar
weekly_friday,1999-07-23,100.0,positiu,positiu,positiu,positiu,positiu,risc-on,,0,risc-on,False,risc-on,40.0,55.0,5.0,0.0,0.0,0.0,False,No cal rebalancejar
weekly_thursday,1999-07-29,100.0,positiu,positiu,positiu,positiu,positiu,risc-on,,0,risc-on,False,risc-on,40.0,55.0,5.0,0.0,0.0,0.0,False,No cal rebalancejar
weekly_friday,1999-07-30,100.0,positiu,positiu,positiu,positiu,positiu,risc-on,,0,risc-on,False,risc-on,40.0,55.0,5.0,0.0,0.0,0.0,False,No cal rebalancejar
weekly_thursday,1999-08-05,100.0,positiu,positiu,positiu,positiu,positiu,risc-on,,0,risc-on,False,risc-on,40.0,55.0,5.0,0.0,0.0,0.0,False,No cal rebalancejar
weekly_friday,1999-08-06,100.0,positiu,positiu,positiu,positiu,positiu,risc-on,,0,risc-on,False,risc-on,40.0,55.0,5.0,0.0,0.0,0.0,False,No cal rebalancejar
weekly_thursday,1999-08-12,82.22,neutral,positiu,positiu,positiu,positiu,risc-on,,0,risc-on,False,risc-on,40.0,55.0,5.0,0.0,0.0,0.0,False,No cal rebalancejar
weekly_friday,1999-08-13,82.22,neutral,positiu,positiu,positiu,positiu,risc-on,,0,risc-on,False,risc-on,40.0,55.0,5.0,0.0,0.0,0.0,False,No cal rebalancejar
weekly_thursday,1999-08-19,100.0,positiu,positiu,positiu,positiu,positiu,risc-on,,0,risc-on,False,risc-on,40.0,55.0,5.0,0.0,0.0,0.0,False,No cal rebalancejar
weekly_friday,1999-08-20,100.0,positiu,positiu,positiu,positiu,positiu,risc-on,,0,risc-on,False,risc-on,40.0,55.0,5.0,0.0,0.0,0.0,False,No cal rebalancejar
weekly_thursday,1999-08-26,100.0,positiu,positiu,positiu,positiu,positiu,risc-on,,0,risc-on,False,risc-on,40.0,55.0,5.0,0.0,0.0,0.0,False,No cal rebalancejar
weekly_friday,1999-08-27,100.0,positiu,positiu,positiu,positiu,positiu,risc-on,,0,risc-on,False,risc-on,40.0,55.0,5.0,0.0,0.0,0.0,False,No cal rebalancejar
weekly_thursday,1999-09-02,100.0,positiu,positiu,positiu,positiu,positiu,risc-on,,0,risc-on,False,risc-on,40.0,55.0,5.0,0.0,0.0,0.0,False,No cal rebalancejar
weekly_friday,1999-09-03,100.0,positiu,positiu,positiu,positiu,positiu,risc-on,,0,risc-on,False,risc-on,40.0,55.0,5.0,0.0,0.0,0.0,False,No cal rebalancejar
weekly_thursday,1999-09-09,100.0,positiu,positiu,positiu,positiu,positiu,risc-on,,0,risc-on,False,risc-on,40.0,55.0,5.0,0.0,0.0,0.0,False,No cal rebalancejar
weekly_friday,1999-09-10,100.0,positiu,positiu,positiu,positiu,positiu,risc-on,,0,risc-on,False,risc-on,40.0,55.0,5.0,0.0,0.0,0.0,False,No cal rebalancejar
weekly_thursday,1999-09-16,100.0,positiu,positiu,positiu,positiu,positiu,risc-on,,0,risc-on,False,risc-on,40.0,55.0,5.0,0.0,0.0,0.0,False,No cal rebalancejar
weekly_friday,1999-09-17,100.0,positiu,positiu,positiu,positiu,positiu,risc-on,,0,risc-on,False,risc-on,40.0,55.0,5.0,0.0,0.0,0.0,False,No cal rebalancejar
weekly_thursday,1999-09-23,82.22,neutral,positiu,positiu,positiu,positiu,risc-on,,0,risc-on,False,risc-on,40.0,55.0,5.0,0.0,0.0,0.0,False,No cal rebalancejar
weekly_friday,1999-09-24,82.22,neutral,positiu,positiu,positiu,positiu,risc-on,,0,risc-on,False,risc-on,40.0,55.0,5.0,0.0,0.0,0.0,False,No cal rebalancejar
weekly_thursday,1999-09-30,82.22,neutral,positiu,positiu,positiu,positiu,risc-on,,0,risc-on,False,risc-on,40.0,55.0,5.0,0.0,0.0,0.0,False,No cal rebalancejar
weekly_friday,1999-10-01,82.22,neutral,positiu,positiu,positiu,positiu,risc-on,,0,risc-on,False,risc-on,40.0,55.0,5.0,0.0,0.0,0.0,False,No cal rebalancejar
weekly_thursday,1999-10-07,100.0,positiu,positiu,positiu,positiu,positiu,risc-on,,0,risc-on,False,risc-on,40.0,55.0,5.0,0.0,0.0,0.0,False,No cal rebalancejar
weekly_friday,1999-10-08,100.0,positiu,positiu,positiu,positiu,positiu,risc-on,,0,risc-on,False,risc-on,40.0,55.0,5.0,0.0,0.0,0.0,False,No cal rebalancejar
weekly_thursday,1999-10-14,82.22,neutral,positiu,positiu,positiu,positiu,risc-on,,0,risc-on,False,risc-on,40.0,55.0,5.0,0.0,0.0,0.0,False,No cal rebalancejar
weekly_friday,1999-10-15,82.22,neutral,positiu,positiu,positiu,positiu,risc-on,,0,risc-on,False,risc-on,40.0,55.0,5.0,0.0,0.0,0.0,False,No cal rebalancejar
weekly_thursday,1999-10-21,82.22,neutral,positiu,positiu,positiu,positiu,risc-on,,0,risc-on,False,risc-on,40.0,55.0,5.0,0.0,0.0,0.0,False,No cal rebalancejar
weekly_friday,1999-10-22,82.22,neutral,positiu,positiu,positiu,positiu,risc-on,,0,risc-on,False,risc-on,40.0,55.0,5.0,0.0,0.0,0.0,False,No cal rebalancejar
weekly_thursday,1999-10-28,82.22,neutral,positiu,positiu,positiu,positiu,risc-on,,0,risc-on,False,risc-on,40.0,55.0,5.0,0.0,0.0,0.0,False,No cal rebalancejar
weekly_friday,1999-10-29,100.0,positiu,positiu,positiu,positiu,positiu,risc-on,,0,risc-on,False,risc-on,40.0,55.0,5.0,0.0,0.0,0.0,False,No cal rebalancejar
weekly_thursday,1999-11-04,100.0,positiu,positiu,positiu,positiu,positiu,risc-on,,0,risc-on,False,risc-on,40.0,55.0,5.0,0.0,0.0,0.0,False,No cal rebalancejar
weekly_friday,1999-11-05,100.0,positiu,positiu,positiu,positiu,positiu,risc-on,,0,risc-on,False,risc-on,40.0,55.0,5.0,0.0,0.0,0.0,False,No cal rebalancejar
weekly_thursday,1999-11-11,100.0,positiu,positiu,positiu,positiu,positiu,risc-on,,0,risc-on,False,risc-on,40.0,55.0,5.0,0.0,0.0,0.0,False,No cal rebalancejar
weekly_friday,1999-11-12,100.0,positiu,positiu,positiu,positiu,positiu,risc-on,,0,risc-on,False,risc-on,40.0,55.0,5.0,0.0,0.0,0.0,False,No cal rebalancejar
weekly_thursday,1999-11-18,100.0,positiu,positiu,positiu,positiu,positiu,risc-on,,0,risc-on,False,risc-on,40.0,55.0,5.0,0.0,0.0,0.0,False,No cal rebalancejar
weekly_friday,1999-11-19,100.0,positiu,positiu,positiu,positiu,positiu,risc-on,,0,risc-on,False,risc-on,40.0,55.0,5.0,0.0,0.0,0.0,False,No cal rebalancejar
weekly_thursday,1999-11-25,100.0,positiu,positiu,positiu,positiu,positiu,risc-on,,0,risc-on,False,risc-on,40.0,55.0,5.0,0.0,0.0,0.0,False,No cal rebalancejar
weekly_friday,1999-11-26,100.0,positiu,positiu,positiu,positiu,positiu,risc-on,,0,risc-on,False,risc-on,40.0,55.0,5.0,0.0,0.0,0.0,False,No cal rebalancejar
weekly_thursday,1999-12-02,100.0,positiu,positiu,positiu,positiu,positiu,risc-on,,0,risc-on,False,risc-on,40.0,55.0,5.0,0.0,0.0,0.0,False,No cal rebalancejar
weekly_friday,1999-12-03,100.0,positiu,positiu,positiu,positiu,positiu,risc-on,,0,risc-on,False,risc-on,40.0,55.0,5.0,0.0,0.0,0.0,False,No cal rebalancejar
weekly_thursday,1999-12-09,100.0,positiu,positiu,positiu,positiu,positiu,risc-on,,0,risc-on,False,risc-on,40.0,55.0,5.0,0.0,0.0,0.0,False,No cal rebalancejar
weekly_friday,1999-12-10,100.0,positiu,positiu,positiu,positiu,positiu,risc-on,,0,risc-on,False,risc-on,40.0,55.0,5.0,0.0,0.0,0.0,False,No cal rebalancejar
weekly_thursday,1999-12-16,100.0,positiu,positiu,positiu,positiu,positiu,risc-on,,0,risc-on,False,risc-on,40.0,55.0,5.0,0.0,0.0,0.0,False,No cal rebalancejar
weekly_friday,1999-12-17,100.0,positiu,positiu,positiu,positiu,positiu,risc-on,,0,risc-on,False,risc-on,40.0,55.0,5.0,0.0,0.0,0.0,False,No cal rebalancejar
weekly_thursday,1999-12-23,100.0,positiu,positiu,positiu,positiu,positiu,risc-on,,0,risc-on,False,risc-on,40.0,55.0,5.0,0.0,0.0,0.0,False,No cal rebalancejar
weekly_friday,1999-12-24,100.0,positiu,positiu,positiu,positiu,positiu,risc-on,,0,risc-on,False,risc-on,40.0,55.0,5.0,0.0,0.0,0.0,False,No cal rebalancejar
weekly_thursday,1999-12-30,100.0,positiu,positiu,positiu,positiu,positiu,risc-on,,0,risc-on,False,risc-on,40.0,55.0,5.0,0.0,0.0,0.0,False,No cal rebalancejar
weekly_friday,1999-12-31,100.0,positiu,positiu,positiu,positiu,positiu,risc-on,,0,risc-on,False,risc-on,40.0,55.0,5.0,0.0,0.0,0.0,False,No cal rebalancejar
weekly_thursday,2000-01-06,100.0,positiu,positiu,positiu,positiu,positiu,risc-on,,0,risc-on,False,risc-on,40.0,55.0,5.0,0.0,0.0,0.0,False,No cal rebalancejar
weekly_friday,2000-01-07,100.0,positiu,positiu,positiu,positiu,positiu,risc-on,,0,risc-on,False,risc-on,40.0,55.0,5.0,0.0,0.0,0.0,False,No cal rebalancejar
weekly_thursday,2000-01-13,100.0,positiu,positiu,positiu,positiu,positiu,risc-on,,0,risc-on,False,risc-on,40.0,55.0,5.0,0.0,0.0,0.0,False,No cal rebalancejar
weekly_friday,2000-01-14,100.0,positiu,positiu,positiu,positiu,positiu,risc-on,,0,risc-on,False,risc-on,40.0,55.0,5.0,0.0,0.0,0.0,False,No cal rebalancejar
weekly_thursday,2000-01-20,100.0,positiu,positiu,positiu,positiu,positiu,risc-on,,0,risc-on,False,risc-on,40.0,55.0,5.0,0.0,0.0,0.0,False,No cal rebalancejar
weekly_friday,2000-01-21,100.0,positiu,positiu,positiu,positiu,positiu,risc-on,,0,risc-on,False,risc-on,40.0,55.0,5.0,0.0,0.0,0.0,False,No cal rebalancejar
weekly_thursday,2000-01-27,100.0,positiu,positiu,positiu,positiu,positiu,risc-on,,0,risc-on,False,risc-on,40.0,55.0,5.0,0.0,0.0,0.0,False,No cal rebalancejar
weekly_friday,2000-01-28,100.0,positiu,positiu,positiu,positiu,positiu,risc-on,,0,risc-on,False,risc-on,40.0,55.0,5.0,0.0,0.0,0.0,False,No cal rebalancejar
weekly_thursday,2000-02-03,100.0,positiu,positiu,positiu,positiu,positiu,risc-on,,0,risc-on,False,risc-on,40.0,55.0,5.0,0.0,0.0,0.0,False,No cal rebalancejar
weekly_friday,2000-02-04,100.0,positiu,positiu,positiu,positiu,positiu,risc-on,,0,risc-on,False,risc-on,40.0,55.0,5.0,0.0,0.0,0.0,False,No cal rebalancejar
weekly_thursday,2000-02-10,90.0,positiu,positiu,positiu,positiu,neutral,risc-on,,0,risc-on,False,risc-on,40.0,55.0,5.0,0.0,0.0,0.0,False,No cal rebalancejar
weekly_friday,2000-02-11,100.0,positiu,positiu,positiu,positiu,positiu,risc-on,,0,risc-on,False,risc-on,40.0,55.0,5.0,0.0,0.0,0.0,False,No cal rebalancejar
weekly_thursday,2000-02-17,100.0,positiu,positiu,positiu,positiu,positiu,risc-on,,0,risc-on,False,risc-on,40.0,55.0,5.0,0.0,0.0,0.0,False,No cal rebalancejar
weekly_friday,2000-02-18,100.0,positiu,positiu,positiu,positiu,positiu,risc-on,,0,risc-on,False,risc-on,40.0,55.0,5.0,0.0,0.0,0.0,False,No cal rebalancejar
weekly_thursday,2000-02-24,90.0,positiu,positiu,positiu,positiu,neutral,risc-on,,0,risc-on,False,risc-on,40.0,55.0,5.0,0.0,0.0,0.0,False,No cal rebalancejar
weekly_friday,2000-02-25,100.0,positiu,positiu,positiu,positiu,positiu,risc-on,,0,risc-on,False,risc-on,40.0,55.0,5.0,0.0,0.0,0.0,False,No cal rebalancejar
weekly_thursday,2000-03-02,90.0,positiu,positiu,positiu,positiu,neutral,risc-on,,0,risc-on,False,risc-on,40.0,55.0,5.0,0.0,0.0,0.0,False,No cal rebalancejar
weekly_friday,2000-03-03,100.0,positiu,positiu,positiu,positiu,positiu,risc-on,,0,risc-on,False,risc-on,40.0,55.0,5.0,0.0,0.0,0.0,False,No cal rebalancejar
weekly_thursday,2000-03-09,90.0,positiu,positiu,positiu,positiu,neutral,risc-on,,0,risc-on,False,risc-on,40.0,55.0,5.0,0.0,0.0,0.0,False,No cal rebalancejar
weekly_friday,2000-03-10,100.0,positiu,positiu,positiu,positiu,positiu,risc-on,,0,risc-on,False,risc-on,40.0,55.0,5.0,0.0,0.0,0.0,False,No cal rebalancejar
weekly_thursday,2000-03-16,90.0,positiu,positiu,positiu,positiu,neutral,risc-on,,0,risc-on,False,risc-on,40.0,55.0,5.0,0.0,0.0,0.0,False,No cal rebalancejar
weekly_friday,2000-03-17,90.0,positiu,positiu,positiu,positiu,neutral,risc-on,,0,risc-on,False,risc-on,40.0,55.0,5.0,0.0,0.0,0.0,False,No cal rebalancejar
weekly_thursday,2000-03-23,90.0,positiu,positiu,positiu,positiu,neutral,risc-on,,0,risc-on,False,risc-on,40.0,55.0,5.0,0.0,0.0,0.0,False,No cal rebalancejar
weekly_friday,2000-03-24,90.0,positiu,positiu,positiu,positiu,neutral,risc-on,,0,risc-on,False,risc-on,40.0,55.0,5.0,0.0,0.0,0.0,False,No cal rebalancejar
weekly_thursday,2000-03-30,90.0,positiu,positiu,positiu,positiu,neutral,risc-on,,0,risc-on,False,risc-on,40.0,55.0,5.0,0.0,0.0,0.0,False,No cal rebalancejar
weekly_friday,2000-03-31,90.0,positiu,positiu,positiu,positiu,neutral,risc-on,,0,risc-on,False,risc-on,40.0,55.0,5.0,0.0,0.0,0.0,False,No cal rebalancejar
weekly_thursday,2000-04-06,90.0,positiu,positiu,positiu,positiu,neutral,risc-on,,0,risc-on,False,risc-on,40.0,55.0,5.0,0.0,0.0,0.0,False,No cal rebalancejar
weekly_friday,2000-04-07,90.0,positiu,positiu,positiu,positiu,neutral,risc-on,,0,risc-on,False,risc-on,40.0,55.0,5.0,0.0,0.0,0.0,False,No cal rebalancejar
weekly_thursday,2000-04-13,90.0,positiu,positiu,positiu,positiu,neutral,risc-on,,0,risc-on,False,risc-on,40.0,55.0,5.0,0.0,0.0,0.0,False,No cal rebalancejar
weekly_friday,2000-04-14,78.89,positiu,neutral,positiu,positiu,neutral,risc-on,,0,risc-on,False,risc-on,40.0,55.0,5.0,0.0,0.0,0.0,False,No cal rebalancejar
weekly_thursday,2000-04-20,90.0,positiu,positiu,positiu,positiu,neutral,risc-on,,0,risc-on,False,risc-on,40.0,55.0,5.0,0.0,0.0,0.0,False,No cal rebalancejar
weekly_friday,2000-04-21,90.0,positiu,positiu,positiu,positiu,neutral,risc-on,,0,risc-on,False,risc-on,40.0,55.0,5.0,0.0,0.0,0.0,False,No cal rebalancejar
weekly_thursday,2000-04-27,90.0,positiu,positiu,positiu,positiu,neutral,risc-on,,0,risc-on,False,risc-on,40.0,55.0,5.0,0.0,0.0,0.0,False,No cal rebalancejar
weekly_friday,2000-04-28,90.0,positiu,positiu,positiu,positiu,neutral,risc-on,,0,risc-on,False,risc-on,40.0,55.0,5.0,0.0,0.0,0.0,False,No cal rebalancejar
weekly_thursday,2000-05-04,72.22,neutral,positiu,positiu,positiu,neutral,risc-on,,0,risc-on,False,risc-on,40.0,55.0,5.0,0.0,0.0,0.0,False,No cal rebalancejar
weekly_friday,2000-05-05,72.22,neutral,positiu,positiu,positiu,neutral,risc-on,,0,risc-on,False,risc-on,40.0,55.0,5.0,0.0,0.0,0.0,False,No cal rebalancejar
weekly_thursday,2000-05-11,72.22,neutral,positiu,positiu,positiu,neutral,risc-on,,0,risc-on,False,risc-on,40.0,55.0,5.0,0.0,0.0,0.0,False,No cal rebalancejar
weekly_friday,2000-05-12,72.22,neutral,positiu,positiu,positiu,neutral,risc-on,,0,risc-on,False,risc-on,40.0,55.0,5.0,0.0,0.0,0.0,False,No cal rebalancejar
weekly_thursday,2000-05-18,72.22,neutral,positiu,positiu,positiu,neutral,risc-on,,0,risc-on,False,risc-on,40.0,55.0,5.0,0.0,0.0,0.0,False,No cal rebalancejar
weekly_friday,2000-05-19,61.11,neutral,neutral,positiu,positiu,neutral,normal,normal,1,risc-on,False,risc-on,40.0,55.0,5.0,0.0,0.0,0.0,False,No cal rebalancejar
weekly_thursday,2000-05-25,50.0,neutral,negatiu,positiu,positiu,neutral,normal,normal,1,risc-on,False,risc-on,40.0,55.0,5.0,0.0,0.0,0.0,False,No cal rebalancejar
weekly_friday,2000-05-26,50.0,neutral,negatiu,positiu,positiu,neutral,normal,normal,2,risc-on,False,risc-on,40.0,55.0,5.0,0.0,0.0,0.0,False,No cal rebalancejar
weekly_thursday,2000-06-01,72.22,neutral,positiu,positiu,positiu,neutral,risc-on,,0,risc-on,False,risc-on,40.0,55.0,5.0,0.0,0.0,0.0,False,No cal rebalancejar
weekly_friday,2000-06-02,72.22,neutral,positiu,positiu,positiu,neutral,risc-on,,0,risc-on,False,risc-on,40.0,55.0,5.0,0.0,0.0,0.0,False,No cal rebalancejar
weekly_thursday,2000-06-08,90.0,positiu,positiu,positiu,positiu,neutral,risc-on,,0,risc-on,False,risc-on,40.0,55.0,5.0,0.0,0.0,0.0,False,No cal rebalancejar
weekly_friday,2000-06-09,90.0,positiu,positiu,positiu,positiu,neutral,risc-on,,0,risc-on,False,risc-on,40.0,55.0,5.0,0.0,0.0,0.0,False,No cal rebalancejar
weekly_thursday,2000-06-15,90.0,positiu,positiu,positiu,positiu,neutral,risc-on,,0,risc-on,False,risc-on,40.0,55.0,5.0,0.0,0.0,0.0,False,No cal rebalancejar
weekly_friday,2000-06-16,90.0,positiu,positiu,positiu,positiu,neutral,risc-on,,0,risc-on,False,risc-on,40.0,55.0,5.0,0.0,0.0,0.0,False,No cal rebalancejar
weekly_thursday,2000-06-22,90.0,positiu,positiu,positiu,positiu,neutral,risc-on,,0,risc-on,False,risc-on,40.0,55.0,5.0,0.0,0.0,0.0,False,No cal rebalancejar
weekly_friday,2000-06-23,72.22,neutral,positiu,positiu,positiu,neutral,risc-on,,0,risc-on,False,risc-on,40.0,55.0,5.0,0.0,0.0,0.0,False,No cal rebalancejar
weekly_thursday,2000-06-29,72.22,neutral,positiu,positiu,positiu,neutral,risc-on,,0,risc-on,False,risc-on,40.0,55.0,5.0,0.0,0.0,0.0,False,No cal rebalancejar
weekly_friday,2000-06-30,72.22,neutral,positiu,positiu,positiu,neutral,risc-on,,0,risc-on,False,risc-on,40.0,55.0,5.0,0.0,0.0,0.0,False,No cal rebalancejar
weekly_thursday,2000-07-06,72.22,neutral,positiu,positiu,positiu,neutral,risc-on,,0,risc-on,False,risc-on,40.0,55.0,5.0,0.0,0.0,0.0,False,No cal rebalancejar
weekly_friday,2000-07-07,72.22,neutral,positiu,positiu,positiu,neutral,risc-on,,0,risc-on,False,risc-on,40.0,55.0,5.0,0.0,0.0,0.0,False,No cal rebalancejar
weekly_thursday,2000-07-13,90.0,positiu,positiu,positiu,positiu,neutral,risc-on,,0,risc-on,False,risc-on,40.0,55.0,5.0,0.0,0.0,0.0,False,No cal rebalancejar
weekly_friday,2000-07-14,90.0,positiu,positiu,positiu,positiu,neutral,risc-on,,0,risc-on,False,risc-on,40.0,55.0,5.0,0.0,0.0,0.0,False,No cal rebalancejar
weekly_thursday,2000-07-20,72.22,neutral,positiu,positiu,positiu,neutral,risc-on,,0,risc-on,False,risc-on,40.0,55.0,5.0,0.0,0.0,0.0,False,No cal rebalancejar
weekly_friday,2000-07-21,72.22,neutral,positiu,positiu,positiu,neutral,risc-on,,0,risc-on,False,risc-on,40.0,55.0,5.0,0.0,0.0,0.0,False,No cal rebalancejar
weekly_thursday,2000-07-27,61.11,neutral,neutral,positiu,positiu,neutral,normal,normal,1,risc-on,False,risc-on,40.0,55.0,5.0,0.0,0.0,0.0,False,No cal rebalancejar
weekly_friday,2000-07-28,50.0,neutral,negatiu,positiu,positiu,neutral,normal,normal,1,risc-on,False,risc-on,40.0,55.0,5.0,0.0,0.0,0.0,False,No cal rebalancejar
weekly_thursday,2000-08-03,61.11,neutral,neutral,positiu,positiu,neutral,normal,normal,2,risc-on,False,risc-on,40.0,55.0,5.0,0.0,0.0,0.0,False,No cal rebalancejar
weekly_friday,2000-08-04,61.11,neutral,neutral,positiu,positiu,neutral,normal,normal,2,risc-on,False,risc-on,40.0,55.0,5.0,0.0,0.0,0.0,False,No cal rebalancejar
weekly_thursday,2000-08-10,61.11,neutral,neutral,positiu,positiu,neutral,normal,normal,3,risc-on,False,risc-on,40.0,55.0,5.0,0.0,0.0,0.0,False,No cal rebalancejar
weekly_friday,2000-08-11,61.11,neutral,neutral,positiu,positiu,neutral,normal,normal,3,risc-on,False,risc-on,40.0,55.0,5.0,0.0,0.0,0.0,False,No cal rebalancejar
weekly_thursday,2000-08-17,72.22,neutral,positiu,positiu,positiu,neutral,risc-on,,0,risc-on,False,risc-on,40.0,55.0,5.0,0.0,0.0,0.0,False,No cal rebalancejar
weekly_friday,2000-08-18,72.22,neutral,positiu,positiu,positiu,neutral,risc-on,,0,risc-on,False,risc-on,40.0,55.0,5.0,0.0,0.0,0.0,False,No cal rebalancejar
weekly_thursday,2000-08-24,72.22,neutral,positiu,positiu,positiu,neutral,risc-on,,0,risc-on,False,risc-on,40.0,55.0,5.0,0.0,0.0,0.0,False,No cal rebalancejar
weekly_friday,2000-08-25,72.22,neutral,positiu,positiu,positiu,neutral,risc-on,,0,risc-on,False,risc-on,40.0,55.0,5.0,0.0,0.0,0.0,False,No cal rebalancejar
weekly_thursday,2000-08-31,72.22,neutral,positiu,positiu,positiu,neutral,risc-on,,0,risc-on,False,risc-on,40.0,55.0,5.0,0.0,0.0,0.0,False,No cal rebalancejar
weekly_friday,2000-09-01,72.22,neutral,positiu,positiu,positiu,neutral,risc-on,,0,risc-on,False,risc-on,40.0,55.0,5.0,0.0,0.0,0.0,False,No cal rebalancejar
weekly_thursday,2000-09-07,72.22,neutral,positiu,positiu,positiu,neutral,risc-on,,0,risc-on,False,risc-on,40.0,55.0,5.0,0.0,0.0,0.0,False,No cal rebalancejar
weekly_friday,2000-09-08,61.11,neutral,neutral,positiu,positiu,neutral,normal,normal,1,risc-on,False,risc-on,40.0,55.0,5.0,0.0,0.0,0.0,False,No cal rebalancejar
weekly_thursday,2000-09-14,61.11,neutral,neutral,positiu,positiu,neutral,normal,normal,1,risc-on,False,risc-on,40.0,55.0,5.0,0.0,0.0,0.0,False,No cal rebalancejar
weekly_friday,2000-09-15,61.11,neutral,neutral,positiu,positiu,neutral,normal,normal,2,risc-on,False,risc-on,40.0,55.0,5.0,0.0,0.0,0.0,False,No cal rebalancejar
weekly_thursday,2000-09-21,43.33,negatiu,neutral,positiu,positiu,neutral,normal,normal,2,risc-on,False,risc-on,40.0,55.0,5.0,0.0,0.0,0.0,False,No cal rebalancejar
weekly_friday,2000-09-22,43.33,negatiu,neutral,positiu,positiu,neutral,normal,normal,3,risc-on,False,risc-on,40.0,55.0,5.0,0.0,0.0,0.0,False,No cal rebalancejar
weekly_thursday,2000-09-28,36.66,negatiu,neutral,neutral,positiu,neutral,defensiu,defensiu,1,risc-on,False,risc-on,40.0,55.0,5.0,0.0,0.0,0.0,False,No cal rebalancejar
weekly_friday,2000-09-29,25.55,negatiu,negatiu,neutral,positiu,neutral,defensiu,defensiu,1,risc-on,False,risc-on,40.0,55.0,5.0,0.0,0.0,0.0,False,No cal rebalancejar
weekly_thursday,2000-10-05,32.22,negatiu,negatiu,positiu,positiu,neutral,defensiu,defensiu,2,risc-on,False,risc-on,40.0,55.0,5.0,0.0,0.0,0.0,False,No cal rebalancejar
weekly_friday,2000-10-06,32.22,negatiu,negatiu,positiu,positiu,neutral,defensiu,defensiu,2,risc-on,False,risc-on,40.0,55.0,5.0,0.0,0.0,0.0,False,No cal rebalancejar
weekly_thursday,2000-10-12,25.55,negatiu,negatiu,neutral,positiu,neutral,defensiu,defensiu,3,risc-on,False,risc-on,40.0,55.0,5.0,0.0,0.0,0.0,False,No cal rebalancejar
weekly_friday,2000-10-13,25.55,negatiu,negatiu,neutral,positiu,neutral,defensiu,defensiu,3,risc-on,False,risc-on,40.0,55.0,5.0,0.0,0.0,0.0,False,No cal rebalancejar
weekly_thursday,2000-10-19,25.55,negatiu,negatiu,neutral,positiu,neutral,defensiu,,0,defensiu,False,defensiu,45.0,15.0,40.0,5.0,-40.0,35.0,True,Comprar 5 pp MSCI World; Vendre 40 pp Nasdaq; Comprar 35 pp Monetari
weekly_friday,2000-10-20,25.55,negatiu,negatiu,neutral,positiu,neutral,defensiu,,0,defensiu,False,defensiu,45.0,15.0,40.0,5.0,-40.0,35.0,True,Comprar 5 pp MSCI World; Vendre 40 pp Nasdaq; Comprar 35 pp Monetari
weekly_thursday,2000-10-26,25.55,negatiu,negatiu,neutral,positiu,neutral,defensiu,,0,defensiu,False,defensiu,45.0,15.0,40.0,0.0,0.0,0.0,False,No cal rebalancejar
weekly_friday,2000-10-27,25.55,negatiu,negatiu,neutral,positiu,neutral,defensiu,,0,defensiu,False,defensiu,45.0,15.0,40.0,0.0,0.0,0.0,False,No cal rebalancejar
weekly_thursday,2000-11-02,25.55,negatiu,negatiu,neutral,positiu,neutral,defensiu,,0,defensiu,False,defensiu,45.0,15.0,40.0,0.0,0.0,0.0,False,No cal rebalancejar
weekly_friday,2000-11-03,25.55,negatiu,negatiu,neutral,positiu,neutral,defensiu,,0,defensiu,False,defensiu,45.0,15.0,40.0,0.0,0.0,0.0,False,No cal rebalancejar
weekly_thursday,2000-11-09,25.55,negatiu,negatiu,neutral,positiu,neutral,defensiu,,0,defensiu,False,defensiu,45.0,15.0,40.0,0.0,0.0,0.0,False,No cal rebalancejar
weekly_friday,2000-11-10,25.55,negatiu,negatiu,neutral,positiu,neutral,defensiu,,0,defensiu,False,defensiu,45.0,15.0,40.0,0.0,0.0,0.0,False,No cal rebalancejar
weekly_thursday,2000-11-16,18.89,negatiu,negatiu,negatiu,positiu,neutral,defensiu,,0,defensiu,False,defensiu,45.0,15.0,40.0,0.0,0.0,0.0,False,No cal rebalancejar
weekly_friday,2000-11-17,18.89,negatiu,negatiu,negatiu,positiu,neutral,defensiu,,0,defensiu,False,defensiu,45.0,15.0,40.0,0.0,0.0,0.0,False,No cal rebalancejar
weekly_thursday,2000-11-23,18.89,negatiu,negatiu,negatiu,positiu,neutral,defensiu,,0,defensiu,False,defensiu,45.0,15.0,40.0,0.0,0.0,0.0,False,No cal rebalancejar
weekly_friday,2000-11-24,18.89,negatiu,negatiu,negatiu,positiu,neutral,defensiu,,0,defensiu,False,defensiu,45.0,15.0,40.0,0.0,0.0,0.0,False,No cal rebalancejar
weekly_thursday,2000-11-30,18.89,negatiu,negatiu,negatiu,positiu,neutral,defensiu,,0,defensiu,False,defensiu,45.0,15.0,40.0,0.0,0.0,0.0,False,No cal rebalancejar
weekly_friday,2000-12-01,18.89,negatiu,negatiu,negatiu,positiu,neutral,defensiu,,0,defensiu,False,defensiu,45.0,15.0,40.0,0.0,0.0,0.0,False,No cal rebalancejar
weekly_thursday,2000-12-07,18.89,negatiu,negatiu,negatiu,positiu,neutral,defensiu,,0,defensiu,False,defensiu,45.0,15.0,40.0,0.0,0.0,0.0,False,No cal rebalancejar
weekly_friday,2000-12-08,18.89,negatiu,negatiu,negatiu,positiu,neutral,defensiu,,0,defensiu,False,defensiu,45.0,15.0,40.0,0.0,0.0,0.0,False,No cal rebalancejar
weekly_thursday,2000-12-14,18.89,negatiu,negatiu,negatiu,positiu,neutral,defensiu,,0,defensiu,False,defensiu,45.0,15.0,40.0,0.0,0.0,0.0,False,No cal rebalancejar
weekly_friday,2000-12-15,18.89,negatiu,negatiu,negatiu,positiu,neutral,defensiu,,0,defensiu,False,defensiu,45.0,15.0,40.0,0.0,0.0,0.0,False,No cal rebalancejar
weekly_thursday,2000-12-21,18.89,negatiu,negatiu,negatiu,positiu,neutral,defensiu,,0,defensiu,False,defensiu,45.0,15.0,40.0,0.0,0.0,0.0,False,No cal rebalancejar
weekly_friday,2000-12-22,18.89,negatiu,negatiu,negatiu,positiu,neutral,defensiu,,0,defensiu,False,defensiu,45.0,15.0,40.0,0.0,0.0,0.0,False,No cal rebalancejar
weekly_thursday,2000-12-28,18.89,negatiu,negatiu,negatiu,positiu,neutral,defensiu,,0,defensiu,False,defensiu,45.0,15.0,40.0,0.0,0.0,0.0,False,No cal rebalancejar
weekly_friday,2000-12-29,18.89,negatiu,negatiu,negatiu,positiu,neutral,defensiu,,0,defensiu,False,defensiu,45.0,15.0,40.0,0.0,0.0,0.0,False,No cal rebalancejar
weekly_thursday,2001-01-04,14.45,negatiu,negatiu,negatiu,neutral,neutral,defensiu,,0,defensiu,False,defensiu,45.0,15.0,40.0,0.0,0.0,0.0,False,No cal rebalancejar
weekly_friday,2001-01-05,14.45,negatiu,negatiu,negatiu,neutral,neutral,defensiu,,0,defensiu,False,defensiu,45.0,15.0,40.0,0.0,0.0,0.0,False,No cal rebalancejar
weekly_thursday,2001-01-11,18.89,negatiu,negatiu,negatiu,positiu,neutral,defensiu,,0,defensiu,False,defensiu,45.0,15.0,40.0,0.0,0.0,0.0,False,No cal rebalancejar
weekly_friday,2001-01-12,18.89,negatiu,negatiu,negatiu,positiu,neutral,defensiu,,0,defensiu,False,defensiu,45.0,15.0,40.0,0.0,0.0,0.0,False,No cal rebalancejar
weekly_thursday,2001-01-18,18.89,negatiu,negatiu,negatiu,positiu,neutral,defensiu,,0,defensiu,False,defensiu,45.0,15.0,40.0,0.0,0.0,0.0,False,No cal rebalancejar
weekly_friday,2001-01-19,18.89,negatiu,negatiu,negatiu,positiu,neutral,defensiu,,0,defensiu,False,defensiu,45.0,15.0,40.0,0.0,0.0,0.0,False,No cal rebalancejar
weekly_thursday,2001-01-25,18.89,negatiu,negatiu,negatiu,positiu,neutral,defensiu,,0,defensiu,False,defensiu,45.0,15.0,40.0,0.0,0.0,0.0,False,No cal rebalancejar
weekly_friday,2001-01-26,18.89,negatiu,negatiu,negatiu,positiu,neutral,defensiu,,0,defensiu,False,defensiu,45.0,15.0,40.0,0.0,0.0,0.0,False,No cal rebalancejar
weekly_thursday,2001-02-01,18.89,negatiu,negatiu,negatiu,positiu,neutral,defensiu,,0,defensiu,False,defensiu,45.0,15.0,40.0,0.0,0.0,0.0,False,No cal rebalancejar
weekly_friday,2001-02-02,18.89,negatiu,negatiu,negatiu,positiu,neutral,defensiu,,0,defensiu,False,defensiu,45.0,15.0,40.0,0.0,0.0,0.0,False,No cal rebalancejar
weekly_thursday,2001-02-08,18.89,negatiu,negatiu,negatiu,positiu,neutral,defensiu,,0,defensiu,False,defensiu,45.0,15.0,40.0,0.0,0.0,0.0,False,No cal rebalancejar
weekly_friday,2001-02-09,18.89,negatiu,negatiu,negatiu,positiu,neutral,defensiu,,0,defensiu,False,defensiu,45.0,15.0,40.0,0.0,0.0,0.0,False,No cal rebalancejar
weekly_thursday,2001-02-15,18.89,negatiu,negatiu,negatiu,positiu,neutral,defensiu,,0,defensiu,False,defensiu,45.0,15.0,40.0,0.0,0.0,0.0,False,No cal rebalancejar
weekly_friday,2001-02-16,18.89,negatiu,negatiu,negatiu,positiu,neutral,defensiu,,0,defensiu,False,defensiu,45.0,15.0,40.0,0.0,0.0,0.0,False,No cal rebalancejar
weekly_thursday,2001-02-22,18.89,negatiu,negatiu,negatiu,positiu,neutral,defensiu,,0,defensiu,False,defensiu,45.0,15.0,40.0,0.0,0.0,0.0,False,No cal rebalancejar
weekly_friday,2001-02-23,18.89,negatiu,negatiu,negatiu,positiu,neutral,defensiu,,0,defensiu,False,defensiu,45.0,15.0,40.0,0.0,0.0,0.0,False,No cal rebalancejar
weekly_thursday,2001-03-01,18.89,negatiu,negatiu,negatiu,positiu,neutral,defensiu,,0,defensiu,False,defensiu,45.0,15.0,40.0,0.0,0.0,0.0,False,No cal rebalancejar
weekly_friday,2001-03-02,18.89,negatiu,negatiu,negatiu,positiu,neutral,defensiu,,0,defensiu,False,defensiu,45.0,15.0,40.0,0.0,0.0,0.0,False,No cal rebalancejar
weekly_thursday,2001-03-08,18.89,negatiu,negatiu,negatiu,positiu,neutral,defensiu,,0,defensiu,False,defensiu,45.0,15.0,40.0,0.0,0.0,0.0,False,No cal rebalancejar
weekly_friday,2001-03-09,18.89,negatiu,negatiu,negatiu,positiu,neutral,defensiu,,0,defensiu,False,defensiu,45.0,15.0,40.0,0.0,0.0,0.0,False,No cal rebalancejar
weekly_thursday,2001-03-15,18.89,negatiu,negatiu,negatiu,positiu,neutral,defensiu,,0,defensiu,False,defensiu,45.0,15.0,40.0,0.0,0.0,0.0,False,No cal rebalancejar
weekly_friday,2001-03-16,18.89,negatiu,negatiu,negatiu,positiu,neutral,defensiu,,0,defensiu,False,defensiu,45.0,15.0,40.0,0.0,0.0,0.0,False,No cal rebalancejar
weekly_thursday,2001-03-22,18.89,negatiu,negatiu,negatiu,positiu,neutral,defensiu,,0,defensiu,False,defensiu,45.0,15.0,40.0,0.0,0.0,0.0,False,No cal rebalancejar
weekly_friday,2001-03-23,18.89,negatiu,negatiu,negatiu,positiu,neutral,defensiu,,0,defensiu,False,defensiu,45.0,15.0,40.0,0.0,0.0,0.0,False,No cal rebalancejar
weekly_thursday,2001-03-29,18.89,negatiu,negatiu,negatiu,positiu,neutral,defensiu,,0,defensiu,False,defensiu,45.0,15.0,40.0,0.0,0.0,0.0,False,No cal rebalancejar
weekly_friday,2001-03-30,18.89,negatiu,negatiu,negatiu,positiu,neutral,defensiu,,0,defensiu,False,defensiu,45.0,15.0,40.0,0.0,0.0,0.0,False,No cal rebalancejar
weekly_thursday,2001-04-05,10.0,negatiu,negatiu,negatiu,negatiu,neutral,defensiu,,0,defensiu,False,defensiu,45.0,15.0,40.0,0.0,0.0,0.0,False,No cal rebalancejar
weekly_friday,2001-04-06,10.0,negatiu,negatiu,negatiu,negatiu,neutral,defensiu,,0,defensiu,False,defensiu,45.0,15.0,40.0,0.0,0.0,0.0,False,No cal rebalancejar
weekly_thursday,2001-04-12,10.0,negatiu,negatiu,negatiu,negatiu,neutral,defensiu,,0,defensiu,False,defensiu,45.0,15.0,40.0,0.0,0.0,0.0,False,No cal rebalancejar
weekly_friday,2001-04-13,10.0,negatiu,negatiu,negatiu,negatiu,neutral,defensiu,,0,defensiu,False,defensiu,45.0,15.0,40.0,0.0,0.0,0.0,False,No cal rebalancejar
weekly_thursday,2001-04-19,10.0,negatiu,negatiu,negatiu,negatiu,neutral,defensiu,,0,defensiu,False,defensiu,45.0,15.0,40.0,0.0,0.0,0.0,False,No cal rebalancejar
weekly_friday,2001-04-20,10.0,negatiu,negatiu,negatiu,negatiu,neutral,defensiu,,0,defensiu,False,defensiu,45.0,15.0,40.0,0.0,0.0,0.0,False,No cal rebalancejar
weekly_thursday,2001-04-26,10.0,negatiu,negatiu,negatiu,negatiu,neutral,defensiu,,0,defensiu,False,defensiu,45.0,15.0,40.0,0.0,0.0,0.0,False,No cal rebalancejar
weekly_friday,2001-04-27,10.0,negatiu,negatiu,negatiu,negatiu,neutral,defensiu,,0,defensiu,False,defensiu,45.0,15.0,40.0,0.0,0.0,0.0,False,No cal rebalancejar
weekly_thursday,2001-05-03,10.0,negatiu,negatiu,negatiu,negatiu,neutral,defensiu,,0,defensiu,False,defensiu,45.0,15.0,40.0,0.0,0.0,0.0,False,No cal rebalancejar
weekly_friday,2001-05-04,10.0,negatiu,negatiu,negatiu,negatiu,neutral,defensiu,,0,defensiu,False,defensiu,45.0,15.0,40.0,0.0,0.0,0.0,False,No cal rebalancejar
weekly_thursday,2001-05-10,10.0,negatiu,negatiu,negatiu,negatiu,neutral,defensiu,,0,defensiu,False,defensiu,45.0,15.0,40.0,0.0,0.0,0.0,False,No cal rebalancejar
weekly_friday,2001-05-11,20.0,negatiu,negatiu,negatiu,negatiu,positiu,defensiu,,0,defensiu,False,defensiu,45.0,15.0,40.0,0.0,0.0,0.0,False,No cal rebalancejar
weekly_thursday,2001-05-17,20.0,negatiu,negatiu,negatiu,negatiu,positiu,defensiu,,0,defensiu,False,defensiu,45.0,15.0,40.0,0.0,0.0,0.0,False,No cal rebalancejar
weekly_friday,2001-05-18,20.0,negatiu,negatiu,negatiu,negatiu,positiu,defensiu,,0,defensiu,False,defensiu,45.0,15.0,40.0,0.0,0.0,0.0,False,No cal rebalancejar
weekly_thursday,2001-05-24,20.0,negatiu,negatiu,negatiu,negatiu,positiu,defensiu,,0,defensiu,False,defensiu,45.0,15.0,40.0,0.0,0.0,0.0,False,No cal rebalancejar
weekly_friday,2001-05-25,20.0,negatiu,negatiu,negatiu,negatiu,positiu,defensiu,,0,defensiu,False,defensiu,45.0,15.0,40.0,0.0,0.0,0.0,False,No cal rebalancejar
weekly_thursday,2001-05-31,20.0,negatiu,negatiu,negatiu,negatiu,positiu,defensiu,,0,defensiu,False,defensiu,45.0,15.0,40.0,0.0,0.0,0.0,False,No cal rebalancejar
weekly_friday,2001-06-01,20.0,negatiu,negatiu,negatiu,negatiu,positiu,defensiu,,0,defensiu,False,defensiu,45.0,15.0,40.0,0.0,0.0,0.0,False,No cal rebalancejar
weekly_thursday,2001-06-07,20.0,negatiu,negatiu,negatiu,negatiu,positiu,defensiu,,0,defensiu,False,defensiu,45.0,15.0,40.0,0.0,0.0,0.0,False,No cal rebalancejar
weekly_friday,2001-06-08,20.0,negatiu,negatiu,negatiu,negatiu,positiu,defensiu,,0,defensiu,False,defensiu,45.0,15.0,40.0,0.0,0.0,0.0,False,No cal rebalancejar
weekly_thursday,2001-06-14,20.0,negatiu,negatiu,negatiu,negatiu,positiu,defensiu,,0,defensiu,False,defensiu,45.0,15.0,40.0,0.0,0.0,0.0,False,No cal rebalancejar
weekly_friday,2001-06-15,20.0,negatiu,negatiu,negatiu,negatiu,positiu,defensiu,,0,defensiu,False,defensiu,45.0,15.0,40.0,0.0,0.0,0.0,False,No cal rebalancejar
weekly_thursday,2001-06-21,20.0,negatiu,negatiu,negatiu,negatiu,positiu,defensiu,,0,defensiu,False,defensiu,45.0,15.0,40.0,0.0,0.0,0.0,False,No cal rebalancejar
weekly_friday,2001-06-22,20.0,negatiu,negatiu,negatiu,negatiu,positiu,defensiu,,0,defensiu,False,defensiu,45.0,15.0,40.0,0.0,0.0,0.0,False,No cal rebalancejar
weekly_thursday,2001-06-28,20.0,negatiu,negatiu,negatiu,negatiu,positiu,defensiu,,0,defensiu,False,defensiu,45.0,15.0,40.0,0.0,0.0,0.0,False,No cal rebalancejar
weekly_friday,2001-06-29,20.0,negatiu,negatiu,negatiu,negatiu,positiu,defensiu,,0,defensiu,False,defensiu,45.0,15.0,40.0,0.0,0.0,0.0,False,No cal rebalancejar
weekly_thursday,2001-07-05,28.89,negatiu,negatiu,negatiu,positiu,positiu,defensiu,,0,defensiu,False,defensiu,45.0,15.0,40.0,0.0,0.0,0.0,False,No cal rebalancejar
weekly_friday,2001-07-06,28.89,negatiu,negatiu,negatiu,positiu,positiu,defensiu,,0,defensiu,False,defensiu,45.0,15.0,40.0,0.0,0.0,0.0,False,No cal rebalancejar
weekly_thursday,2001-07-12,28.89,negatiu,negatiu,negatiu,positiu,positiu,defensiu,,0,defensiu,False,defensiu,45.0,15.0,40.0,0.0,0.0,0.0,False,No cal rebalancejar
weekly_friday,2001-07-13,28.89,negatiu,negatiu,negatiu,positiu,positiu,defensiu,,0,defensiu,False,defensiu,45.0,15.0,40.0,0.0,0.0,0.0,False,No cal rebalancejar
weekly_thursday,2001-07-19,28.89,negatiu,negatiu,negatiu,positiu,positiu,defensiu,,0,defensiu,False,defensiu,45.0,15.0,40.0,0.0,0.0,0.0,False,No cal rebalancejar
weekly_friday,2001-07-20,28.89,negatiu,negatiu,negatiu,positiu,positiu,defensiu,,0,defensiu,False,defensiu,45.0,15.0,40.0,0.0,0.0,0.0,False,No cal rebalancejar
weekly_thursday,2001-07-26,28.89,negatiu,negatiu,negatiu,positiu,positiu,defensiu,,0,defensiu,False,defensiu,45.0,15.0,40.0,0.0,0.0,0.0,False,No cal rebalancejar
weekly_friday,2001-07-27,28.89,negatiu,negatiu,negatiu,positiu,positiu,defensiu,,0,defensiu,False,defensiu,45.0,15.0,40.0,0.0,0.0,0.0,False,No cal rebalancejar
weekly_thursday,2001-08-02,28.89,negatiu,negatiu,negatiu,positiu,positiu,defensiu,,0,defensiu,False,defensiu,45.0,15.0,40.0,0.0,0.0,0.0,False,No cal rebalancejar
weekly_friday,2001-08-03,28.89,negatiu,negatiu,negatiu,positiu,positiu,defensiu,,0,defensiu,False,defensiu,45.0,15.0,40.0,0.0,0.0,0.0,False,No cal rebalancejar
weekly_thursday,2001-08-09,28.89,negatiu,negatiu,negatiu,positiu,positiu,defensiu,,0,defensiu,False,defensiu,45.0,15.0,40.0,0.0,0.0,0.0,False,No cal rebalancejar
weekly_friday,2001-08-10,28.89,negatiu,negatiu,negatiu,positiu,positiu,defensiu,,0,defensiu,False,defensiu,45.0,15.0,40.0,0.0,0.0,0.0,False,No cal rebalancejar
weekly_thursday,2001-08-16,28.89,negatiu,negatiu,negatiu,positiu,positiu,defensiu,,0,defensiu,False,defensiu,45.0,15.0,40.0,0.0,0.0,0.0,False,No cal rebalancejar
weekly_friday,2001-08-17,28.89,negatiu,negatiu,negatiu,positiu,positiu,defensiu,,0,defensiu,False,defensiu,45.0,15.0,40.0,0.0,0.0,0.0,False,No cal rebalancejar
weekly_thursday,2001-08-23,28.89,negatiu,negatiu,negatiu,positiu,positiu,defensiu,,0,defensiu,False,defensiu,45.0,15.0,40.0,0.0,0.0,0.0,False,No cal rebalancejar
weekly_friday,2001-08-24,28.89,negatiu,negatiu,negatiu,positiu,positiu,defensiu,,0,defensiu,False,defensiu,45.0,15.0,40.0,0.0,0.0,0.0,False,No cal rebalancejar
weekly_thursday,2001-08-30,28.89,negatiu,negatiu,negatiu,positiu,positiu,defensiu,,0,defensiu,False,defensiu,45.0,15.0,40.0,0.0,0.0,0.0,False,No cal rebalancejar
weekly_friday,2001-08-31,28.89,negatiu,negatiu,negatiu,positiu,positiu,defensiu,,0,defensiu,False,defensiu,45.0,15.0,40.0,0.0,0.0,0.0,False,No cal rebalancejar
weekly_thursday,2001-09-06,28.89,negatiu,negatiu,negatiu,positiu,positiu,defensiu,,0,defensiu,False,defensiu,45.0,15.0,40.0,0.0,0.0,0.0,False,No cal rebalancejar
weekly_friday,2001-09-07,28.89,negatiu,negatiu,negatiu,positiu,positiu,defensiu,,0,defensiu,False,defensiu,45.0,15.0,40.0,0.0,0.0,0.0,False,No cal rebalancejar
weekly_thursday,2001-09-13,28.89,negatiu,negatiu,negatiu,positiu,positiu,defensiu,,0,defensiu,False,defensiu,45.0,15.0,40.0,0.0,0.0,0.0,False,No cal rebalancejar
weekly_friday,2001-09-14,28.89,negatiu,negatiu,negatiu,positiu,positiu,defensiu,,0,defensiu,False,defensiu,45.0,15.0,40.0,0.0,0.0,0.0,False,No cal rebalancejar
weekly_thursday,2001-09-20,28.89,negatiu,negatiu,negatiu,positiu,positiu,defensiu,,0,defensiu,False,defensiu,45.0,15.0,40.0,0.0,0.0,0.0,False,No cal rebalancejar
weekly_friday,2001-09-21,28.89,negatiu,negatiu,negatiu,positiu,positiu,defensiu,,0,defensiu,False,defensiu,45.0,15.0,40.0,0.0,0.0,0.0,False,No cal rebalancejar
weekly_thursday,2001-09-27,20.0,negatiu,negatiu,negatiu,negatiu,positiu,defensiu,,0,defensiu,False,defensiu,45.0,15.0,40.0,0.0,0.0,0.0,False,No cal rebalancejar
weekly_friday,2001-09-28,20.0,negatiu,negatiu,negatiu,negatiu,positiu,defensiu,,0,defensiu,False,defensiu,45.0,15.0,40.0,0.0,0.0,0.0,False,No cal rebalancejar
weekly_thursday,2001-10-04,20.0,negatiu,negatiu,negatiu,negatiu,positiu,defensiu,,0,defensiu,False,defensiu,45.0,15.0,40.0,0.0,0.0,0.0,False,No cal rebalancejar
weekly_friday,2001-10-05,20.0,negatiu,negatiu,negatiu,negatiu,positiu,defensiu,,0,defensiu,False,defensiu,45.0,15.0,40.0,0.0,0.0,0.0,False,No cal rebalancejar
weekly_thursday,2001-10-11,20.0,negatiu,negatiu,negatiu,negatiu,positiu,defensiu,,0,defensiu,False,defensiu,45.0,15.0,40.0,0.0,0.0,0.0,False,No cal rebalancejar
weekly_friday,2001-10-12,20.0,negatiu,negatiu,negatiu,negatiu,positiu,defensiu,,0,defensiu,False,defensiu,45.0,15.0,40.0,0.0,0.0,0.0,False,No cal rebalancejar
weekly_thursday,2001-10-18,20.0,negatiu,negatiu,negatiu,negatiu,positiu,defensiu,,0,defensiu,False,defensiu,45.0,15.0,40.0,0.0,0.0,0.0,False,No cal rebalancejar
weekly_friday,2001-10-19,20.0,negatiu,negatiu,negatiu,negatiu,positiu,defensiu,,0,defensiu,False,defensiu,45.0,15.0,40.0,0.0,0.0,0.0,False,No cal rebalancejar
weekly_thursday,2001-10-25,20.0,negatiu,negatiu,negatiu,negatiu,positiu,defensiu,,0,defensiu,False,defensiu,45.0,15.0,40.0,0.0,0.0,0.0,False,No cal rebalancejar
weekly_friday,2001-10-26,20.0,negatiu,negatiu,negatiu,negatiu,positiu,defensiu,,0,defensiu,False,defensiu,45.0,15.0,40.0,0.0,0.0,0.0,False,No cal rebalancejar
weekly_thursday,2001-11-01,20.0,negatiu,negatiu,negatiu,negatiu,positiu,defensiu,,0,defensiu,False,defensiu,45.0,15.0,40.0,0.0,0.0,0.0,False,No cal rebalancejar
weekly_friday,2001-11-02,20.0,negatiu,negatiu,negatiu,negatiu,positiu,defensiu,,0,defensiu,False,defensiu,45.0,15.0,40.0,0.0,0.0,0.0,False,No cal rebalancejar
weekly_thursday,2001-11-08,20.0,negatiu,negatiu,negatiu,negatiu,positiu,defensiu,,0,defensiu,False,defensiu,45.0,15.0,40.0,0.0,0.0,0.0,False,No cal rebalancejar
weekly_friday,2001-11-09,20.0,negatiu,negatiu,negatiu,negatiu,positiu,defensiu,,0,defensiu,False,defensiu,45.0,15.0,40.0,0.0,0.0,0.0,False,No cal rebalancejar
weekly_thursday,2001-11-15,20.0,negatiu,negatiu,negatiu,negatiu,positiu,defensiu,,0,defensiu,False,defensiu,45.0,15.0,40.0,0.0,0.0,0.0,False,No cal rebalancejar
weekly_friday,2001-11-16,20.0,negatiu,negatiu,negatiu,negatiu,positiu,defensiu,,0,defensiu,False,defensiu,45.0,15.0,40.0,0.0,0.0,0.0,False,No cal rebalancejar
weekly_thursday,2001-11-22,20.0,negatiu,negatiu,negatiu,negatiu,positiu,defensiu,,0,defensiu,False,defensiu,45.0,15.0,40.0,0.0,0.0,0.0,False,No cal rebalancejar
weekly_friday,2001-11-23,20.0,negatiu,negatiu,negatiu,negatiu,positiu,defensiu,,0,defensiu,False,defensiu,45.0,15.0,40.0,0.0,0.0,0.0,False,No cal rebalancejar
weekly_thursday,2001-11-29,20.0,negatiu,negatiu,negatiu,negatiu,positiu,defensiu,,0,defensiu,False,defensiu,45.0,15.0,40.0,0.0,0.0,0.0,False,No cal rebalancejar
weekly_friday,2001-11-30,20.0,negatiu,negatiu,negatiu,negatiu,positiu,defensiu,,0,defensiu,False,defensiu,45.0,15.0,40.0,0.0,0.0,0.0,False,No cal rebalancejar
weekly_thursday,2001-12-06,60.0,neutral,positiu,negatiu,negatiu,positiu,normal,normal,1,defensiu,False,defensiu,45.0,15.0,40.0,0.0,0.0,0.0,False,No cal rebalancejar
weekly_friday,2001-12-07,31.11,negatiu,neutral,negatiu,negatiu,positiu,defensiu,,0,defensiu,False,defensiu,45.0,15.0,40.0,0.0,0.0,0.0,False,No cal rebalancejar
weekly_thursday,2001-12-13,31.11,negatiu,neutral,negatiu,negatiu,positiu,defensiu,,0,defensiu,False,defensiu,45.0,15.0,40.0,0.0,0.0,0.0,False,No cal rebalancejar
weekly_friday,2001-12-14,31.11,negatiu,neutral,negatiu,negatiu,positiu,defensiu,,0,defensiu,False,defensiu,45.0,15.0,40.0,0.0,0.0,0.0,False,No cal rebalancejar
weekly_thursday,2001-12-20,24.45,negatiu,negatiu,negatiu,neutral,positiu,defensiu,,0,defensiu,False,defensiu,45.0,15.0,40.0,0.0,0.0,0.0,False,No cal rebalancejar
weekly_friday,2001-12-21,40.0,negatiu,neutral,negatiu,positiu,positiu,defensiu,,0,defensiu,False,defensiu,45.0,15.0,40.0,0.0,0.0,0.0,False,No cal rebalancejar
weekly_thursday,2001-12-27,40.0,negatiu,neutral,negatiu,positiu,positiu,defensiu,,0,defensiu,False,defensiu,45.0,15.0,40.0,0.0,0.0,0.0,False,No cal rebalancejar
weekly_friday,2001-12-28,40.0,negatiu,neutral,negatiu,positiu,positiu,defensiu,,0,defensiu,False,defensiu,45.0,15.0,40.0,0.0,0.0,0.0,False,No cal rebalancejar
weekly_thursday,2002-01-03,68.89,neutral,positiu,negatiu,positiu,positiu,normal,normal,1,defensiu,False,defensiu,45.0,15.0,40.0,0.0,0.0,0.0,False,No cal rebalancejar
weekly_friday,2002-01-04,68.89,neutral,positiu,negatiu,positiu,positiu,normal,normal,1,defensiu,False,defensiu,45.0,15.0,40.0,0.0,0.0,0.0,False,No cal rebalancejar
weekly_thursday,2002-01-10,40.0,negatiu,neutral,negatiu,positiu,positiu,defensiu,,0,defensiu,False,defensiu,45.0,15.0,40.0,0.0,0.0,0.0,False,No cal rebalancejar
weekly_friday,2002-01-11,40.0,negatiu,neutral,negatiu,positiu,positiu,defensiu,,0,defensiu,False,defensiu,45.0,15.0,40.0,0.0,0.0,0.0,False,No cal rebalancejar
weekly_thursday,2002-01-17,40.0,negatiu,neutral,negatiu,positiu,positiu,defensiu,,0,defensiu,False,defensiu,45.0,15.0,40.0,0.0,0.0,0.0,False,No cal rebalancejar
weekly_friday,2002-01-18,28.89,negatiu,negatiu,negatiu,positiu,positiu,defensiu,,0,defensiu,False,defensiu,45.0,15.0,40.0,0.0,0.0,0.0,False,No cal rebalancejar
weekly_thursday,2002-01-24,40.0,negatiu,neutral,negatiu,positiu,positiu,defensiu,,0,defensiu,False,defensiu,45.0,15.0,40.0,0.0,0.0,0.0,False,No cal rebalancejar
weekly_friday,2002-01-25,28.89,negatiu,negatiu,negatiu,positiu,positiu,defensiu,,0,defensiu,False,defensiu,45.0,15.0,40.0,0.0,0.0,0.0,False,No cal rebalancejar
weekly_thursday,2002-01-31,28.89,negatiu,negatiu,negatiu,positiu,positiu,defensiu,,0,defensiu,False,defensiu,45.0,15.0,40.0,0.0,0.0,0.0,False,No cal rebalancejar
weekly_friday,2002-02-01,28.89,negatiu,negatiu,negatiu,positiu,positiu,defensiu,,0,defensiu,False,defensiu,45.0,15.0,40.0,0.0,0.0,0.0,False,No cal rebalancejar
weekly_thursday,2002-02-07,28.89,negatiu,negatiu,negatiu,positiu,positiu,defensiu,,0,defensiu,False,defensiu,45.0,15.0,40.0,0.0,0.0,0.0,False,No cal rebalancejar
weekly_friday,2002-02-08,28.89,negatiu,negatiu,negatiu,positiu,positiu,defensiu,,0,defensiu,False,defensiu,45.0,15.0,40.0,0.0,0.0,0.0,False,No cal rebalancejar
weekly_thursday,2002-02-14,28.89,negatiu,negatiu,negatiu,positiu,positiu,defensiu,,0,defensiu,False,defensiu,45.0,15.0,40.0,0.0,0.0,0.0,False,No cal rebalancejar
weekly_friday,2002-02-15,28.89,negatiu,negatiu,negatiu,positiu,positiu,defensiu,,0,defensiu,False,defensiu,45.0,15.0,40.0,0.0,0.0,0.0,False,No cal rebalancejar
weekly_thursday,2002-02-21,28.89,negatiu,negatiu,negatiu,positiu,positiu,defensiu,,0,defensiu,False,defensiu,45.0,15.0,40.0,0.0,0.0,0.0,False,No cal rebalancejar
weekly_friday,2002-02-22,28.89,negatiu,negatiu,negatiu,positiu,positiu,defensiu,,0,defensiu,False,defensiu,45.0,15.0,40.0,0.0,0.0,0.0,False,No cal rebalancejar
weekly_thursday,2002-02-28,28.89,negatiu,negatiu,negatiu,positiu,positiu,defensiu,,0,defensiu,False,defensiu,45.0,15.0,40.0,0.0,0.0,0.0,False,No cal rebalancejar
weekly_friday,2002-03-01,28.89,negatiu,negatiu,negatiu,positiu,positiu,defensiu,,0,defensiu,False,defensiu,45.0,15.0,40.0,0.0,0.0,0.0,False,No cal rebalancejar
weekly_thursday,2002-03-07,46.67,neutral,negatiu,negatiu,positiu,positiu,defensiu,,0,defensiu,False,defensiu,45.0,15.0,40.0,0.0,0.0,0.0,False,No cal rebalancejar
weekly_friday,2002-03-08,57.78,neutral,neutral,negatiu,positiu,positiu,normal,normal,1,defensiu,False,defensiu,45.0,15.0,40.0,0.0,0.0,0.0,False,No cal rebalancejar
weekly_thursday,2002-03-14,46.67,neutral,negatiu,negatiu,positiu,positiu,defensiu,,0,defensiu,False,defensiu,45.0,15.0,40.0,0.0,0.0,0.0,False,No cal rebalancejar
weekly_friday,2002-03-15,53.34,neutral,negatiu,neutral,positiu,positiu,normal,normal,2,defensiu,False,defensiu,45.0,15.0,40.0,0.0,0.0,0.0,False,No cal rebalancejar
weekly_thursday,2002-03-21,53.34,neutral,negatiu,neutral,positiu,positiu,normal,normal,1,defensiu,False,defensiu,45.0,15.0,40.0,0.0,0.0,0.0,False,No cal rebalancejar
weekly_friday,2002-03-22,53.34,neutral,negatiu,neutral,positiu,positiu,normal,normal,3,defensiu,False,defensiu,45.0,15.0,40.0,0.0,0.0,0.0,False,No cal rebalancejar
weekly_thursday,2002-03-28,46.67,neutral,negatiu,negatiu,positiu,positiu,defensiu,,0,defensiu,False,defensiu,45.0,15.0,40.0,0.0,0.0,0.0,False,No cal rebalancejar
weekly_friday,2002-03-29,46.67,neutral,negatiu,negatiu,positiu,positiu,defensiu,,0,defensiu,False,defensiu,45.0,15.0,40.0,0.0,0.0,0.0,False,No cal rebalancejar
weekly_thursday,2002-04-04,53.34,neutral,negatiu,neutral,positiu,positiu,normal,normal,1,defensiu,False,defensiu,45.0,15.0,40.0,0.0,0.0,0.0,False,No cal rebalancejar
weekly_friday,2002-04-05,53.34,neutral,negatiu,neutral,positiu,positiu,normal,normal,1,defensiu,False,defensiu,45.0,15.0,40.0,0.0,0.0,0.0,False,No cal rebalancejar
weekly_thursday,2002-04-11,46.67,neutral,negatiu,negatiu,positiu,positiu,defensiu,,0,defensiu,False,defensiu,45.0,15.0,40.0,0.0,0.0,0.0,False,No cal rebalancejar
weekly_friday,2002-04-12,46.67,neutral,negatiu,negatiu,positiu,positiu,defensiu,,0,defensiu,False,defensiu,45.0,15.0,40.0,0.0,0.0,0.0,False,No cal rebalancejar
weekly_thursday,2002-04-18,46.67,neutral,negatiu,negatiu,positiu,positiu,defensiu,,0,defensiu,False,defensiu,45.0,15.0,40.0,0.0,0.0,0.0,False,No cal rebalancejar
weekly_friday,2002-04-19,46.67,neutral,negatiu,negatiu,positiu,positiu,defensiu,,0,defensiu,False,defensiu,45.0,15.0,40.0,0.0,0.0,0.0,False,No cal rebalancejar
weekly_thursday,2002-04-25,46.67,neutral,negatiu,negatiu,positiu,positiu,defensiu,,0,defensiu,False,defensiu,45.0,15.0,40.0,0.0,0.0,0.0,False,No cal rebalancejar
weekly_friday,2002-04-26,46.67,neutral,negatiu,negatiu,positiu,positiu,defensiu,,0,defensiu,False,defensiu,45.0,15.0,40.0,0.0,0.0,0.0,False,No cal rebalancejar
weekly_thursday,2002-05-02,46.67,neutral,negatiu,negatiu,positiu,positiu,defensiu,,0,defensiu,False,defensiu,45.0,15.0,40.0,0.0,0.0,0.0,False,No cal rebalancejar
weekly_friday,2002-05-03,46.67,neutral,negatiu,negatiu,positiu,positiu,defensiu,,0,defensiu,False,defensiu,45.0,15.0,40.0,0.0,0.0,0.0,False,No cal rebalancejar
weekly_thursday,2002-05-09,46.67,neutral,negatiu,negatiu,positiu,positiu,defensiu,,0,defensiu,False,defensiu,45.0,15.0,40.0,0.0,0.0,0.0,False,No cal rebalancejar
weekly_friday,2002-05-10,28.89,negatiu,negatiu,negatiu,positiu,positiu,defensiu,,0,defensiu,False,defensiu,45.0,15.0,40.0,0.0,0.0,0.0,False,No cal rebalancejar
weekly_thursday,2002-05-16,46.67,neutral,negatiu,negatiu,positiu,positiu,defensiu,,0,defensiu,False,defensiu,45.0,15.0,40.0,0.0,0.0,0.0,False,No cal rebalancejar
weekly_friday,2002-05-17,46.67,neutral,negatiu,negatiu,positiu,positiu,defensiu,,0,defensiu,False,defensiu,45.0,15.0,40.0,0.0,0.0,0.0,False,No cal rebalancejar
weekly_thursday,2002-05-23,46.67,neutral,negatiu,negatiu,positiu,positiu,defensiu,,0,defensiu,False,defensiu,45.0,15.0,40.0,0.0,0.0,0.0,False,No cal rebalancejar
weekly_friday,2002-05-24,46.67,neutral,negatiu,negatiu,positiu,positiu,defensiu,,0,defensiu,False,defensiu,45.0,15.0,40.0,0.0,0.0,0.0,False,No cal rebalancejar
weekly_thursday,2002-05-30,46.67,neutral,negatiu,negatiu,positiu,positiu,defensiu,,0,defensiu,False,defensiu,45.0,15.0,40.0,0.0,0.0,0.0,False,No cal rebalancejar
weekly_friday,2002-05-31,46.67,neutral,negatiu,negatiu,positiu,positiu,defensiu,,0,defensiu,False,defensiu,45.0,15.0,40.0,0.0,0.0,0.0,False,No cal rebalancejar
weekly_thursday,2002-06-06,28.89,negatiu,negatiu,negatiu,positiu,positiu,defensiu,,0,defensiu,False,defensiu,45.0,15.0,40.0,0.0,0.0,0.0,False,No cal rebalancejar
weekly_friday,2002-06-07,28.89,negatiu,negatiu,negatiu,positiu,positiu,defensiu,,0,defensiu,False,defensiu,45.0,15.0,40.0,0.0,0.0,0.0,False,No cal rebalancejar
weekly_thursday,2002-06-13,28.89,negatiu,negatiu,negatiu,positiu,positiu,defensiu,,0,defensiu,False,defensiu,45.0,15.0,40.0,0.0,0.0,0.0,False,No cal rebalancejar
weekly_friday,2002-06-14,28.89,negatiu,negatiu,negatiu,positiu,positiu,defensiu,,0,defensiu,False,defensiu,45.0,15.0,40.0,0.0,0.0,0.0,False,No cal rebalancejar
weekly_thursday,2002-06-20,28.89,negatiu,negatiu,negatiu,positiu,positiu,defensiu,,0,defensiu,False,defensiu,45.0,15.0,40.0,0.0,0.0,0.0,False,No cal rebalancejar
weekly_friday,2002-06-21,28.89,negatiu,negatiu,negatiu,positiu,positiu,defensiu,,0,defensiu,False,defensiu,45.0,15.0,40.0,0.0,0.0,0.0,False,No cal rebalancejar
weekly_thursday,2002-06-27,28.89,negatiu,negatiu,negatiu,positiu,positiu,defensiu,,0,defensiu,False,defensiu,45.0,15.0,40.0,0.0,0.0,0.0,False,No cal rebalancejar
weekly_friday,2002-06-28,28.89,negatiu,negatiu,negatiu,positiu,positiu,defensiu,,0,defensiu,False,defensiu,45.0,15.0,40.0,0.0,0.0,0.0,False,No cal rebalancejar
weekly_thursday,2002-07-04,28.89,negatiu,negatiu,negatiu,positiu,positiu,defensiu,,0,defensiu,False,defensiu,45.0,15.0,40.0,0.0,0.0,0.0,False,No cal rebalancejar
weekly_friday,2002-07-05,28.89,negatiu,negatiu,negatiu,positiu,positiu,defensiu,,0,defensiu,False,defensiu,45.0,15.0,40.0,0.0,0.0,0.0,False,No cal rebalancejar
weekly_thursday,2002-07-11,24.45,negatiu,negatiu,negatiu,neutral,positiu,defensiu,,0,defensiu,False,defensiu,45.0,15.0,40.0,0.0,0.0,0.0,False,No cal rebalancejar
weekly_friday,2002-07-12,28.89,negatiu,negatiu,negatiu,positiu,positiu,defensiu,,0,defensiu,False,defensiu,45.0,15.0,40.0,0.0,0.0,0.0,False,No cal rebalancejar
weekly_thursday,2002-07-18,24.45,negatiu,negatiu,negatiu,neutral,positiu,defensiu,,0,defensiu,False,defensiu,45.0,15.0,40.0,0.0,0.0,0.0,False,No cal rebalancejar
weekly_friday,2002-07-19,24.45,negatiu,negatiu,negatiu,neutral,positiu,defensiu,,0,defensiu,False,defensiu,45.0,15.0,40.0,0.0,0.0,0.0,False,No cal rebalancejar
weekly_thursday,2002-07-25,24.45,negatiu,negatiu,negatiu,neutral,positiu,defensiu,,0,defensiu,False,defensiu,45.0,15.0,40.0,0.0,0.0,0.0,False,No cal rebalancejar
weekly_friday,2002-07-26,24.45,negatiu,negatiu,negatiu,neutral,positiu,defensiu,,0,defensiu,False,defensiu,45.0,15.0,40.0,0.0,0.0,0.0,False,No cal rebalancejar
weekly_thursday,2002-08-01,24.45,negatiu,negatiu,negatiu,neutral,positiu,defensiu,,0,defensiu,False,defensiu,45.0,15.0,40.0,0.0,0.0,0.0,False,No cal rebalancejar
weekly_friday,2002-08-02,24.45,negatiu,negatiu,negatiu,neutral,positiu,defensiu,,0,defensiu,False,defensiu,45.0,15.0,40.0,0.0,0.0,0.0,False,No cal rebalancejar
weekly_thursday,2002-08-08,24.45,negatiu,negatiu,negatiu,neutral,positiu,defensiu,,0,defensiu,False,defensiu,45.0,15.0,40.0,0.0,0.0,0.0,False,No cal rebalancejar
weekly_friday,2002-08-09,24.45,negatiu,negatiu,negatiu,neutral,positiu,defensiu,,0,defensiu,False,defensiu,45.0,15.0,40.0,0.0,0.0,0.0,False,No cal rebalancejar
weekly_thursday,2002-08-15,24.45,negatiu,negatiu,negatiu,neutral,positiu,defensiu,,0,defensiu,False,defensiu,45.0,15.0,40.0,0.0,0.0,0.0,False,No cal rebalancejar
weekly_friday,2002-08-16,24.45,negatiu,negatiu,negatiu,neutral,positiu,defensiu,,0,defensiu,False,defensiu,45.0,15.0,40.0,0.0,0.0,0.0,False,No cal rebalancejar
weekly_thursday,2002-08-22,24.45,negatiu,negatiu,negatiu,neutral,positiu,defensiu,,0,defensiu,False,defensiu,45.0,15.0,40.0,0.0,0.0,0.0,False,No cal rebalancejar
weekly_friday,2002-08-23,24.45,negatiu,negatiu,negatiu,neutral,positiu,defensiu,,0,defensiu,False,defensiu,45.0,15.0,40.0,0.0,0.0,0.0,False,No cal rebalancejar
weekly_thursday,2002-08-29,24.45,negatiu,negatiu,negatiu,neutral,positiu,defensiu,,0,defensiu,False,defensiu,45.0,15.0,40.0,0.0,0.0,0.0,False,No cal rebalancejar
weekly_friday,2002-08-30,24.45,negatiu,negatiu,negatiu,neutral,positiu,defensiu,,0,defensiu,False,defensiu,45.0,15.0,40.0,0.0,0.0,0.0,False,No cal rebalancejar
weekly_thursday,2002-09-05,20.0,negatiu,negatiu,negatiu,negatiu,positiu,defensiu,,0,defensiu,False,defensiu,45.0,15.0,40.0,0.0,0.0,0.0,False,No cal rebalancejar
weekly_friday,2002-09-06,20.0,negatiu,negatiu,negatiu,negatiu,positiu,defensiu,,0,defensiu,False,defensiu,45.0,15.0,40.0,0.0,0.0,0.0,False,No cal rebalancejar
weekly_thursday,2002-09-12,20.0,negatiu,negatiu,negatiu,negatiu,positiu,defensiu,,0,defensiu,False,defensiu,45.0,15.0,40.0,0.0,0.0,0.0,False,No cal rebalancejar
weekly_friday,2002-09-13,20.0,negatiu,negatiu,negatiu,negatiu,positiu,defensiu,,0,defensiu,False,defensiu,45.0,15.0,40.0,0.0,0.0,0.0,False,No cal rebalancejar
weekly_thursday,2002-09-19,20.0,negatiu,negatiu,negatiu,negatiu,positiu,defensiu,,0,defensiu,False,defensiu,45.0,15.0,40.0,0.0,0.0,0.0,False,No cal rebalancejar
weekly_friday,2002-09-20,20.0,negatiu,negatiu,negatiu,negatiu,positiu,defensiu,,0,defensiu,False,defensiu,45.0,15.0,40.0,0.0,0.0,0.0,False,No cal rebalancejar
weekly_thursday,2002-09-26,20.0,negatiu,negatiu,negatiu,negatiu,positiu,defensiu,,0,defensiu,False,defensiu,45.0,15.0,40.0,0.0,0.0,0.0,False,No cal rebalancejar
weekly_friday,2002-09-27,20.0,negatiu,negatiu,negatiu,negatiu,positiu,defensiu,,0,defensiu,False,defensiu,45.0,15.0,40.0,0.0,0.0,0.0,False,No cal rebalancejar
weekly_thursday,2002-10-03,20.0,negatiu,negatiu,negatiu,negatiu,positiu,defensiu,,0,defensiu,False,defensiu,45.0,15.0,40.0,0.0,0.0,0.0,False,No cal rebalancejar
weekly_friday,2002-10-04,20.0,negatiu,negatiu,negatiu,negatiu,positiu,defensiu,,0,defensiu,False,defensiu,45.0,15.0,40.0,0.0,0.0,0.0,False,No cal rebalancejar
weekly_thursday,2002-10-10,20.0,negatiu,negatiu,negatiu,negatiu,positiu,defensiu,,0,defensiu,False,defensiu,45.0,15.0,40.0,0.0,0.0,0.0,False,No cal rebalancejar
weekly_friday,2002-10-11,20.0,negatiu,negatiu,negatiu,negatiu,positiu,defensiu,,0,defensiu,False,defensiu,45.0,15.0,40.0,0.0,0.0,0.0,False,No cal rebalancejar
weekly_thursday,2002-10-17,20.0,negatiu,negatiu,negatiu,negatiu,positiu,defensiu,,0,defensiu,False,defensiu,45.0,15.0,40.0,0.0,0.0,0.0,False,No cal rebalancejar
weekly_friday,2002-10-18,20.0,negatiu,negatiu,negatiu,negatiu,positiu,defensiu,,0,defensiu,False,defensiu,45.0,15.0,40.0,0.0,0.0,0.0,False,No cal rebalancejar
weekly_thursday,2002-10-24,20.0,negatiu,negatiu,negatiu,negatiu,positiu,defensiu,,0,defensiu,False,defensiu,45.0,15.0,40.0,0.0,0.0,0.0,False,No cal rebalancejar
weekly_friday,2002-10-25,20.0,negatiu,negatiu,negatiu,negatiu,positiu,defensiu,,0,defensiu,False,defensiu,45.0,15.0,40.0,0.0,0.0,0.0,False,No cal rebalancejar
weekly_thursday,2002-10-31,24.45,negatiu,negatiu,negatiu,neutral,positiu,defensiu,,0,defensiu,False,defensiu,45.0,15.0,40.0,0.0,0.0,0.0,False,No cal rebalancejar
weekly_friday,2002-11-01,24.45,negatiu,negatiu,negatiu,neutral,positiu,defensiu,,0,defensiu,False,defensiu,45.0,15.0,40.0,0.0,0.0,0.0,False,No cal rebalancejar
weekly_thursday,2002-11-07,24.45,negatiu,negatiu,negatiu,neutral,positiu,defensiu,,0,defensiu,False,defensiu,45.0,15.0,40.0,0.0,0.0,0.0,False,No cal rebalancejar
weekly_friday,2002-11-08,24.45,negatiu,negatiu,negatiu,neutral,positiu,defensiu,,0,defensiu,False,defensiu,45.0,15.0,40.0,0.0,0.0,0.0,False,No cal rebalancejar
weekly_thursday,2002-11-14,24.45,negatiu,negatiu,negatiu,neutral,positiu,defensiu,,0,defensiu,False,defensiu,45.0,15.0,40.0,0.0,0.0,0.0,False,No cal rebalancejar
weekly_friday,2002-11-15,24.45,negatiu,negatiu,negatiu,neutral,positiu,defensiu,,0,defensiu,False,defensiu,45.0,15.0,40.0,0.0,0.0,0.0,False,No cal rebalancejar
weekly_thursday,2002-11-21,35.55,negatiu,neutral,negatiu,neutral,positiu,defensiu,,0,defensiu,False,defensiu,45.0,15.0,40.0,0.0,0.0,0.0,False,No cal rebalancejar
weekly_friday,2002-11-22,35.55,negatiu,neutral,negatiu,neutral,positiu,defensiu,,0,defensiu,False,defensiu,45.0,15.0,40.0,0.0,0.0,0.0,False,No cal rebalancejar
weekly_thursday,2002-11-28,35.55,negatiu,neutral,negatiu,neutral,positiu,defensiu,,0,defensiu,False,defensiu,45.0,15.0,40.0,0.0,0.0,0.0,False,No cal rebalancejar
weekly_friday,2002-11-29,35.55,negatiu,neutral,negatiu,neutral,positiu,defensiu,,0,defensiu,False,defensiu,45.0,15.0,40.0,0.0,0.0,0.0,False,No cal rebalancejar
weekly_thursday,2002-12-05,24.45,negatiu,negatiu,negatiu,neutral,positiu,defensiu,,0,defensiu,False,defensiu,45.0,15.0,40.0,0.0,0.0,0.0,False,No cal rebalancejar
weekly_friday,2002-12-06,24.45,negatiu,negatiu,negatiu,neutral,positiu,defensiu,,0,defensiu,False,defensiu,45.0,15.0,40.0,0.0,0.0,0.0,False,No cal rebalancejar
weekly_thursday,2002-12-12,24.45,negatiu,negatiu,negatiu,neutral,positiu,defensiu,,0,defensiu,False,defensiu,45.0,15.0,40.0,0.0,0.0,0.0,False,No cal rebalancejar
weekly_friday,2002-12-13,24.45,negatiu,negatiu,negatiu,neutral,positiu,defensiu,,0,defensiu,False,defensiu,45.0,15.0,40.0,0.0,0.0,0.0,False,No cal rebalancejar
weekly_thursday,2002-12-19,24.45,negatiu,negatiu,negatiu,neutral,positiu,defensiu,,0,defensiu,False,defensiu,45.0,15.0,40.0,0.0,0.0,0.0,False,No cal rebalancejar
weekly_friday,2002-12-20,24.45,negatiu,negatiu,negatiu,neutral,positiu,defensiu,,0,defensiu,False,defensiu,45.0,15.0,40.0,0.0,0.0,0.0,False,No cal rebalancejar
weekly_thursday,2002-12-26,24.45,negatiu,negatiu,negatiu,neutral,positiu,defensiu,,0,defensiu,False,defensiu,45.0,15.0,40.0,0.0,0.0,0.0,False,No cal rebalancejar
weekly_friday,2002-12-27,24.45,negatiu,negatiu,negatiu,neutral,positiu,defensiu,,0,defensiu,False,defensiu,45.0,15.0,40.0,0.0,0.0,0.0,False,No cal rebalancejar
weekly_thursday,2003-01-02,24.45,negatiu,negatiu,negatiu,neutral,positiu,defensiu,,0,defensiu,False,defensiu,45.0,15.0,40.0,0.0,0.0,0.0,False,No cal rebalancejar
weekly_friday,2003-01-03,24.45,negatiu,negatiu,negatiu,neutral,positiu,defensiu,,0,defensiu,False,defensiu,45.0,15.0,40.0,0.0,0.0,0.0,False,No cal rebalancejar
weekly_thursday,2003-01-09,35.55,negatiu,neutral,negatiu,neutral,positiu,defensiu,,0,defensiu,False,defensiu,45.0,15.0,40.0,0.0,0.0,0.0,False,No cal rebalancejar
weekly_friday,2003-01-10,35.55,negatiu,neutral,negatiu,neutral,positiu,defensiu,,0,defensiu,False,defensiu,45.0,15.0,40.0,0.0,0.0,0.0,False,No cal rebalancejar
weekly_thursday,2003-01-16,40.0,negatiu,neutral,negatiu,positiu,positiu,defensiu,,0,defensiu,False,defensiu,45.0,15.0,40.0,0.0,0.0,0.0,False,No cal rebalancejar
weekly_friday,2003-01-17,28.89,negatiu,negatiu,negatiu,positiu,positiu,defensiu,,0,defensiu,False,defensiu,45.0,15.0,40.0,0.0,0.0,0.0,False,No cal rebalancejar
weekly_thursday,2003-01-23,40.0,negatiu,neutral,negatiu,positiu,positiu,defensiu,,0,defensiu,False,defensiu,45.0,15.0,40.0,0.0,0.0,0.0,False,No cal rebalancejar
weekly_friday,2003-01-24,28.89,negatiu,negatiu,negatiu,positiu,positiu,defensiu,,0,defensiu,False,defensiu,45.0,15.0,40.0,0.0,0.0,0.0,False,No cal rebalancejar
weekly_thursday,2003-01-30,28.89,negatiu,negatiu,negatiu,positiu,positiu,defensiu,,0,defensiu,False,defensiu,45.0,15.0,40.0,0.0,0.0,0.0,False,No cal rebalancejar
weekly_friday,2003-01-31,28.89,negatiu,negatiu,negatiu,positiu,positiu,defensiu,,0,defensiu,False,defensiu,45.0,15.0,40.0,0.0,0.0,0.0,False,No cal rebalancejar
weekly_thursday,2003-02-06,28.89,negatiu,negatiu,negatiu,positiu,positiu,defensiu,,0,defensiu,False,defensiu,45.0,15.0,40.0,0.0,0.0,0.0,False,No cal rebalancejar
weekly_friday,2003-02-07,28.89,negatiu,negatiu,negatiu,positiu,positiu,defensiu,,0,defensiu,False,defensiu,45.0,15.0,40.0,0.0,0.0,0.0,False,No cal rebalancejar
weekly_thursday,2003-02-13,28.89,negatiu,negatiu,negatiu,positiu,positiu,defensiu,,0,defensiu,False,defensiu,45.0,15.0,40.0,0.0,0.0,0.0,False,No cal rebalancejar
weekly_friday,2003-02-14,28.89,negatiu,negatiu,negatiu,positiu,positiu,defensiu,,0,defensiu,False,defensiu,45.0,15.0,40.0,0.0,0.0,0.0,False,No cal rebalancejar
weekly_thursday,2003-02-20,40.0,negatiu,neutral,negatiu,positiu,positiu,defensiu,,0,defensiu,False,defensiu,45.0,15.0,40.0,0.0,0.0,0.0,False,No cal rebalancejar
weekly_friday,2003-02-21,40.0,negatiu,neutral,negatiu,positiu,positiu,defensiu,,0,defensiu,False,defensiu,45.0,15.0,40.0,0.0,0.0,0.0,False,No cal rebalancejar
weekly_thursday,2003-02-27,40.0,negatiu,neutral,negatiu,positiu,positiu,defensiu,,0,defensiu,False,defensiu,45.0,15.0,40.0,0.0,0.0,0.0,False,No cal rebalancejar
weekly_friday,2003-02-28,40.0,negatiu,neutral,negatiu,positiu,positiu,defensiu,,0,defensiu,False,defensiu,45.0,15.0,40.0,0.0,0.0,0.0,False,No cal rebalancejar
weekly_thursday,2003-03-06,40.0,negatiu,neutral,negatiu,positiu,positiu,defensiu,,0,defensiu,False,defensiu,45.0,15.0,40.0,0.0,0.0,0.0,False,No cal rebalancejar
weekly_friday,2003-03-07,40.0,negatiu,neutral,negatiu,positiu,positiu,defensiu,,0,defensiu,False,defensiu,45.0,15.0,40.0,0.0,0.0,0.0,False,No cal rebalancejar
weekly_thursday,2003-03-13,51.11,negatiu,positiu,negatiu,positiu,positiu,normal,normal,1,defensiu,False,defensiu,45.0,15.0,40.0,0.0,0.0,0.0,False,No cal rebalancejar
weekly_friday,2003-03-14,51.11,negatiu,positiu,negatiu,positiu,positiu,normal,normal,1,defensiu,False,defensiu,45.0,15.0,40.0,0.0,0.0,0.0,False,No cal rebalancejar
weekly_thursday,2003-03-20,51.11,negatiu,positiu,negatiu,positiu,positiu,normal,normal,2,defensiu,False,defensiu,45.0,15.0,40.0,0.0,0.0,0.0,False,No cal rebalancejar
weekly_friday,2003-03-21,68.89,neutral,positiu,negatiu,positiu,positiu,normal,normal,2,defensiu,False,defensiu,45.0,15.0,40.0,0.0,0.0,0.0,False,No cal rebalancejar
weekly_thursday,2003-03-27,51.11,negatiu,positiu,negatiu,positiu,positiu,normal,normal,3,defensiu,False,defensiu,45.0,15.0,40.0,0.0,0.0,0.0,False,No cal rebalancejar
weekly_friday,2003-03-28,51.11,negatiu,positiu,negatiu,positiu,positiu,normal,normal,3,defensiu,False,defensiu,45.0,15.0,40.0,0.0,0.0,0.0,False,No cal rebalancejar
weekly_thursday,2003-04-03,51.11,negatiu,positiu,negatiu,positiu,positiu,normal,,0,normal,False,normal,60.0,25.0,15.0,15.0,10.0,-25.0,True,Comprar 15 pp MSCI World; Comprar 10 pp Nasdaq; Vendre 25 pp Monetari
weekly_friday,2003-04-04,68.89,neutral,positiu,negatiu,positiu,positiu,normal,,0,normal,False,normal,60.0,25.0,15.0,15.0,10.0,-25.0,True,Comprar 15 pp MSCI World; Comprar 10 pp Nasdaq; Vendre 25 pp Monetari
weekly_thursday,2003-04-10,68.89,neutral,positiu,negatiu,positiu,positiu,normal,,0,normal,False,normal,60.0,25.0,15.0,0.0,0.0,0.0,False,No cal rebalancejar
weekly_friday,2003-04-11,68.89,neutral,positiu,negatiu,positiu,positiu,normal,,0,normal,False,normal,60.0,25.0,15.0,0.0,0.0,0.0,False,No cal rebalancejar
weekly_thursday,2003-04-17,68.89,neutral,positiu,negatiu,positiu,positiu,normal,,0,normal,False,normal,60.0,25.0,15.0,0.0,0.0,0.0,False,No cal rebalancejar
weekly_friday,2003-04-18,68.89,neutral,positiu,negatiu,positiu,positiu,normal,,0,normal,False,normal,60.0,25.0,15.0,0.0,0.0,0.0,False,No cal rebalancejar
weekly_thursday,2003-04-24,68.89,neutral,positiu,negatiu,positiu,positiu,normal,,0,normal,False,normal,60.0,25.0,15.0,0.0,0.0,0.0,False,No cal rebalancejar
weekly_friday,2003-04-25,68.89,neutral,positiu,negatiu,positiu,positiu,normal,,0,normal,False,normal,60.0,25.0,15.0,0.0,0.0,0.0,False,No cal rebalancejar
weekly_thursday,2003-05-01,86.67,positiu,positiu,negatiu,positiu,positiu,risc-on,risc-on,1,normal,False,normal,60.0,25.0,15.0,0.0,0.0,0.0,False,No cal rebalancejar
weekly_friday,2003-05-02,86.67,positiu,positiu,negatiu,positiu,positiu,risc-on,risc-on,1,normal,False,normal,60.0,25.0,15.0,0.0,0.0,0.0,False,No cal rebalancejar
weekly_thursday,2003-05-08,86.67,positiu,positiu,negatiu,positiu,positiu,risc-on,risc-on,2,normal,False,normal,60.0,25.0,15.0,0.0,0.0,0.0,False,No cal rebalancejar
weekly_friday,2003-05-09,86.67,positiu,positiu,negatiu,positiu,positiu,risc-on,risc-on,2,normal,False,normal,60.0,25.0,15.0,0.0,0.0,0.0,False,No cal rebalancejar
weekly_thursday,2003-05-15,86.67,positiu,positiu,negatiu,positiu,positiu,risc-on,risc-on,3,normal,False,normal,60.0,25.0,15.0,0.0,0.0,0.0,False,No cal rebalancejar
weekly_friday,2003-05-16,86.67,positiu,positiu,negatiu,positiu,positiu,risc-on,risc-on,3,normal,False,normal,60.0,25.0,15.0,0.0,0.0,0.0,False,No cal rebalancejar
weekly_thursday,2003-05-22,86.67,positiu,positiu,negatiu,positiu,positiu,risc-on,,0,risc-on,False,risc-on,40.0,55.0,5.0,-20.0,30.0,-10.0,True,Vendre 20 pp MSCI World; Comprar 30 pp Nasdaq; Vendre 10 pp Monetari
weekly_friday,2003-05-23,86.67,positiu,positiu,negatiu,positiu,positiu,risc-on,,0,risc-on,False,risc-on,40.0,55.0,5.0,-20.0,30.0,-10.0,True,Vendre 20 pp MSCI World; Comprar 30 pp Nasdaq; Vendre 10 pp Monetari
weekly_thursday,2003-05-29,86.67,positiu,positiu,negatiu,positiu,positiu,risc-on,,0,risc-on,False,risc-on,40.0,55.0,5.0,0.0,0.0,0.0,False,No cal rebalancejar
weekly_friday,2003-05-30,86.67,positiu,positiu,negatiu,positiu,positiu,risc-on,,0,risc-on,False,risc-on,40.0,55.0,5.0,0.0,0.0,0.0,False,No cal rebalancejar
weekly_thursday,2003-06-05,93.34,positiu,positiu,neutral,positiu,positiu,risc-on,,0,risc-on,False,risc-on,40.0,55.0,5.0,0.0,0.0,0.0,False,No cal rebalancejar
weekly_friday,2003-06-06,93.34,positiu,positiu,neutral,positiu,positiu,risc-on,,0,risc-on,False,risc-on,40.0,55.0,5.0,0.0,0.0,0.0,False,No cal rebalancejar
weekly_thursday,2003-06-12,93.34,positiu,positiu,neutral,positiu,positiu,risc-on,,0,risc-on,False,risc-on,40.0,55.0,5.0,0.0,0.0,0.0,False,No cal rebalancejar
weekly_friday,2003-06-13,93.34,positiu,positiu,neutral,positiu,positiu,risc-on,,0,risc-on,False,risc-on,40.0,55.0,5.0,0.0,0.0,0.0,False,No cal rebalancejar
weekly_thursday,2003-06-19,93.34,positiu,positiu,neutral,positiu,positiu,risc-on,,0,risc-on,False,risc-on,40.0,55.0,5.0,0.0,0.0,0.0,False,No cal rebalancejar
weekly_friday,2003-06-20,93.34,positiu,positiu,neutral,positiu,positiu,risc-on,,0,risc-on,False,risc-on,40.0,55.0,5.0,0.0,0.0,0.0,False,No cal rebalancejar
weekly_thursday,2003-06-26,93.34,positiu,positiu,neutral,positiu,positiu,risc-on,,0,risc-on,False,risc-on,40.0,55.0,5.0,0.0,0.0,0.0,False,No cal rebalancejar
weekly_friday,2003-06-27,93.34,positiu,positiu,neutral,positiu,positiu,risc-on,,0,risc-on,False,risc-on,40.0,55.0,5.0,0.0,0.0,0.0,False,No cal rebalancejar
weekly_thursday,2003-07-03,93.34,positiu,positiu,neutral,positiu,positiu,risc-on,,0,risc-on,False,risc-on,40.0,55.0,5.0,0.0,0.0,0.0,False,No cal rebalancejar
weekly_friday,2003-07-04,93.34,positiu,positiu,neutral,positiu,positiu,risc-on,,0,risc-on,False,risc-on,40.0,55.0,5.0,0.0,0.0,0.0,False,No cal rebalancejar
weekly_thursday,2003-07-10,100.0,positiu,positiu,positiu,positiu,positiu,risc-on,,0,risc-on,False,risc-on,40.0,55.0,5.0,0.0,0.0,0.0,False,No cal rebalancejar
weekly_friday,2003-07-11,100.0,positiu,positiu,positiu,positiu,positiu,risc-on,,0,risc-on,False,risc-on,40.0,55.0,5.0,0.0,0.0,0.0,False,No cal rebalancejar
weekly_thursday,2003-07-17,100.0,positiu,positiu,positiu,positiu,positiu,risc-on,,0,risc-on,False,risc-on,40.0,55.0,5.0,0.0,0.0,0.0,False,No cal rebalancejar
weekly_friday,2003-07-18,100.0,positiu,positiu,positiu,positiu,positiu,risc-on,,0,risc-on,False,risc-on,40.0,55.0,5.0,0.0,0.0,0.0,False,No cal rebalancejar
weekly_thursday,2003-07-24,100.0,positiu,positiu,positiu,positiu,positiu,risc-on,,0,risc-on,False,risc-on,40.0,55.0,5.0,0.0,0.0,0.0,False,No cal rebalancejar
weekly_friday,2003-07-25,100.0,positiu,positiu,positiu,positiu,positiu,risc-on,,0,risc-on,False,risc-on,40.0,55.0,5.0,0.0,0.0,0.0,False,No cal rebalancejar
weekly_thursday,2003-07-31,100.0,positiu,positiu,positiu,positiu,positiu,risc-on,,0,risc-on,False,risc-on,40.0,55.0,5.0,0.0,0.0,0.0,False,No cal rebalancejar
weekly_friday,2003-08-01,100.0,positiu,positiu,positiu,positiu,positiu,risc-on,,0,risc-on,False,risc-on,40.0,55.0,5.0,0.0,0.0,0.0,False,No cal rebalancejar
weekly_thursday,2003-08-07,93.34,positiu,positiu,neutral,positiu,positiu,risc-on,,0,risc-on,False,risc-on,40.0,55.0,5.0,0.0,0.0,0.0,False,No cal rebalancejar
weekly_friday,2003-08-08,93.34,positiu,positiu,neutral,positiu,positiu,risc-on,,0,risc-on,False,risc-on,40.0,55.0,5.0,0.0,0.0,0.0,False,No cal rebalancejar
weekly_thursday,2003-08-14,100.0,positiu,positiu,positiu,positiu,positiu,risc-on,,0,risc-on,False,risc-on,40.0,55.0,5.0,0.0,0.0,0.0,False,No cal rebalancejar
weekly_friday,2003-08-15,93.34,positiu,positiu,neutral,positiu,positiu,risc-on,,0,risc-on,False,risc-on,40.0,55.0,5.0,0.0,0.0,0.0,False,No cal rebalancejar
weekly_thursday,2003-08-21,100.0,positiu,positiu,positiu,positiu,positiu,risc-on,,0,risc-on,False,risc-on,40.0,55.0,5.0,0.0,0.0,0.0,False,No cal rebalancejar
weekly_friday,2003-08-22,100.0,positiu,positiu,positiu,positiu,positiu,risc-on,,0,risc-on,False,risc-on,40.0,55.0,5.0,0.0,0.0,0.0,False,No cal rebalancejar
weekly_thursday,2003-08-28,100.0,positiu,positiu,positiu,positiu,positiu,risc-on,,0,risc-on,False,risc-on,40.0,55.0,5.0,0.0,0.0,0.0,False,No cal rebalancejar
weekly_friday,2003-08-29,100.0,positiu,positiu,positiu,positiu,positiu,risc-on,,0,risc-on,False,risc-on,40.0,55.0,5.0,0.0,0.0,0.0,False,No cal rebalancejar
weekly_thursday,2003-09-04,100.0,positiu,positiu,positiu,positiu,positiu,risc-on,,0,risc-on,False,risc-on,40.0,55.0,5.0,0.0,0.0,0.0,False,No cal rebalancejar
weekly_friday,2003-09-05,100.0,positiu,positiu,positiu,positiu,positiu,risc-on,,0,risc-on,False,risc-on,40.0,55.0,5.0,0.0,0.0,0.0,False,No cal rebalancejar
weekly_thursday,2003-09-11,100.0,positiu,positiu,positiu,positiu,positiu,risc-on,,0,risc-on,False,risc-on,40.0,55.0,5.0,0.0,0.0,0.0,False,No cal rebalancejar
weekly_friday,2003-09-12,100.0,positiu,positiu,positiu,positiu,positiu,risc-on,,0,risc-on,False,risc-on,40.0,55.0,5.0,0.0,0.0,0.0,False,No cal rebalancejar
weekly_thursday,2003-09-18,100.0,positiu,positiu,positiu,positiu,positiu,risc-on,,0,risc-on,False,risc-on,40.0,55.0,5.0,0.0,0.0,0.0,False,No cal rebalancejar
weekly_friday,2003-09-19,100.0,positiu,positiu,positiu,positiu,positiu,risc-on,,0,risc-on,False,risc-on,40.0,55.0,5.0,0.0,0.0,0.0,False,No cal rebalancejar
weekly_thursday,2003-09-25,100.0,positiu,positiu,positiu,positiu,positiu,risc-on,,0,risc-on,False,risc-on,40.0,55.0,5.0,0.0,0.0,0.0,False,No cal rebalancejar
weekly_friday,2003-09-26,100.0,positiu,positiu,positiu,positiu,positiu,risc-on,,0,risc-on,False,risc-on,40.0,55.0,5.0,0.0,0.0,0.0,False,No cal rebalancejar
weekly_thursday,2003-10-02,100.0,positiu,positiu,positiu,positiu,positiu,risc-on,,0,risc-on,False,risc-on,40.0,55.0,5.0,0.0,0.0,0.0,False,No cal rebalancejar
weekly_friday,2003-10-03,100.0,positiu,positiu,positiu,positiu,positiu,risc-on,,0,risc-on,False,risc-on,40.0,55.0,5.0,0.0,0.0,0.0,False,No cal rebalancejar
weekly_thursday,2003-10-09,100.0,positiu,positiu,positiu,positiu,positiu,risc-on,,0,risc-on,False,risc-on,40.0,55.0,5.0,0.0,0.0,0.0,False,No cal rebalancejar
weekly_friday,2003-10-10,100.0,positiu,positiu,positiu,positiu,positiu,risc-on,,0,risc-on,False,risc-on,40.0,55.0,5.0,0.0,0.0,0.0,False,No cal rebalancejar
weekly_thursday,2003-10-16,100.0,positiu,positiu,positiu,positiu,positiu,risc-on,,0,risc-on,False,risc-on,40.0,55.0,5.0,0.0,0.0,0.0,False,No cal rebalancejar
weekly_friday,2003-10-17,100.0,positiu,positiu,positiu,positiu,positiu,risc-on,,0,risc-on,False,risc-on,40.0,55.0,5.0,0.0,0.0,0.0,False,No cal rebalancejar
weekly_thursday,2003-10-23,100.0,positiu,positiu,positiu,positiu,positiu,risc-on,,0,risc-on,False,risc-on,40.0,55.0,5.0,0.0,0.0,0.0,False,No cal rebalancejar
weekly_friday,2003-10-24,100.0,positiu,positiu,positiu,positiu,positiu,risc-on,,0,risc-on,False,risc-on,40.0,55.0,5.0,0.0,0.0,0.0,False,No cal rebalancejar
weekly_thursday,2003-10-30,100.0,positiu,positiu,positiu,positiu,positiu,risc-on,,0,risc-on,False,risc-on,40.0,55.0,5.0,0.0,0.0,0.0,False,No cal rebalancejar
weekly_friday,2003-10-31,100.0,positiu,positiu,positiu,positiu,positiu,risc-on,,0,risc-on,False,risc-on,40.0,55.0,5.0,0.0,0.0,0.0,False,No cal rebalancejar
weekly_thursday,2003-11-06,100.0,positiu,positiu,positiu,positiu,positiu,risc-on,,0,risc-on,False,risc-on,40.0,55.0,5.0,0.0,0.0,0.0,False,No cal rebalancejar
weekly_friday,2003-11-07,100.0,positiu,positiu,positiu,positiu,positiu,risc-on,,0,risc-on,False,risc-on,40.0,55.0,5.0,0.0,0.0,0.0,False,No cal rebalancejar
weekly_thursday,2003-11-13,100.0,positiu,positiu,positiu,positiu,positiu,risc-on,,0,risc-on,False,risc-on,40.0,55.0,5.0,0.0,0.0,0.0,False,No cal rebalancejar
weekly_friday,2003-11-14,100.0,positiu,positiu,positiu,positiu,positiu,risc-on,,0,risc-on,False,risc-on,40.0,55.0,5.0,0.0,0.0,0.0,False,No cal rebalancejar
weekly_thursday,2003-11-20,100.0,positiu,positiu,positiu,positiu,positiu,risc-on,,0,risc-on,False,risc-on,40.0,55.0,5.0,0.0,0.0,0.0,False,No cal rebalancejar
weekly_friday,2003-11-21,100.0,positiu,positiu,positiu,positiu,positiu,risc-on,,0,risc-on,False,risc-on,40.0,55.0,5.0,0.0,0.0,0.0,False,No cal rebalancejar
weekly_thursday,2003-11-27,100.0,positiu,positiu,positiu,positiu,positiu,risc-on,,0,risc-on,False,risc-on,40.0,55.0,5.0,0.0,0.0,0.0,False,No cal rebalancejar
weekly_friday,2003-11-28,100.0,positiu,positiu,positiu,positiu,positiu,risc-on,,0,risc-on,False,risc-on,40.0,55.0,5.0,0.0,0.0,0.0,False,No cal rebalancejar
weekly_thursday,2003-12-04,100.0,positiu,positiu,positiu,positiu,positiu,risc-on,,0,risc-on,False,risc-on,40.0,55.0,5.0,0.0,0.0,0.0,False,No cal rebalancejar
weekly_friday,2003-12-05,100.0,positiu,positiu,positiu,positiu,positiu,risc-on,,0,risc-on,False,risc-on,40.0,55.0,5.0,0.0,0.0,0.0,False,No cal rebalancejar
weekly_thursday,2003-12-11,100.0,positiu,positiu,positiu,positiu,positiu,risc-on,,0,risc-on,False,risc-on,40.0,55.0,5.0,0.0,0.0,0.0,False,No cal rebalancejar
weekly_friday,2003-12-12,100.0,positiu,positiu,positiu,positiu,positiu,risc-on,,0,risc-on,False,risc-on,40.0,55.0,5.0,0.0,0.0,0.0,False,No cal rebalancejar
weekly_thursday,2003-12-18,100.0,positiu,positiu,positiu,positiu,positiu,risc-on,,0,risc-on,False,risc-on,40.0,55.0,5.0,0.0,0.0,0.0,False,No cal rebalancejar
weekly_friday,2003-12-19,100.0,positiu,positiu,positiu,positiu,positiu,risc-on,,0,risc-on,False,risc-on,40.0,55.0,5.0,0.0,0.0,0.0,False,No cal rebalancejar
weekly_thursday,2003-12-25,100.0,positiu,positiu,positiu,positiu,positiu,risc-on,,0,risc-on,False,risc-on,40.0,55.0,5.0,0.0,0.0,0.0,False,No cal rebalancejar
weekly_friday,2003-12-26,100.0,positiu,positiu,positiu,positiu,positiu,risc-on,,0,risc-on,False,risc-on,40.0,55.0,5.0,0.0,0.0,0.0,False,No cal rebalancejar
weekly_thursday,2004-01-01,100.0,positiu,positiu,positiu,positiu,positiu,risc-on,,0,risc-on,False,risc-on,40.0,55.0,5.0,0.0,0.0,0.0,False,No cal rebalancejar
weekly_friday,2004-01-02,100.0,positiu,positiu,positiu,positiu,positiu,risc-on,,0,risc-on,False,risc-on,40.0,55.0,5.0,0.0,0.0,0.0,False,No cal rebalancejar
weekly_thursday,2004-01-08,100.0,positiu,positiu,positiu,positiu,positiu,risc-on,,0,risc-on,False,risc-on,40.0,55.0,5.0,0.0,0.0,0.0,False,No cal rebalancejar
weekly_friday,2004-01-09,100.0,positiu,positiu,positiu,positiu,positiu,risc-on,,0,risc-on,False,risc-on,40.0,55.0,5.0,0.0,0.0,0.0,False,No cal rebalancejar
weekly_thursday,2004-01-15,100.0,positiu,positiu,positiu,positiu,positiu,risc-on,,0,risc-on,False,risc-on,40.0,55.0,5.0,0.0,0.0,0.0,False,No cal rebalancejar
weekly_friday,2004-01-16,100.0,positiu,positiu,positiu,positiu,positiu,risc-on,,0,risc-on,False,risc-on,40.0,55.0,5.0,0.0,0.0,0.0,False,No cal rebalancejar
weekly_thursday,2004-01-22,100.0,positiu,positiu,positiu,positiu,positiu,risc-on,,0,risc-on,False,risc-on,40.0,55.0,5.0,0.0,0.0,0.0,False,No cal rebalancejar
weekly_friday,2004-01-23,100.0,positiu,positiu,positiu,positiu,positiu,risc-on,,0,risc-on,False,risc-on,40.0,55.0,5.0,0.0,0.0,0.0,False,No cal rebalancejar
weekly_thursday,2004-01-29,100.0,positiu,positiu,positiu,positiu,positiu,risc-on,,0,risc-on,False,risc-on,40.0,55.0,5.0,0.0,0.0,0.0,False,No cal rebalancejar
weekly_friday,2004-01-30,100.0,positiu,positiu,positiu,positiu,positiu,risc-on,,0,risc-on,False,risc-on,40.0,55.0,5.0,0.0,0.0,0.0,False,No cal rebalancejar
weekly_thursday,2004-02-05,100.0,positiu,positiu,positiu,positiu,positiu,risc-on,,0,risc-on,False,risc-on,40.0,55.0,5.0,0.0,0.0,0.0,False,No cal rebalancejar
weekly_friday,2004-02-06,100.0,positiu,positiu,positiu,positiu,positiu,risc-on,,0,risc-on,False,risc-on,40.0,55.0,5.0,0.0,0.0,0.0,False,No cal rebalancejar
weekly_thursday,2004-02-12,100.0,positiu,positiu,positiu,positiu,positiu,risc-on,,0,risc-on,False,risc-on,40.0,55.0,5.0,0.0,0.0,0.0,False,No cal rebalancejar
weekly_friday,2004-02-13,100.0,positiu,positiu,positiu,positiu,positiu,risc-on,,0,risc-on,False,risc-on,40.0,55.0,5.0,0.0,0.0,0.0,False,No cal rebalancejar
weekly_thursday,2004-02-19,100.0,positiu,positiu,positiu,positiu,positiu,risc-on,,0,risc-on,False,risc-on,40.0,55.0,5.0,0.0,0.0,0.0,False,No cal rebalancejar
weekly_friday,2004-02-20,100.0,positiu,positiu,positiu,positiu,positiu,risc-on,,0,risc-on,False,risc-on,40.0,55.0,5.0,0.0,0.0,0.0,False,No cal rebalancejar
weekly_thursday,2004-02-26,100.0,positiu,positiu,positiu,positiu,positiu,risc-on,,0,risc-on,False,risc-on,40.0,55.0,5.0,0.0,0.0,0.0,False,No cal rebalancejar
weekly_friday,2004-02-27,100.0,positiu,positiu,positiu,positiu,positiu,risc-on,,0,risc-on,False,risc-on,40.0,55.0,5.0,0.0,0.0,0.0,False,No cal rebalancejar
weekly_thursday,2004-03-04,100.0,positiu,positiu,positiu,positiu,positiu,risc-on,,0,risc-on,False,risc-on,40.0,55.0,5.0,0.0,0.0,0.0,False,No cal rebalancejar
weekly_friday,2004-03-05,100.0,positiu,positiu,positiu,positiu,positiu,risc-on,,0,risc-on,False,risc-on,40.0,55.0,5.0,0.0,0.0,0.0,False,No cal rebalancejar
weekly_thursday,2004-03-11,88.89,positiu,neutral,positiu,positiu,positiu,risc-on,,0,risc-on,False,risc-on,40.0,55.0,5.0,0.0,0.0,0.0,False,No cal rebalancejar
weekly_friday,2004-03-12,100.0,positiu,positiu,positiu,positiu,positiu,risc-on,,0,risc-on,False,risc-on,40.0,55.0,5.0,0.0,0.0,0.0,False,No cal rebalancejar
weekly_thursday,2004-03-18,88.89,positiu,neutral,positiu,positiu,positiu,risc-on,,0,risc-on,False,risc-on,40.0,55.0,5.0,0.0,0.0,0.0,False,No cal rebalancejar
weekly_friday,2004-03-19,88.89,positiu,neutral,positiu,positiu,positiu,risc-on,,0,risc-on,False,risc-on,40.0,55.0,5.0,0.0,0.0,0.0,False,No cal rebalancejar
weekly_thursday,2004-03-25,100.0,positiu,positiu,positiu,positiu,positiu,risc-on,,0,risc-on,False,risc-on,40.0,55.0,5.0,0.0,0.0,0.0,False,No cal rebalancejar
weekly_friday,2004-03-26,88.89,positiu,neutral,positiu,positiu,positiu,risc-on,,0,risc-on,False,risc-on,40.0,55.0,5.0,0.0,0.0,0.0,False,No cal rebalancejar
weekly_thursday,2004-04-01,100.0,positiu,positiu,positiu,positiu,positiu,risc-on,,0,risc-on,False,risc-on,40.0,55.0,5.0,0.0,0.0,0.0,False,No cal rebalancejar
weekly_friday,2004-04-02,100.0,positiu,positiu,positiu,positiu,positiu,risc-on,,0,risc-on,False,risc-on,40.0,55.0,5.0,0.0,0.0,0.0,False,No cal rebalancejar
weekly_thursday,2004-04-08,100.0,positiu,positiu,positiu,positiu,positiu,risc-on,,0,risc-on,False,risc-on,40.0,55.0,5.0,0.0,0.0,0.0,False,No cal rebalancejar
weekly_friday,2004-04-09,100.0,positiu,positiu,positiu,positiu,positiu,risc-on,,0,risc-on,False,risc-on,40.0,55.0,5.0,0.0,0.0,0.0,False,No cal rebalancejar
weekly_thursday,2004-04-15,100.0,positiu,positiu,positiu,positiu,positiu,risc-on,,0,risc-on,False,risc-on,40.0,55.0,5.0,0.0,0.0,0.0,False,No cal rebalancejar
weekly_friday,2004-04-16,100.0,positiu,positiu,positiu,positiu,positiu,risc-on,,0,risc-on,False,risc-on,40.0,55.0,5.0,0.0,0.0,0.0,False,No cal rebalancejar
weekly_thursday,2004-04-22,100.0,positiu,positiu,positiu,positiu,positiu,risc-on,,0,risc-on,False,risc-on,40.0,55.0,5.0,0.0,0.0,0.0,False,No cal rebalancejar
weekly_friday,2004-04-23,100.0,positiu,positiu,positiu,positiu,positiu,risc-on,,0,risc-on,False,risc-on,40.0,55.0,5.0,0.0,0.0,0.0,False,No cal rebalancejar
weekly_thursday,2004-04-29,88.89,positiu,neutral,positiu,positiu,positiu,risc-on,,0,risc-on,False,risc-on,40.0,55.0,5.0,0.0,0.0,0.0,False,No cal rebalancejar
weekly_friday,2004-04-30,88.89,positiu,neutral,positiu,positiu,positiu,risc-on,,0,risc-on,False,risc-on,40.0,55.0,5.0,0.0,0.0,0.0,False,No cal rebalancejar
weekly_thursday,2004-05-06,88.89,positiu,neutral,positiu,positiu,positiu,risc-on,,0,risc-on,False,risc-on,40.0,55.0,5.0,0.0,0.0,0.0,False,No cal rebalancejar
weekly_friday,2004-05-07,88.89,positiu,neutral,positiu,positiu,positiu,risc-on,,0,risc-on,False,risc-on,40.0,55.0,5.0,0.0,0.0,0.0,False,No cal rebalancejar
weekly_thursday,2004-05-13,71.11,neutral,neutral,positiu,positiu,positiu,risc-on,,0,risc-on,False,risc-on,40.0,55.0,5.0,0.0,0.0,0.0,False,No cal rebalancejar
weekly_friday,2004-05-14,71.11,neutral,neutral,positiu,positiu,positiu,risc-on,,0,risc-on,False,risc-on,40.0,55.0,5.0,0.0,0.0,0.0,False,No cal rebalancejar
weekly_thursday,2004-05-20,71.11,neutral,neutral,positiu,positiu,positiu,risc-on,,0,risc-on,False,risc-on,40.0,55.0,5.0,0.0,0.0,0.0,False,No cal rebalancejar
weekly_friday,2004-05-21,71.11,neutral,neutral,positiu,positiu,positiu,risc-on,,0,risc-on,False,risc-on,40.0,55.0,5.0,0.0,0.0,0.0,False,No cal rebalancejar
weekly_thursday,2004-05-27,71.11,neutral,neutral,positiu,positiu,positiu,risc-on,,0,risc-on,False,risc-on,40.0,55.0,5.0,0.0,0.0,0.0,False,No cal rebalancejar
weekly_friday,2004-05-28,71.11,neutral,neutral,positiu,positiu,positiu,risc-on,,0,risc-on,False,risc-on,40.0,55.0,5.0,0.0,0.0,0.0,False,No cal rebalancejar
weekly_thursday,2004-06-03,71.11,neutral,neutral,positiu,positiu,positiu,risc-on,,0,risc-on,False,risc-on,40.0,55.0,5.0,0.0,0.0,0.0,False,No cal rebalancejar
weekly_friday,2004-06-04,88.89,positiu,neutral,positiu,positiu,positiu,risc-on,,0,risc-on,False,risc-on,40.0,55.0,5.0,0.0,0.0,0.0,False,No cal rebalancejar
weekly_thursday,2004-06-10,100.0,positiu,positiu,positiu,positiu,positiu,risc-on,,0,risc-on,False,risc-on,40.0,55.0,5.0,0.0,0.0,0.0,False,No cal rebalancejar
weekly_friday,2004-06-11,100.0,positiu,positiu,positiu,positiu,positiu,risc-on,,0,risc-on,False,risc-on,40.0,55.0,5.0,0.0,0.0,0.0,False,No cal rebalancejar
weekly_thursday,2004-06-17,71.11,neutral,neutral,positiu,positiu,positiu,risc-on,,0,risc-on,False,risc-on,40.0,55.0,5.0,0.0,0.0,0.0,False,No cal rebalancejar
weekly_friday,2004-06-18,88.89,positiu,neutral,positiu,positiu,positiu,risc-on,,0,risc-on,False,risc-on,40.0,55.0,5.0,0.0,0.0,0.0,False,No cal rebalancejar
weekly_thursday,2004-06-24,100.0,positiu,positiu,positiu,positiu,positiu,risc-on,,0,risc-on,False,risc-on,40.0,55.0,5.0,0.0,0.0,0.0,False,No cal rebalancejar
weekly_friday,2004-06-25,100.0,positiu,positiu,positiu,positiu,positiu,risc-on,,0,risc-on,False,risc-on,40.0,55.0,5.0,0.0,0.0,0.0,False,No cal rebalancejar
weekly_thursday,2004-07-01,100.0,positiu,positiu,positiu,positiu,positiu,risc-on,,0,risc-on,False,risc-on,40.0,55.0,5.0,0.0,0.0,0.0,False,No cal rebalancejar
weekly_friday,2004-07-02,88.89,positiu,neutral,positiu,positiu,positiu,risc-on,,0,risc-on,False,risc-on,40.0,55.0,5.0,0.0,0.0,0.0,False,No cal rebalancejar
weekly_thursday,2004-07-08,71.11,neutral,neutral,positiu,positiu,positiu,risc-on,,0,risc-on,False,risc-on,40.0,55.0,5.0,0.0,0.0,0.0,False,No cal rebalancejar
weekly_friday,2004-07-09,71.11,neutral,neutral,positiu,positiu,positiu,risc-on,,0,risc-on,False,risc-on,40.0,55.0,5.0,0.0,0.0,0.0,False,No cal rebalancejar
weekly_thursday,2004-07-15,71.11,neutral,neutral,positiu,positiu,positiu,risc-on,,0,risc-on,False,risc-on,40.0,55.0,5.0,0.0,0.0,0.0,False,No cal rebalancejar
weekly_friday,2004-07-16,60.0,neutral,negatiu,positiu,positiu,positiu,normal,normal,1,risc-on,False,risc-on,40.0,55.0,5.0,0.0,0.0,0.0,False,No cal rebalancejar
weekly_thursday,2004-07-22,71.11,neutral,neutral,positiu,positiu,positiu,risc-on,,0,risc-on,False,risc-on,40.0,55.0,5.0,0.0,0.0,0.0,False,No cal rebalancejar
weekly_friday,2004-07-23,60.0,neutral,negatiu,positiu,positiu,positiu,normal,normal,2,risc-on,False,risc-on,40.0,55.0,5.0,0.0,0.0,0.0,False,No cal rebalancejar
weekly_thursday,2004-07-29,60.0,neutral,negatiu,positiu,positiu,positiu,normal,normal,1,risc-on,False,risc-on,40.0,55.0,5.0,0.0,0.0,0.0,False,No cal rebalancejar
weekly_friday,2004-07-30,60.0,neutral,negatiu,positiu,positiu,positiu,normal,normal,3,risc-on,False,risc-on,40.0,55.0,5.0,0.0,0.0,0.0,False,No cal rebalancejar
weekly_thursday,2004-08-05,60.0,neutral,negatiu,positiu,positiu,positiu,normal,normal,2,risc-on,False,risc-on,40.0,55.0,5.0,0.0,0.0,0.0,False,No cal rebalancejar
weekly_friday,2004-08-06,60.0,neutral,negatiu,positiu,positiu,positiu,normal,,0,normal,False,normal,60.0,25.0,15.0,20.0,-30.0,10.0,True,Comprar 20 pp MSCI World; Vendre 30 pp Nasdaq; Comprar 10 pp Monetari
weekly_thursday,2004-08-12,60.0,neutral,negatiu,positiu,positiu,positiu,normal,normal,3,risc-on,False,risc-on,40.0,55.0,5.0,-20.0,30.0,-10.0,True,Vendre 20 pp MSCI World; Comprar 30 pp Nasdaq; Vendre 10 pp Monetari
weekly_friday,2004-08-13,42.22,negatiu,negatiu,positiu,positiu,positiu,normal,,0,normal,False,normal,60.0,25.0,15.0,0.0,0.0,0.0,False,No cal rebalancejar
weekly_thursday,2004-08-19,60.0,neutral,negatiu,positiu,positiu,positiu,normal,,0,normal,False,normal,60.0,25.0,15.0,0.0,0.0,0.0,False,No cal rebalancejar
weekly_friday,2004-08-20,60.0,neutral,negatiu,positiu,positiu,positiu,normal,,0,normal,False,normal,60.0,25.0,15.0,0.0,0.0,0.0,False,No cal rebalancejar
weekly_thursday,2004-08-26,60.0,neutral,negatiu,positiu,positiu,positiu,normal,,0,normal,False,normal,60.0,25.0,15.0,0.0,0.0,0.0,False,No cal rebalancejar
weekly_friday,2004-08-27,60.0,neutral,negatiu,positiu,positiu,positiu,normal,,0,normal,False,normal,60.0,25.0,15.0,0.0,0.0,0.0,False,No cal rebalancejar
weekly_thursday,2004-09-02,71.11,neutral,neutral,positiu,positiu,positiu,normal,,0,normal,False,normal,60.0,25.0,15.0,0.0,0.0,0.0,False,No cal rebalancejar
weekly_friday,2004-09-03,60.0,neutral,negatiu,positiu,positiu,positiu,normal,,0,normal,False,normal,60.0,25.0,15.0,0.0,0.0,0.0,False,No cal rebalancejar
weekly_thursday,2004-09-09,60.0,neutral,negatiu,positiu,positiu,positiu,normal,,0,normal,False,normal,60.0,25.0,15.0,0.0,0.0,0.0,False,No cal rebalancejar
weekly_friday,2004-09-10,71.11,neutral,neutral,positiu,positiu,positiu,normal,,0,normal,False,normal,60.0,25.0,15.0,0.0,0.0,0.0,False,No cal rebalancejar
weekly_thursday,2004-09-16,71.11,neutral,neutral,positiu,positiu,positiu,normal,,0,normal,False,normal,60.0,25.0,15.0,0.0,0.0,0.0,False,No cal rebalancejar
weekly_friday,2004-09-17,71.11,neutral,neutral,positiu,positiu,positiu,normal,,0,normal,False,normal,60.0,25.0,15.0,0.0,0.0,0.0,False,No cal rebalancejar
weekly_thursday,2004-09-23,71.11,neutral,neutral,positiu,positiu,positiu,normal,,0,normal,False,normal,60.0,25.0,15.0,0.0,0.0,0.0,False,No cal rebalancejar
weekly_friday,2004-09-24,71.11,neutral,neutral,positiu,positiu,positiu,normal,,0,normal,False,normal,60.0,25.0,15.0,0.0,0.0,0.0,False,No cal rebalancejar
weekly_thursday,2004-09-30,71.11,neutral,neutral,positiu,positiu,positiu,normal,,0,normal,False,normal,60.0,25.0,15.0,0.0,0.0,0.0,False,No cal rebalancejar
weekly_friday,2004-10-01,71.11,neutral,neutral,positiu,positiu,positiu,normal,,0,normal,False,normal,60.0,25.0,15.0,0.0,0.0,0.0,False,No cal rebalancejar
weekly_thursday,2004-10-07,71.11,neutral,neutral,positiu,positiu,positiu,normal,,0,normal,False,normal,60.0,25.0,15.0,0.0,0.0,0.0,False,No cal rebalancejar
weekly_friday,2004-10-08,71.11,neutral,neutral,positiu,positiu,positiu,normal,,0,normal,False,normal,60.0,25.0,15.0,0.0,0.0,0.0,False,No cal rebalancejar
weekly_thursday,2004-10-14,71.11,neutral,neutral,positiu,positiu,positiu,normal,,0,normal,False,normal,60.0,25.0,15.0,0.0,0.0,0.0,False,No cal rebalancejar
weekly_friday,2004-10-15,71.11,neutral,neutral,positiu,positiu,positiu,normal,,0,normal,False,normal,60.0,25.0,15.0,0.0,0.0,0.0,False,No cal rebalancejar
weekly_thursday,2004-10-21,71.11,neutral,neutral,positiu,positiu,positiu,normal,,0,normal,False,normal,60.0,25.0,15.0,0.0,0.0,0.0,False,No cal rebalancejar
weekly_friday,2004-10-22,71.11,neutral,neutral,positiu,positiu,positiu,normal,,0,normal,False,normal,60.0,25.0,15.0,0.0,0.0,0.0,False,No cal rebalancejar
weekly_thursday,2004-10-28,82.22,neutral,positiu,positiu,positiu,positiu,risc-on,risc-on,1,normal,False,normal,60.0,25.0,15.0,0.0,0.0,0.0,False,No cal rebalancejar
weekly_friday,2004-10-29,82.22,neutral,positiu,positiu,positiu,positiu,risc-on,risc-on,1,normal,False,normal,60.0,25.0,15.0,0.0,0.0,0.0,False,No cal rebalancejar
weekly_thursday,2004-11-04,100.0,positiu,positiu,positiu,positiu,positiu,risc-on,risc-on,2,normal,False,normal,60.0,25.0,15.0,0.0,0.0,0.0,False,No cal rebalancejar
weekly_friday,2004-11-05,100.0,positiu,positiu,positiu,positiu,positiu,risc-on,risc-on,2,normal,False,normal,60.0,25.0,15.0,0.0,0.0,0.0,False,No cal rebalancejar
weekly_thursday,2004-11-11,100.0,positiu,positiu,positiu,positiu,positiu,risc-on,risc-on,3,normal,False,normal,60.0,25.0,15.0,0.0,0.0,0.0,False,No cal rebalancejar
weekly_friday,2004-11-12,100.0,positiu,positiu,positiu,positiu,positiu,risc-on,risc-on,3,normal,False,normal,60.0,25.0,15.0,0.0,0.0,0.0,False,No cal rebalancejar
weekly_thursday,2004-11-18,100.0,positiu,positiu,positiu,positiu,positiu,risc-on,,0,risc-on,False,risc-on,40.0,55.0,5.0,-20.0,30.0,-10.0,True,Vendre 20 pp MSCI World; Comprar 30 pp Nasdaq; Vendre 10 pp Monetari
weekly_friday,2004-11-19,100.0,positiu,positiu,positiu,positiu,positiu,risc-on,,0,risc-on,False,risc-on,40.0,55.0,5.0,-20.0,30.0,-10.0,True,Vendre 20 pp MSCI World; Comprar 30 pp Nasdaq; Vendre 10 pp Monetari
weekly_thursday,2004-11-25,100.0,positiu,positiu,positiu,positiu,positiu,risc-on,,0,risc-on,False,risc-on,40.0,55.0,5.0,0.0,0.0,0.0,False,No cal rebalancejar
weekly_friday,2004-11-26,100.0,positiu,positiu,positiu,positiu,positiu,risc-on,,0,risc-on,False,risc-on,40.0,55.0,5.0,0.0,0.0,0.0,False,No cal rebalancejar
weekly_thursday,2004-12-02,100.0,positiu,positiu,positiu,positiu,positiu,risc-on,,0,risc-on,False,risc-on,40.0,55.0,5.0,0.0,0.0,0.0,False,No cal rebalancejar
weekly_friday,2004-12-03,100.0,positiu,positiu,positiu,positiu,positiu,risc-on,,0,risc-on,False,risc-on,40.0,55.0,5.0,0.0,0.0,0.0,False,No cal rebalancejar
weekly_thursday,2004-12-09,100.0,positiu,positiu,positiu,positiu,positiu,risc-on,,0,risc-on,False,risc-on,40.0,55.0,5.0,0.0,0.0,0.0,False,No cal rebalancejar
weekly_friday,2004-12-10,100.0,positiu,positiu,positiu,positiu,positiu,risc-on,,0,risc-on,False,risc-on,40.0,55.0,5.0,0.0,0.0,0.0,False,No cal rebalancejar
weekly_thursday,2004-12-16,100.0,positiu,positiu,positiu,positiu,positiu,risc-on,,0,risc-on,False,risc-on,40.0,55.0,5.0,0.0,0.0,0.0,False,No cal rebalancejar
weekly_friday,2004-12-17,100.0,positiu,positiu,positiu,positiu,positiu,risc-on,,0,risc-on,False,risc-on,40.0,55.0,5.0,0.0,0.0,0.0,False,No cal rebalancejar
weekly_thursday,2004-12-23,100.0,positiu,positiu,positiu,positiu,positiu,risc-on,,0,risc-on,False,risc-on,40.0,55.0,5.0,0.0,0.0,0.0,False,No cal rebalancejar
weekly_friday,2004-12-24,100.0,positiu,positiu,positiu,positiu,positiu,risc-on,,0,risc-on,False,risc-on,40.0,55.0,5.0,0.0,0.0,0.0,False,No cal rebalancejar
weekly_thursday,2004-12-30,100.0,positiu,positiu,positiu,positiu,positiu,risc-on,,0,risc-on,False,risc-on,40.0,55.0,5.0,0.0,0.0,0.0,False,No cal rebalancejar
weekly_friday,2004-12-31,100.0,positiu,positiu,positiu,positiu,positiu,risc-on,,0,risc-on,False,risc-on,40.0,55.0,5.0,0.0,0.0,0.0,False,No cal rebalancejar
weekly_thursday,2005-01-06,100.0,positiu,positiu,positiu,positiu,positiu,risc-on,,0,risc-on,False,risc-on,40.0,55.0,5.0,0.0,0.0,0.0,False,No cal rebalancejar
weekly_friday,2005-01-07,100.0,positiu,positiu,positiu,positiu,positiu,risc-on,,0,risc-on,False,risc-on,40.0,55.0,5.0,0.0,0.0,0.0,False,No cal rebalancejar
weekly_thursday,2005-01-13,100.0,positiu,positiu,positiu,positiu,positiu,risc-on,,0,risc-on,False,risc-on,40.0,55.0,5.0,0.0,0.0,0.0,False,No cal rebalancejar
weekly_friday,2005-01-14,100.0,positiu,positiu,positiu,positiu,positiu,risc-on,,0,risc-on,False,risc-on,40.0,55.0,5.0,0.0,0.0,0.0,False,No cal rebalancejar
weekly_thursday,2005-01-20,100.0,positiu,positiu,positiu,positiu,positiu,risc-on,,0,risc-on,False,risc-on,40.0,55.0,5.0,0.0,0.0,0.0,False,No cal rebalancejar
weekly_friday,2005-01-21,88.89,positiu,neutral,positiu,positiu,positiu,risc-on,,0,risc-on,False,risc-on,40.0,55.0,5.0,0.0,0.0,0.0,False,No cal rebalancejar
weekly_thursday,2005-01-27,88.89,positiu,neutral,positiu,positiu,positiu,risc-on,,0,risc-on,False,risc-on,40.0,55.0,5.0,0.0,0.0,0.0,False,No cal rebalancejar
weekly_friday,2005-01-28,88.89,positiu,neutral,positiu,positiu,positiu,risc-on,,0,risc-on,False,risc-on,40.0,55.0,5.0,0.0,0.0,0.0,False,No cal rebalancejar
weekly_thursday,2005-02-03,88.89,positiu,neutral,positiu,positiu,positiu,risc-on,,0,risc-on,False,risc-on,40.0,55.0,5.0,0.0,0.0,0.0,False,No cal rebalancejar
weekly_friday,2005-02-04,100.0,positiu,positiu,positiu,positiu,positiu,risc-on,,0,risc-on,False,risc-on,40.0,55.0,5.0,0.0,0.0,0.0,False,No cal rebalancejar
weekly_thursday,2005-02-10,88.89,positiu,neutral,positiu,positiu,positiu,risc-on,,0,risc-on,False,risc-on,40.0,55.0,5.0,0.0,0.0,0.0,False,No cal rebalancejar
weekly_friday,2005-02-11,100.0,positiu,positiu,positiu,positiu,positiu,risc-on,,0,risc-on,False,risc-on,40.0,55.0,5.0,0.0,0.0,0.0,False,No cal rebalancejar
weekly_thursday,2005-02-17,100.0,positiu,positiu,positiu,positiu,positiu,risc-on,,0,risc-on,False,risc-on,40.0,55.0,5.0,0.0,0.0,0.0,False,No cal rebalancejar
weekly_friday,2005-02-18,88.89,positiu,neutral,positiu,positiu,positiu,risc-on,,0,risc-on,False,risc-on,40.0,55.0,5.0,0.0,0.0,0.0,False,No cal rebalancejar
weekly_thursday,2005-02-24,88.89,positiu,neutral,positiu,positiu,positiu,risc-on,,0,risc-on,False,risc-on,40.0,55.0,5.0,0.0,0.0,0.0,False,No cal rebalancejar
weekly_friday,2005-02-25,100.0,positiu,positiu,positiu,positiu,positiu,risc-on,,0,risc-on,False,risc-on,40.0,55.0,5.0,0.0,0.0,0.0,False,No cal rebalancejar
weekly_thursday,2005-03-03,88.89,positiu,neutral,positiu,positiu,positiu,risc-on,,0,risc-on,False,risc-on,40.0,55.0,5.0,0.0,0.0,0.0,False,No cal rebalancejar
weekly_friday,2005-03-04,88.89,positiu,neutral,positiu,positiu,positiu,risc-on,,0,risc-on,False,risc-on,40.0,55.0,5.0,0.0,0.0,0.0,False,No cal rebalancejar
weekly_thursday,2005-03-10,88.89,positiu,neutral,positiu,positiu,positiu,risc-on,,0,risc-on,False,risc-on,40.0,55.0,5.0,0.0,0.0,0.0,False,No cal rebalancejar
weekly_friday,2005-03-11,88.89,positiu,neutral,positiu,positiu,positiu,risc-on,,0,risc-on,False,risc-on,40.0,55.0,5.0,0.0,0.0,0.0,False,No cal rebalancejar
weekly_thursday,2005-03-17,88.89,positiu,neutral,positiu,positiu,positiu,risc-on,,0,risc-on,False,risc-on,40.0,55.0,5.0,0.0,0.0,0.0,False,No cal rebalancejar
weekly_friday,2005-03-18,88.89,positiu,neutral,positiu,positiu,positiu,risc-on,,0,risc-on,False,risc-on,40.0,55.0,5.0,0.0,0.0,0.0,False,No cal rebalancejar
weekly_thursday,2005-03-24,88.89,positiu,neutral,positiu,positiu,positiu,risc-on,,0,risc-on,False,risc-on,40.0,55.0,5.0,0.0,0.0,0.0,False,No cal rebalancejar
weekly_friday,2005-03-25,88.89,positiu,neutral,positiu,positiu,positiu,risc-on,,0,risc-on,False,risc-on,40.0,55.0,5.0,0.0,0.0,0.0,False,No cal rebalancejar
weekly_thursday,2005-03-31,88.89,positiu,neutral,positiu,positiu,positiu,risc-on,,0,risc-on,False,risc-on,40.0,55.0,5.0,0.0,0.0,0.0,False,No cal rebalancejar
weekly_friday,2005-04-01,88.89,positiu,neutral,positiu,positiu,positiu,risc-on,,0,risc-on,False,risc-on,40.0,55.0,5.0,0.0,0.0,0.0,False,No cal rebalancejar
weekly_thursday,2005-04-07,88.89,positiu,neutral,positiu,positiu,positiu,risc-on,,0,risc-on,False,risc-on,40.0,55.0,5.0,0.0,0.0,0.0,False,No cal rebalancejar
weekly_friday,2005-04-08,88.89,positiu,neutral,positiu,positiu,positiu,risc-on,,0,risc-on,False,risc-on,40.0,55.0,5.0,0.0,0.0,0.0,False,No cal rebalancejar
weekly_thursday,2005-04-14,88.89,positiu,neutral,positiu,positiu,positiu,risc-on,,0,risc-on,False,risc-on,40.0,55.0,5.0,0.0,0.0,0.0,False,No cal rebalancejar
weekly_friday,2005-04-15,60.0,neutral,negatiu,positiu,positiu,positiu,normal,normal,1,risc-on,False,risc-on,40.0,55.0,5.0,0.0,0.0,0.0,False,No cal rebalancejar
weekly_thursday,2005-04-21,71.11,neutral,neutral,positiu,positiu,positiu,risc-on,,0,risc-on,False,risc-on,40.0,55.0,5.0,0.0,0.0,0.0,False,No cal rebalancejar
weekly_friday,2005-04-22,60.0,neutral,negatiu,positiu,positiu,positiu,normal,normal,2,risc-on,False,risc-on,40.0,55.0,5.0,0.0,0.0,0.0,False,No cal rebalancejar
weekly_thursday,2005-04-28,60.0,neutral,negatiu,positiu,positiu,positiu,normal,normal,1,risc-on,False,risc-on,40.0,55.0,5.0,0.0,0.0,0.0,False,No cal rebalancejar
weekly_friday,2005-04-29,60.0,neutral,negatiu,positiu,positiu,positiu,normal,normal,3,risc-on,False,risc-on,40.0,55.0,5.0,0.0,0.0,0.0,False,No cal rebalancejar
weekly_thursday,2005-05-05,71.11,neutral,neutral,positiu,positiu,positiu,risc-on,,0,risc-on,False,risc-on,40.0,55.0,5.0,0.0,0.0,0.0,False,No cal rebalancejar
weekly_friday,2005-05-06,71.11,neutral,neutral,positiu,positiu,positiu,risc-on,,0,risc-on,False,risc-on,40.0,55.0,5.0,0.0,0.0,0.0,False,No cal rebalancejar
weekly_thursday,2005-05-12,71.11,neutral,neutral,positiu,positiu,positiu,risc-on,,0,risc-on,False,risc-on,40.0,55.0,5.0,0.0,0.0,0.0,False,No cal rebalancejar
weekly_friday,2005-05-13,71.11,neutral,neutral,positiu,positiu,positiu,risc-on,,0,risc-on,False,risc-on,40.0,55.0,5.0,0.0,0.0,0.0,False,No cal rebalancejar
weekly_thursday,2005-05-19,71.11,neutral,neutral,positiu,positiu,positiu,risc-on,,0,risc-on,False,risc-on,40.0,55.0,5.0,0.0,0.0,0.0,False,No cal rebalancejar
weekly_friday,2005-05-20,71.11,neutral,neutral,positiu,positiu,positiu,risc-on,,0,risc-on,False,risc-on,40.0,55.0,5.0,0.0,0.0,0.0,False,No cal rebalancejar
weekly_thursday,2005-05-26,82.22,neutral,positiu,positiu,positiu,positiu,risc-on,,0,risc-on,False,risc-on,40.0,55.0,5.0,0.0,0.0,0.0,False,No cal rebalancejar
weekly_friday,2005-05-27,82.22,neutral,positiu,positiu,positiu,positiu,risc-on,,0,risc-on,False,risc-on,40.0,55.0,5.0,0.0,0.0,0.0,False,No cal rebalancejar
weekly_thursday,2005-06-02,82.22,neutral,positiu,positiu,positiu,positiu,risc-on,,0,risc-on,False,risc-on,40.0,55.0,5.0,0.0,0.0,0.0,False,No cal rebalancejar
weekly_friday,2005-06-03,82.22,neutral,positiu,positiu,positiu,positiu,risc-on,,0,risc-on,False,risc-on,40.0,55.0,5.0,0.0,0.0,0.0,False,No cal rebalancejar
weekly_thursday,2005-06-09,71.11,neutral,neutral,positiu,positiu,positiu,risc-on,,0,risc-on,False,risc-on,40.0,55.0,5.0,0.0,0.0,0.0,False,No cal rebalancejar
weekly_friday,2005-06-10,71.11,neutral,neutral,positiu,positiu,positiu,risc-on,,0,risc-on,False,risc-on,40.0,55.0,5.0,0.0,0.0,0.0,False,No cal rebalancejar
weekly_thursday,2005-06-16,71.11,neutral,neutral,positiu,positiu,positiu,risc-on,,0,risc-on,False,risc-on,40.0,55.0,5.0,0.0,0.0,0.0,False,No cal rebalancejar
weekly_friday,2005-06-17,88.89,positiu,neutral,positiu,positiu,positiu,risc-on,,0,risc-on,False,risc-on,40.0,55.0,5.0,0.0,0.0,0.0,False,No cal rebalancejar
weekly_thursday,2005-06-23,71.11,neutral,neutral,positiu,positiu,positiu,risc-on,,0,risc-on,False,risc-on,40.0,55.0,5.0,0.0,0.0,0.0,False,No cal rebalancejar
weekly_friday,2005-06-24,71.11,neutral,neutral,positiu,positiu,positiu,risc-on,,0,risc-on,False,risc-on,40.0,55.0,5.0,0.0,0.0,0.0,False,No cal rebalancejar
weekly_thursday,2005-06-30,71.11,neutral,neutral,positiu,positiu,positiu,risc-on,,0,risc-on,False,risc-on,40.0,55.0,5.0,0.0,0.0,0.0,False,No cal rebalancejar
weekly_friday,2005-07-01,71.11,neutral,neutral,positiu,positiu,positiu,risc-on,,0,risc-on,False,risc-on,40.0,55.0,5.0,0.0,0.0,0.0,False,No cal rebalancejar
weekly_thursday,2005-07-07,71.11,neutral,neutral,positiu,positiu,positiu,risc-on,,0,risc-on,False,risc-on,40.0,55.0,5.0,0.0,0.0,0.0,False,No cal rebalancejar
weekly_friday,2005-07-08,71.11,neutral,neutral,positiu,positiu,positiu,risc-on,,0,risc-on,False,risc-on,40.0,55.0,5.0,0.0,0.0,0.0,False,No cal rebalancejar
weekly_thursday,2005-07-14,100.0,positiu,positiu,positiu,positiu,positiu,risc-on,,0,risc-on,False,risc-on,40.0,55.0,5.0,0.0,0.0,0.0,False,No cal rebalancejar
weekly_friday,2005-07-15,100.0,positiu,positiu,positiu,positiu,positiu,risc-on,,0,risc-on,False,risc-on,40.0,55.0,5.0,0.0,0.0,0.0,False,No cal rebalancejar
weekly_thursday,2005-07-21,100.0,positiu,positiu,positiu,positiu,positiu,risc-on,,0,risc-on,False,risc-on,40.0,55.0,5.0,0.0,0.0,0.0,False,No cal rebalancejar
weekly_friday,2005-07-22,100.0,positiu,positiu,positiu,positiu,positiu,risc-on,,0,risc-on,False,risc-on,40.0,55.0,5.0,0.0,0.0,0.0,False,No cal rebalancejar
weekly_thursday,2005-07-28,100.0,positiu,positiu,positiu,positiu,positiu,risc-on,,0,risc-on,False,risc-on,40.0,55.0,5.0,0.0,0.0,0.0,False,No cal rebalancejar
weekly_friday,2005-07-29,100.0,positiu,positiu,positiu,positiu,positiu,risc-on,,0,risc-on,False,risc-on,40.0,55.0,5.0,0.0,0.0,0.0,False,No cal rebalancejar
weekly_thursday,2005-08-04,100.0,positiu,positiu,positiu,positiu,positiu,risc-on,,0,risc-on,False,risc-on,40.0,55.0,5.0,0.0,0.0,0.0,False,No cal rebalancejar
weekly_friday,2005-08-05,100.0,positiu,positiu,positiu,positiu,positiu,risc-on,,0,risc-on,False,risc-on,40.0,55.0,5.0,0.0,0.0,0.0,False,No cal rebalancejar
weekly_thursday,2005-08-11,100.0,positiu,positiu,positiu,positiu,positiu,risc-on,,0,risc-on,False,risc-on,40.0,55.0,5.0,0.0,0.0,0.0,False,No cal rebalancejar
weekly_friday,2005-08-12,100.0,positiu,positiu,positiu,positiu,positiu,risc-on,,0,risc-on,False,risc-on,40.0,55.0,5.0,0.0,0.0,0.0,False,No cal rebalancejar
weekly_thursday,2005-08-18,88.89,positiu,neutral,positiu,positiu,positiu,risc-on,,0,risc-on,False,risc-on,40.0,55.0,5.0,0.0,0.0,0.0,False,No cal rebalancejar
weekly_friday,2005-08-19,88.89,positiu,neutral,positiu,positiu,positiu,risc-on,,0,risc-on,False,risc-on,40.0,55.0,5.0,0.0,0.0,0.0,False,No cal rebalancejar
weekly_thursday,2005-08-25,71.11,neutral,neutral,positiu,positiu,positiu,risc-on,,0,risc-on,False,risc-on,40.0,55.0,5.0,0.0,0.0,0.0,False,No cal rebalancejar
weekly_friday,2005-08-26,71.11,neutral,neutral,positiu,positiu,positiu,risc-on,,0,risc-on,False,risc-on,40.0,55.0,5.0,0.0,0.0,0.0,False,No cal rebalancejar
weekly_thursday,2005-09-01,88.89,positiu,neutral,positiu,positiu,positiu,risc-on,,0,risc-on,False,risc-on,40.0,55.0,5.0,0.0,0.0,0.0,False,No cal rebalancejar
weekly_friday,2005-09-02,88.89,positiu,neutral,positiu,positiu,positiu,risc-on,,0,risc-on,False,risc-on,40.0,55.0,5.0,0.0,0.0,0.0,False,No cal rebalancejar
weekly_thursday,2005-09-08,100.0,positiu,positiu,positiu,positiu,positiu,risc-on,,0,risc-on,False,risc-on,40.0,55.0,5.0,0.0,0.0,0.0,False,No cal rebalancejar
weekly_friday,2005-09-09,100.0,positiu,positiu,positiu,positiu,positiu,risc-on,,0,risc-on,False,risc-on,40.0,55.0,5.0,0.0,0.0,0.0,False,No cal rebalancejar
weekly_thursday,2005-09-15,100.0,positiu,positiu,positiu,positiu,positiu,risc-on,,0,risc-on,False,risc-on,40.0,55.0,5.0,0.0,0.0,0.0,False,No cal rebalancejar
weekly_friday,2005-09-16,100.0,positiu,positiu,positiu,positiu,positiu,risc-on,,0,risc-on,False,risc-on,40.0,55.0,5.0,0.0,0.0,0.0,False,No cal rebalancejar
weekly_thursday,2005-09-22,88.89,positiu,neutral,positiu,positiu,positiu,risc-on,,0,risc-on,False,risc-on,40.0,55.0,5.0,0.0,0.0,0.0,False,No cal rebalancejar
weekly_friday,2005-09-23,88.89,positiu,neutral,positiu,positiu,positiu,risc-on,,0,risc-on,False,risc-on,40.0,55.0,5.0,0.0,0.0,0.0,False,No cal rebalancejar
weekly_thursday,2005-09-29,100.0,positiu,positiu,positiu,positiu,positiu,risc-on,,0,risc-on,False,risc-on,40.0,55.0,5.0,0.0,0.0,0.0,False,No cal rebalancejar
weekly_friday,2005-09-30,100.0,positiu,positiu,positiu,positiu,positiu,risc-on,,0,risc-on,False,risc-on,40.0,55.0,5.0,0.0,0.0,0.0,False,No cal rebalancejar
weekly_thursday,2005-10-06,71.11,neutral,neutral,positiu,positiu,positiu,risc-on,,0,risc-on,False,risc-on,40.0,55.0,5.0,0.0,0.0,0.0,False,No cal rebalancejar
weekly_friday,2005-10-07,71.11,neutral,neutral,positiu,positiu,positiu,risc-on,,0,risc-on,False,risc-on,40.0,55.0,5.0,0.0,0.0,0.0,False,No cal rebalancejar
weekly_thursday,2005-10-13,71.11,neutral,neutral,positiu,positiu,positiu,risc-on,,0,risc-on,False,risc-on,40.0,55.0,5.0,0.0,0.0,0.0,False,No cal rebalancejar
weekly_friday,2005-10-14,71.11,neutral,neutral,positiu,positiu,positiu,risc-on,,0,risc-on,False,risc-on,40.0,55.0,5.0,0.0,0.0,0.0,False,No cal rebalancejar
weekly_thursday,2005-10-20,71.11,neutral,neutral,positiu,positiu,positiu,risc-on,,0,risc-on,False,risc-on,40.0,55.0,5.0,0.0,0.0,0.0,False,No cal rebalancejar
weekly_friday,2005-10-21,71.11,neutral,neutral,positiu,positiu,positiu,risc-on,,0,risc-on,False,risc-on,40.0,55.0,5.0,0.0,0.0,0.0,False,No cal rebalancejar
weekly_thursday,2005-10-27,71.11,neutral,neutral,positiu,positiu,positiu,risc-on,,0,risc-on,False,risc-on,40.0,55.0,5.0,0.0,0.0,0.0,False,No cal rebalancejar
weekly_friday,2005-10-28,71.11,neutral,neutral,positiu,positiu,positiu,risc-on,,0,risc-on,False,risc-on,40.0,55.0,5.0,0.0,0.0,0.0,False,No cal rebalancejar
weekly_thursday,2005-11-03,100.0,positiu,positiu,positiu,positiu,positiu,risc-on,,0,risc-on,False,risc-on,40.0,55.0,5.0,0.0,0.0,0.0,False,No cal rebalancejar
weekly_friday,2005-11-04,100.0,positiu,positiu,positiu,positiu,positiu,risc-on,,0,risc-on,False,risc-on,40.0,55.0,5.0,0.0,0.0,0.0,False,No cal rebalancejar
weekly_thursday,2005-11-10,100.0,positiu,positiu,positiu,positiu,positiu,risc-on,,0,risc-on,False,risc-on,40.0,55.0,5.0,0.0,0.0,0.0,False,No cal rebalancejar
weekly_friday,2005-11-11,100.0,positiu,positiu,positiu,positiu,positiu,risc-on,,0,risc-on,False,risc-on,40.0,55.0,5.0,0.0,0.0,0.0,False,No cal rebalancejar
weekly_thursday,2005-11-17,100.0,positiu,positiu,positiu,positiu,positiu,risc-on,,0,risc-on,False,risc-on,40.0,55.0,5.0,0.0,0.0,0.0,False,No cal rebalancejar
weekly_friday,2005-11-18,100.0,positiu,positiu,positiu,positiu,positiu,risc-on,,0,risc-on,False,risc-on,40.0,55.0,5.0,0.0,0.0,0.0,False,No cal rebalancejar
weekly_thursday,2005-11-24,100.0,positiu,positiu,positiu,positiu,positiu,risc-on,,0,risc-on,False,risc-on,40.0,55.0,5.0,0.0,0.0,0.0,False,No cal rebalancejar
weekly_friday,2005-11-25,100.0,positiu,positiu,positiu,positiu,positiu,risc-on,,0,risc-on,False,risc-on,40.0,55.0,5.0,0.0,0.0,0.0,False,No cal rebalancejar
weekly_thursday,2005-12-01,100.0,positiu,positiu,positiu,positiu,positiu,risc-on,,0,risc-on,False,risc-on,40.0,55.0,5.0,0.0,0.0,0.0,False,No cal rebalancejar
weekly_friday,2005-12-02,100.0,positiu,positiu,positiu,positiu,positiu,risc-on,,0,risc-on,False,risc-on,40.0,55.0,5.0,0.0,0.0,0.0,False,No cal rebalancejar
weekly_thursday,2005-12-08,100.0,positiu,positiu,positiu,positiu,positiu,risc-on,,0,risc-on,False,risc-on,40.0,55.0,5.0,0.0,0.0,0.0,False,No cal rebalancejar
weekly_friday,2005-12-09,100.0,positiu,positiu,positiu,positiu,positiu,risc-on,,0,risc-on,False,risc-on,40.0,55.0,5.0,0.0,0.0,0.0,False,No cal rebalancejar
weekly_thursday,2005-12-15,100.0,positiu,positiu,positiu,positiu,positiu,risc-on,,0,risc-on,False,risc-on,40.0,55.0,5.0,0.0,0.0,0.0,False,No cal rebalancejar
weekly_friday,2005-12-16,100.0,positiu,positiu,positiu,positiu,positiu,risc-on,,0,risc-on,False,risc-on,40.0,55.0,5.0,0.0,0.0,0.0,False,No cal rebalancejar
weekly_thursday,2005-12-22,100.0,positiu,positiu,positiu,positiu,positiu,risc-on,,0,risc-on,False,risc-on,40.0,55.0,5.0,0.0,0.0,0.0,False,No cal rebalancejar
weekly_friday,2005-12-23,100.0,positiu,positiu,positiu,positiu,positiu,risc-on,,0,risc-on,False,risc-on,40.0,55.0,5.0,0.0,0.0,0.0,False,No cal rebalancejar
weekly_thursday,2005-12-29,100.0,positiu,positiu,positiu,positiu,positiu,risc-on,,0,risc-on,False,risc-on,40.0,55.0,5.0,0.0,0.0,0.0,False,No cal rebalancejar
weekly_friday,2005-12-30,100.0,positiu,positiu,positiu,positiu,positiu,risc-on,,0,risc-on,False,risc-on,40.0,55.0,5.0,0.0,0.0,0.0,False,No cal rebalancejar
weekly_thursday,2006-01-05,100.0,positiu,positiu,positiu,positiu,positiu,risc-on,,0,risc-on,False,risc-on,40.0,55.0,5.0,0.0,0.0,0.0,False,No cal rebalancejar
weekly_friday,2006-01-06,100.0,positiu,positiu,positiu,positiu,positiu,risc-on,,0,risc-on,False,risc-on,40.0,55.0,5.0,0.0,0.0,0.0,False,No cal rebalancejar
weekly_thursday,2006-01-12,100.0,positiu,positiu,positiu,positiu,positiu,risc-on,,0,risc-on,False,risc-on,40.0,55.0,5.0,0.0,0.0,0.0,False,No cal rebalancejar
weekly_friday,2006-01-13,100.0,positiu,positiu,positiu,positiu,positiu,risc-on,,0,risc-on,False,risc-on,40.0,55.0,5.0,0.0,0.0,0.0,False,No cal rebalancejar
weekly_thursday,2006-01-19,100.0,positiu,positiu,positiu,positiu,positiu,risc-on,,0,risc-on,False,risc-on,40.0,55.0,5.0,0.0,0.0,0.0,False,No cal rebalancejar
weekly_friday,2006-01-20,100.0,positiu,positiu,positiu,positiu,positiu,risc-on,,0,risc-on,False,risc-on,40.0,55.0,5.0,0.0,0.0,0.0,False,No cal rebalancejar
weekly_thursday,2006-01-26,100.0,positiu,positiu,positiu,positiu,positiu,risc-on,,0,risc-on,False,risc-on,40.0,55.0,5.0,0.0,0.0,0.0,False,No cal rebalancejar
weekly_friday,2006-01-27,100.0,positiu,positiu,positiu,positiu,positiu,risc-on,,0,risc-on,False,risc-on,40.0,55.0,5.0,0.0,0.0,0.0,False,No cal rebalancejar
weekly_thursday,2006-02-02,100.0,positiu,positiu,positiu,positiu,positiu,risc-on,,0,risc-on,False,risc-on,40.0,55.0,5.0,0.0,0.0,0.0,False,No cal rebalancejar
weekly_friday,2006-02-03,100.0,positiu,positiu,positiu,positiu,positiu,risc-on,,0,risc-on,False,risc-on,40.0,55.0,5.0,0.0,0.0,0.0,False,No cal rebalancejar
weekly_thursday,2006-02-09,100.0,positiu,positiu,positiu,positiu,positiu,risc-on,,0,risc-on,False,risc-on,40.0,55.0,5.0,0.0,0.0,0.0,False,No cal rebalancejar
weekly_friday,2006-02-10,100.0,positiu,positiu,positiu,positiu,positiu,risc-on,,0,risc-on,False,risc-on,40.0,55.0,5.0,0.0,0.0,0.0,False,No cal rebalancejar
weekly_thursday,2006-02-16,100.0,positiu,positiu,positiu,positiu,positiu,risc-on,,0,risc-on,False,risc-on,40.0,55.0,5.0,0.0,0.0,0.0,False,No cal rebalancejar
weekly_friday,2006-02-17,100.0,positiu,positiu,positiu,positiu,positiu,risc-on,,0,risc-on,False,risc-on,40.0,55.0,5.0,0.0,0.0,0.0,False,No cal rebalancejar
weekly_thursday,2006-02-23,100.0,positiu,positiu,positiu,positiu,positiu,risc-on,,0,risc-on,False,risc-on,40.0,55.0,5.0,0.0,0.0,0.0,False,No cal rebalancejar
weekly_friday,2006-02-24,100.0,positiu,positiu,positiu,positiu,positiu,risc-on,,0,risc-on,False,risc-on,40.0,55.0,5.0,0.0,0.0,0.0,False,No cal rebalancejar
weekly_thursday,2006-03-02,100.0,positiu,positiu,positiu,positiu,positiu,risc-on,,0,risc-on,False,risc-on,40.0,55.0,5.0,0.0,0.0,0.0,False,No cal rebalancejar
weekly_friday,2006-03-03,100.0,positiu,positiu,positiu,positiu,positiu,risc-on,,0,risc-on,False,risc-on,40.0,55.0,5.0,0.0,0.0,0.0,False,No cal rebalancejar
weekly_thursday,2006-03-09,88.89,positiu,neutral,positiu,positiu,positiu,risc-on,,0,risc-on,False,risc-on,40.0,55.0,5.0,0.0,0.0,0.0,False,No cal rebalancejar
weekly_friday,2006-03-10,88.89,positiu,neutral,positiu,positiu,positiu,risc-on,,0,risc-on,False,risc-on,40.0,55.0,5.0,0.0,0.0,0.0,False,No cal rebalancejar
weekly_thursday,2006-03-16,100.0,positiu,positiu,positiu,positiu,positiu,risc-on,,0,risc-on,False,risc-on,40.0,55.0,5.0,0.0,0.0,0.0,False,No cal rebalancejar
weekly_friday,2006-03-17,100.0,positiu,positiu,positiu,positiu,positiu,risc-on,,0,risc-on,False,risc-on,40.0,55.0,5.0,0.0,0.0,0.0,False,No cal rebalancejar
weekly_thursday,2006-03-23,100.0,positiu,positiu,positiu,positiu,positiu,risc-on,,0,risc-on,False,risc-on,40.0,55.0,5.0,0.0,0.0,0.0,False,No cal rebalancejar
weekly_friday,2006-03-24,100.0,positiu,positiu,positiu,positiu,positiu,risc-on,,0,risc-on,False,risc-on,40.0,55.0,5.0,0.0,0.0,0.0,False,No cal rebalancejar
weekly_thursday,2006-03-30,100.0,positiu,positiu,positiu,positiu,positiu,risc-on,,0,risc-on,False,risc-on,40.0,55.0,5.0,0.0,0.0,0.0,False,No cal rebalancejar
weekly_friday,2006-03-31,100.0,positiu,positiu,positiu,positiu,positiu,risc-on,,0,risc-on,False,risc-on,40.0,55.0,5.0,0.0,0.0,0.0,False,No cal rebalancejar
weekly_thursday,2006-04-06,100.0,positiu,positiu,positiu,positiu,positiu,risc-on,,0,risc-on,False,risc-on,40.0,55.0,5.0,0.0,0.0,0.0,False,No cal rebalancejar
weekly_friday,2006-04-07,100.0,positiu,positiu,positiu,positiu,positiu,risc-on,,0,risc-on,False,risc-on,40.0,55.0,5.0,0.0,0.0,0.0,False,No cal rebalancejar
weekly_thursday,2006-04-13,100.0,positiu,positiu,positiu,positiu,positiu,risc-on,,0,risc-on,False,risc-on,40.0,55.0,5.0,0.0,0.0,0.0,False,No cal rebalancejar
weekly_friday,2006-04-14,100.0,positiu,positiu,positiu,positiu,positiu,risc-on,,0,risc-on,False,risc-on,40.0,55.0,5.0,0.0,0.0,0.0,False,No cal rebalancejar
weekly_thursday,2006-04-20,100.0,positiu,positiu,positiu,positiu,positiu,risc-on,,0,risc-on,False,risc-on,40.0,55.0,5.0,0.0,0.0,0.0,False,No cal rebalancejar
weekly_friday,2006-04-21,100.0,positiu,positiu,positiu,positiu,positiu,risc-on,,0,risc-on,False,risc-on,40.0,55.0,5.0,0.0,0.0,0.0,False,No cal rebalancejar
weekly_thursday,2006-04-27,100.0,positiu,positiu,positiu,positiu,positiu,risc-on,,0,risc-on,False,risc-on,40.0,55.0,5.0,0.0,0.0,0.0,False,No cal rebalancejar
weekly_friday,2006-04-28,100.0,positiu,positiu,positiu,positiu,positiu,risc-on,,0,risc-on,False,risc-on,40.0,55.0,5.0,0.0,0.0,0.0,False,No cal rebalancejar
weekly_thursday,2006-05-04,100.0,positiu,positiu,positiu,positiu,positiu,risc-on,,0,risc-on,False,risc-on,40.0,55.0,5.0,0.0,0.0,0.0,False,No cal rebalancejar
weekly_friday,2006-05-05,100.0,positiu,positiu,positiu,positiu,positiu,risc-on,,0,risc-on,False,risc-on,40.0,55.0,5.0,0.0,0.0,0.0,False,No cal rebalancejar
weekly_thursday,2006-05-11,88.89,positiu,neutral,positiu,positiu,positiu,risc-on,,0,risc-on,False,risc-on,40.0,55.0,5.0,0.0,0.0,0.0,False,No cal rebalancejar
weekly_friday,2006-05-12,88.89,positiu,neutral,positiu,positiu,positiu,risc-on,,0,risc-on,False,risc-on,40.0,55.0,5.0,0.0,0.0,0.0,False,No cal rebalancejar
weekly_thursday,2006-05-18,77.78,positiu,negatiu,positiu,positiu,positiu,risc-on,,0,risc-on,False,risc-on,40.0,55.0,5.0,0.0,0.0,0.0,False,No cal rebalancejar
weekly_friday,2006-05-19,88.89,positiu,neutral,positiu,positiu,positiu,risc-on,,0,risc-on,False,risc-on,40.0,55.0,5.0,0.0,0.0,0.0,False,No cal rebalancejar
weekly_thursday,2006-05-25,77.78,positiu,negatiu,positiu,positiu,positiu,risc-on,,0,risc-on,False,risc-on,40.0,55.0,5.0,0.0,0.0,0.0,False,No cal rebalancejar
weekly_friday,2006-05-26,88.89,positiu,neutral,positiu,positiu,positiu,risc-on,,0,risc-on,False,risc-on,40.0,55.0,5.0,0.0,0.0,0.0,False,No cal rebalancejar
weekly_thursday,2006-06-01,88.89,positiu,neutral,positiu,positiu,positiu,risc-on,,0,risc-on,False,risc-on,40.0,55.0,5.0,0.0,0.0,0.0,False,No cal rebalancejar
weekly_friday,2006-06-02,88.89,positiu,neutral,positiu,positiu,positiu,risc-on,,0,risc-on,False,risc-on,40.0,55.0,5.0,0.0,0.0,0.0,False,No cal rebalancejar
weekly_thursday,2006-06-08,60.0,neutral,negatiu,positiu,positiu,positiu,normal,normal,1,risc-on,False,risc-on,40.0,55.0,5.0,0.0,0.0,0.0,False,No cal rebalancejar
weekly_friday,2006-06-09,60.0,neutral,negatiu,positiu,positiu,positiu,normal,normal,1,risc-on,False,risc-on,40.0,55.0,5.0,0.0,0.0,0.0,False,No cal rebalancejar
weekly_thursday,2006-06-15,60.0,neutral,negatiu,positiu,positiu,positiu,normal,normal,2,risc-on,False,risc-on,40.0,55.0,5.0,0.0,0.0,0.0,False,No cal rebalancejar
weekly_friday,2006-06-16,60.0,neutral,negatiu,positiu,positiu,positiu,normal,normal,2,risc-on,False,risc-on,40.0,55.0,5.0,0.0,0.0,0.0,False,No cal rebalancejar
weekly_thursday,2006-06-22,60.0,neutral,negatiu,positiu,positiu,positiu,normal,normal,3,risc-on,False,risc-on,40.0,55.0,5.0,0.0,0.0,0.0,False,No cal rebalancejar
weekly_friday,2006-06-23,60.0,neutral,negatiu,positiu,positiu,positiu,normal,normal,3,risc-on,False,risc-on,40.0,55.0,5.0,0.0,0.0,0.0,False,No cal rebalancejar
weekly_thursday,2006-06-29,60.0,neutral,negatiu,positiu,positiu,positiu,normal,,0,normal,False,normal,60.0,25.0,15.0,20.0,-30.0,10.0,True,Comprar 20 pp MSCI World; Vendre 30 pp Nasdaq; Comprar 10 pp Monetari
weekly_friday,2006-06-30,60.0,neutral,negatiu,positiu,positiu,positiu,normal,,0,normal,False,normal,60.0,25.0,15.0,20.0,-30.0,10.0,True,Comprar 20 pp MSCI World; Vendre 30 pp Nasdaq; Comprar 10 pp Monetari
weekly_thursday,2006-07-06,60.0,neutral,negatiu,positiu,positiu,positiu,normal,,0,normal,False,normal,60.0,25.0,15.0,0.0,0.0,0.0,False,No cal rebalancejar
weekly_friday,2006-07-07,60.0,neutral,negatiu,positiu,positiu,positiu,normal,,0,normal,False,normal,60.0,25.0,15.0,0.0,0.0,0.0,False,No cal rebalancejar
weekly_thursday,2006-07-13,60.0,neutral,negatiu,positiu,positiu,positiu,normal,,0,normal,False,normal,60.0,25.0,15.0,0.0,0.0,0.0,False,No cal rebalancejar
weekly_friday,2006-07-14,60.0,neutral,negatiu,positiu,positiu,positiu,normal,,0,normal,False,normal,60.0,25.0,15.0,0.0,0.0,0.0,False,No cal rebalancejar
weekly_thursday,2006-07-20,60.0,neutral,negatiu,positiu,positiu,positiu,normal,,0,normal,False,normal,60.0,25.0,15.0,0.0,0.0,0.0,False,No cal rebalancejar
weekly_friday,2006-07-21,60.0,neutral,negatiu,positiu,positiu,positiu,normal,,0,normal,False,normal,60.0,25.0,15.0,0.0,0.0,0.0,False,No cal rebalancejar
weekly_thursday,2006-07-27,60.0,neutral,negatiu,positiu,positiu,positiu,normal,,0,normal,False,normal,60.0,25.0,15.0,0.0,0.0,0.0,False,No cal rebalancejar
weekly_friday,2006-07-28,60.0,neutral,negatiu,positiu,positiu,positiu,normal,,0,normal,False,normal,60.0,25.0,15.0,0.0,0.0,0.0,False,No cal rebalancejar
weekly_thursday,2006-08-03,60.0,neutral,negatiu,positiu,positiu,positiu,normal,,0,normal,False,normal,60.0,25.0,15.0,0.0,0.0,0.0,False,No cal rebalancejar
weekly_friday,2006-08-04,60.0,neutral,negatiu,positiu,positiu,positiu,normal,,0,normal,False,normal,60.0,25.0,15.0,0.0,0.0,0.0,False,No cal rebalancejar
weekly_thursday,2006-08-10,60.0,neutral,negatiu,positiu,positiu,positiu,normal,,0,normal,False,normal,60.0,25.0,15.0,0.0,0.0,0.0,False,No cal rebalancejar
weekly_friday,2006-08-11,60.0,neutral,negatiu,positiu,positiu,positiu,normal,,0,normal,False,normal,60.0,25.0,15.0,0.0,0.0,0.0,False,No cal rebalancejar
weekly_thursday,2006-08-17,77.78,positiu,negatiu,positiu,positiu,positiu,risc-on,risc-on,1,normal,False,normal,60.0,25.0,15.0,0.0,0.0,0.0,False,No cal rebalancejar
weekly_friday,2006-08-18,77.78,positiu,negatiu,positiu,positiu,positiu,risc-on,risc-on,1,normal,False,normal,60.0,25.0,15.0,0.0,0.0,0.0,False,No cal rebalancejar
weekly_thursday,2006-08-24,60.0,neutral,negatiu,positiu,positiu,positiu,normal,,0,normal,False,normal,60.0,25.0,15.0,0.0,0.0,0.0,False,No cal rebalancejar
weekly_friday,2006-08-25,60.0,neutral,negatiu,positiu,positiu,positiu,normal,,0,normal,False,normal,60.0,25.0,15.0,0.0,0.0,0.0,False,No cal rebalancejar
weekly_thursday,2006-08-31,77.78,positiu,negatiu,positiu,positiu,positiu,risc-on,risc-on,1,normal,False,normal,60.0,25.0,15.0,0.0,0.0,0.0,False,No cal rebalancejar
weekly_friday,2006-09-01,88.89,positiu,neutral,positiu,positiu,positiu,risc-on,risc-on,1,normal,False,normal,60.0,25.0,15.0,0.0,0.0,0.0,False,No cal rebalancejar
weekly_thursday,2006-09-07,60.0,neutral,negatiu,positiu,positiu,positiu,normal,,0,normal,False,normal,60.0,25.0,15.0,0.0,0.0,0.0,False,No cal rebalancejar
weekly_friday,2006-09-08,60.0,neutral,negatiu,positiu,positiu,positiu,normal,,0,normal,False,normal,60.0,25.0,15.0,0.0,0.0,0.0,False,No cal rebalancejar
weekly_thursday,2006-09-14,71.11,neutral,neutral,positiu,positiu,positiu,normal,,0,normal,False,normal,60.0,25.0,15.0,0.0,0.0,0.0,False,No cal rebalancejar
weekly_friday,2006-09-15,71.11,neutral,neutral,positiu,positiu,positiu,normal,,0,normal,False,normal,60.0,25.0,15.0,0.0,0.0,0.0,False,No cal rebalancejar
weekly_thursday,2006-09-21,88.89,positiu,neutral,positiu,positiu,positiu,risc-on,risc-on,1,normal,False,normal,60.0,25.0,15.0,0.0,0.0,0.0,False,No cal rebalancejar
weekly_friday,2006-09-22,71.11,neutral,neutral,positiu,positiu,positiu,normal,,0,normal,False,normal,60.0,25.0,15.0,0.0,0.0,0.0,False,No cal rebalancejar
weekly_thursday,2006-09-28,88.89,positiu,neutral,positiu,positiu,positiu,risc-on,risc-on,2,normal,False,normal,60.0,25.0,15.0,0.0,0.0,0.0,False,No cal rebalancejar
weekly_friday,2006-09-29,88.89,positiu,neutral,positiu,positiu,positiu,risc-on,risc-on,1,normal,False,normal,60.0,25.0,15.0,0.0,0.0,0.0,False,No cal rebalancejar
weekly_thursday,2006-10-05,100.0,positiu,positiu,positiu,positiu,positiu,risc-on,risc-on,3,normal,False,normal,60.0,25.0,15.0,0.0,0.0,0.0,False,No cal rebalancejar
weekly_friday,2006-10-06,100.0,positiu,positiu,positiu,positiu,positiu,risc-on,risc-on,2,normal,False,normal,60.0,25.0,15.0,0.0,0.0,0.0,False,No cal rebalancejar
weekly_thursday,2006-10-12,100.0,positiu,positiu,positiu,positiu,positiu,risc-on,,0,risc-on,False,risc-on,40.0,55.0,5.0,-20.0,30.0,-10.0,True,Vendre 20 pp MSCI World; Comprar 30 pp Nasdaq; Vendre 10 pp Monetari
weekly_friday,2006-10-13,100.0,positiu,positiu,positiu,positiu,positiu,risc-on,risc-on,3,normal,False,normal,60.0,25.0,15.0,0.0,0.0,0.0,False,No cal rebalancejar
weekly_thursday,2006-10-19,100.0,positiu,positiu,positiu,positiu,positiu,risc-on,,0,risc-on,False,risc-on,40.0,55.0,5.0,-20.0,30.0,-10.0,True,Vendre 20 pp MSCI World; Comprar 30 pp Nasdaq; Vendre 10 pp Monetari
weekly_friday,2006-10-20,100.0,positiu,positiu,positiu,positiu,positiu,risc-on,,0,risc-on,False,risc-on,40.0,55.0,5.0,-20.0,30.0,-10.0,True,Vendre 20 pp MSCI World; Comprar 30 pp Nasdaq; Vendre 10 pp Monetari
weekly_thursday,2006-10-26,100.0,positiu,positiu,positiu,positiu,positiu,risc-on,,0,risc-on,False,risc-on,40.0,55.0,5.0,0.0,0.0,0.0,False,No cal rebalancejar
weekly_friday,2006-10-27,100.0,positiu,positiu,positiu,positiu,positiu,risc-on,,0,risc-on,False,risc-on,40.0,55.0,5.0,0.0,0.0,0.0,False,No cal rebalancejar
weekly_thursday,2006-11-02,100.0,positiu,positiu,positiu,positiu,positiu,risc-on,,0,risc-on,False,risc-on,40.0,55.0,5.0,0.0,0.0,0.0,False,No cal rebalancejar
weekly_friday,2006-11-03,100.0,positiu,positiu,positiu,positiu,positiu,risc-on,,0,risc-on,False,risc-on,40.0,55.0,5.0,0.0,0.0,0.0,False,No cal rebalancejar
weekly_thursday,2006-11-09,100.0,positiu,positiu,positiu,positiu,positiu,risc-on,,0,risc-on,False,risc-on,40.0,55.0,5.0,0.0,0.0,0.0,False,No cal rebalancejar
weekly_friday,2006-11-10,100.0,positiu,positiu,positiu,positiu,positiu,risc-on,,0,risc-on,False,risc-on,40.0,55.0,5.0,0.0,0.0,0.0,False,No cal rebalancejar
weekly_thursday,2006-11-16,100.0,positiu,positiu,positiu,positiu,positiu,risc-on,,0,risc-on,False,risc-on,40.0,55.0,5.0,0.0,0.0,0.0,False,No cal rebalancejar
weekly_friday,2006-11-17,100.0,positiu,positiu,positiu,positiu,positiu,risc-on,,0,risc-on,False,risc-on,40.0,55.0,5.0,0.0,0.0,0.0,False,No cal rebalancejar
weekly_thursday,2006-11-23,100.0,positiu,positiu,positiu,positiu,positiu,risc-on,,0,risc-on,False,risc-on,40.0,55.0,5.0,0.0,0.0,0.0,False,No cal rebalancejar
weekly_friday,2006-11-24,100.0,positiu,positiu,positiu,positiu,positiu,risc-on,,0,risc-on,False,risc-on,40.0,55.0,5.0,0.0,0.0,0.0,False,No cal rebalancejar
weekly_thursday,2006-11-30,100.0,positiu,positiu,positiu,positiu,positiu,risc-on,,0,risc-on,False,risc-on,40.0,55.0,5.0,0.0,0.0,0.0,False,No cal rebalancejar
weekly_friday,2006-12-01,100.0,positiu,positiu,positiu,positiu,positiu,risc-on,,0,risc-on,False,risc-on,40.0,55.0,5.0,0.0,0.0,0.0,False,No cal rebalancejar
weekly_thursday,2006-12-07,100.0,positiu,positiu,positiu,positiu,positiu,risc-on,,0,risc-on,False,risc-on,40.0,55.0,5.0,0.0,0.0,0.0,False,No cal rebalancejar
weekly_friday,2006-12-08,100.0,positiu,positiu,positiu,positiu,positiu,risc-on,,0,risc-on,False,risc-on,40.0,55.0,5.0,0.0,0.0,0.0,False,No cal rebalancejar
weekly_thursday,2006-12-14,100.0,positiu,positiu,positiu,positiu,positiu,risc-on,,0,risc-on,False,risc-on,40.0,55.0,5.0,0.0,0.0,0.0,False,No cal rebalancejar
weekly_friday,2006-12-15,100.0,positiu,positiu,positiu,positiu,positiu,risc-on,,0,risc-on,False,risc-on,40.0,55.0,5.0,0.0,0.0,0.0,False,No cal rebalancejar
weekly_thursday,2006-12-21,100.0,positiu,positiu,positiu,positiu,positiu,risc-on,,0,risc-on,False,risc-on,40.0,55.0,5.0,0.0,0.0,0.0,False,No cal rebalancejar
weekly_friday,2006-12-22,100.0,positiu,positiu,positiu,positiu,positiu,risc-on,,0,risc-on,False,risc-on,40.0,55.0,5.0,0.0,0.0,0.0,False,No cal rebalancejar
weekly_thursday,2006-12-28,100.0,positiu,positiu,positiu,positiu,positiu,risc-on,,0,risc-on,False,risc-on,40.0,55.0,5.0,0.0,0.0,0.0,False,No cal rebalancejar
weekly_friday,2006-12-29,100.0,positiu,positiu,positiu,positiu,positiu,risc-on,,0,risc-on,False,risc-on,40.0,55.0,5.0,0.0,0.0,0.0,False,No cal rebalancejar
weekly_thursday,2007-01-04,100.0,positiu,positiu,positiu,positiu,positiu,risc-on,,0,risc-on,False,risc-on,40.0,55.0,5.0,0.0,0.0,0.0,False,No cal rebalancejar
weekly_friday,2007-01-05,100.0,positiu,positiu,positiu,positiu,positiu,risc-on,,0,risc-on,False,risc-on,40.0,55.0,5.0,0.0,0.0,0.0,False,No cal rebalancejar
weekly_thursday,2007-01-11,100.0,positiu,positiu,positiu,positiu,positiu,risc-on,,0,risc-on,False,risc-on,40.0,55.0,5.0,0.0,0.0,0.0,False,No cal rebalancejar
weekly_friday,2007-01-12,100.0,positiu,positiu,positiu,positiu,positiu,risc-on,,0,risc-on,False,risc-on,40.0,55.0,5.0,0.0,0.0,0.0,False,No cal rebalancejar
weekly_thursday,2007-01-18,100.0,positiu,positiu,positiu,positiu,positiu,risc-on,,0,risc-on,False,risc-on,40.0,55.0,5.0,0.0,0.0,0.0,False,No cal rebalancejar
weekly_friday,2007-01-19,100.0,positiu,positiu,positiu,positiu,positiu,risc-on,,0,risc-on,False,risc-on,40.0,55.0,5.0,0.0,0.0,0.0,False,No cal rebalancejar
weekly_thursday,2007-01-25,100.0,positiu,positiu,positiu,positiu,positiu,risc-on,,0,risc-on,False,risc-on,40.0,55.0,5.0,0.0,0.0,0.0,False,No cal rebalancejar
weekly_friday,2007-01-26,100.0,positiu,positiu,positiu,positiu,positiu,risc-on,,0,risc-on,False,risc-on,40.0,55.0,5.0,0.0,0.0,0.0,False,No cal rebalancejar
weekly_thursday,2007-02-01,100.0,positiu,positiu,positiu,positiu,positiu,risc-on,,0,risc-on,False,risc-on,40.0,55.0,5.0,0.0,0.0,0.0,False,No cal rebalancejar
weekly_friday,2007-02-02,100.0,positiu,positiu,positiu,positiu,positiu,risc-on,,0,risc-on,False,risc-on,40.0,55.0,5.0,0.0,0.0,0.0,False,No cal rebalancejar
weekly_thursday,2007-02-08,100.0,positiu,positiu,positiu,positiu,positiu,risc-on,,0,risc-on,False,risc-on,40.0,55.0,5.0,0.0,0.0,0.0,False,No cal rebalancejar
weekly_friday,2007-02-09,100.0,positiu,positiu,positiu,positiu,positiu,risc-on,,0,risc-on,False,risc-on,40.0,55.0,5.0,0.0,0.0,0.0,False,No cal rebalancejar
weekly_thursday,2007-02-15,100.0,positiu,positiu,positiu,positiu,positiu,risc-on,,0,risc-on,False,risc-on,40.0,55.0,5.0,0.0,0.0,0.0,False,No cal rebalancejar
weekly_friday,2007-02-16,100.0,positiu,positiu,positiu,positiu,positiu,risc-on,,0,risc-on,False,risc-on,40.0,55.0,5.0,0.0,0.0,0.0,False,No cal rebalancejar
weekly_thursday,2007-02-22,100.0,positiu,positiu,positiu,positiu,positiu,risc-on,,0,risc-on,False,risc-on,40.0,55.0,5.0,0.0,0.0,0.0,False,No cal rebalancejar
weekly_friday,2007-02-23,100.0,positiu,positiu,positiu,positiu,positiu,risc-on,,0,risc-on,False,risc-on,40.0,55.0,5.0,0.0,0.0,0.0,False,No cal rebalancejar
weekly_thursday,2007-03-01,100.0,positiu,positiu,positiu,positiu,positiu,risc-on,,0,risc-on,False,risc-on,40.0,55.0,5.0,0.0,0.0,0.0,False,No cal rebalancejar
weekly_friday,2007-03-02,100.0,positiu,positiu,positiu,positiu,positiu,risc-on,,0,risc-on,False,risc-on,40.0,55.0,5.0,0.0,0.0,0.0,False,No cal rebalancejar
weekly_thursday,2007-03-08,100.0,positiu,positiu,positiu,positiu,positiu,risc-on,,0,risc-on,False,risc-on,40.0,55.0,5.0,0.0,0.0,0.0,False,No cal rebalancejar
weekly_friday,2007-03-09,100.0,positiu,positiu,positiu,positiu,positiu,risc-on,,0,risc-on,False,risc-on,40.0,55.0,5.0,0.0,0.0,0.0,False,No cal rebalancejar
weekly_thursday,2007-03-15,90.0,positiu,positiu,positiu,positiu,neutral,risc-on,,0,risc-on,False,risc-on,40.0,55.0,5.0,0.0,0.0,0.0,False,No cal rebalancejar
weekly_friday,2007-03-16,100.0,positiu,positiu,positiu,positiu,positiu,risc-on,,0,risc-on,False,risc-on,40.0,55.0,5.0,0.0,0.0,0.0,False,No cal rebalancejar
weekly_thursday,2007-03-22,90.0,positiu,positiu,positiu,positiu,neutral,risc-on,,0,risc-on,False,risc-on,40.0,55.0,5.0,0.0,0.0,0.0,False,No cal rebalancejar
weekly_friday,2007-03-23,100.0,positiu,positiu,positiu,positiu,positiu,risc-on,,0,risc-on,False,risc-on,40.0,55.0,5.0,0.0,0.0,0.0,False,No cal rebalancejar
weekly_thursday,2007-03-29,90.0,positiu,positiu,positiu,positiu,neutral,risc-on,,0,risc-on,False,risc-on,40.0,55.0,5.0,0.0,0.0,0.0,False,No cal rebalancejar
weekly_friday,2007-03-30,90.0,positiu,positiu,positiu,positiu,neutral,risc-on,,0,risc-on,False,risc-on,40.0,55.0,5.0,0.0,0.0,0.0,False,No cal rebalancejar
weekly_thursday,2007-04-05,90.0,positiu,positiu,positiu,positiu,neutral,risc-on,,0,risc-on,False,risc-on,40.0,55.0,5.0,0.0,0.0,0.0,False,No cal rebalancejar
weekly_friday,2007-04-06,90.0,positiu,positiu,positiu,positiu,neutral,risc-on,,0,risc-on,False,risc-on,40.0,55.0,5.0,0.0,0.0,0.0,False,No cal rebalancejar
weekly_thursday,2007-04-12,90.0,positiu,positiu,positiu,positiu,neutral,risc-on,,0,risc-on,False,risc-on,40.0,55.0,5.0,0.0,0.0,0.0,False,No cal rebalancejar
weekly_friday,2007-04-13,100.0,positiu,positiu,positiu,positiu,positiu,risc-on,,0,risc-on,False,risc-on,40.0,55.0,5.0,0.0,0.0,0.0,False,No cal rebalancejar
weekly_thursday,2007-04-19,100.0,positiu,positiu,positiu,positiu,positiu,risc-on,,0,risc-on,False,risc-on,40.0,55.0,5.0,0.0,0.0,0.0,False,No cal rebalancejar
weekly_friday,2007-04-20,100.0,positiu,positiu,positiu,positiu,positiu,risc-on,,0,risc-on,False,risc-on,40.0,55.0,5.0,0.0,0.0,0.0,False,No cal rebalancejar
weekly_thursday,2007-04-26,100.0,positiu,positiu,positiu,positiu,positiu,risc-on,,0,risc-on,False,risc-on,40.0,55.0,5.0,0.0,0.0,0.0,False,No cal rebalancejar
weekly_friday,2007-04-27,100.0,positiu,positiu,positiu,positiu,positiu,risc-on,,0,risc-on,False,risc-on,40.0,55.0,5.0,0.0,0.0,0.0,False,No cal rebalancejar
weekly_thursday,2007-05-03,100.0,positiu,positiu,positiu,positiu,positiu,risc-on,,0,risc-on,False,risc-on,40.0,55.0,5.0,0.0,0.0,0.0,False,No cal rebalancejar
weekly_friday,2007-05-04,100.0,positiu,positiu,positiu,positiu,positiu,risc-on,,0,risc-on,False,risc-on,40.0,55.0,5.0,0.0,0.0,0.0,False,No cal rebalancejar
weekly_thursday,2007-05-10,100.0,positiu,positiu,positiu,positiu,positiu,risc-on,,0,risc-on,False,risc-on,40.0,55.0,5.0,0.0,0.0,0.0,False,No cal rebalancejar
weekly_friday,2007-05-11,90.0,positiu,positiu,positiu,positiu,neutral,risc-on,,0,risc-on,False,risc-on,40.0,55.0,5.0,0.0,0.0,0.0,False,No cal rebalancejar
weekly_thursday,2007-05-17,100.0,positiu,positiu,positiu,positiu,positiu,risc-on,,0,risc-on,False,risc-on,40.0,55.0,5.0,0.0,0.0,0.0,False,No cal rebalancejar
weekly_friday,2007-05-18,100.0,positiu,positiu,positiu,positiu,positiu,risc-on,,0,risc-on,False,risc-on,40.0,55.0,5.0,0.0,0.0,0.0,False,No cal rebalancejar
weekly_thursday,2007-05-24,100.0,positiu,positiu,positiu,positiu,positiu,risc-on,,0,risc-on,False,risc-on,40.0,55.0,5.0,0.0,0.0,0.0,False,No cal rebalancejar
weekly_friday,2007-05-25,90.0,positiu,positiu,positiu,positiu,neutral,risc-on,,0,risc-on,False,risc-on,40.0,55.0,5.0,0.0,0.0,0.0,False,No cal rebalancejar
weekly_thursday,2007-05-31,90.0,positiu,positiu,positiu,positiu,neutral,risc-on,,0,risc-on,False,risc-on,40.0,55.0,5.0,0.0,0.0,0.0,False,No cal rebalancejar
weekly_friday,2007-06-01,100.0,positiu,positiu,positiu,positiu,positiu,risc-on,,0,risc-on,False,risc-on,40.0,55.0,5.0,0.0,0.0,0.0,False,No cal rebalancejar
weekly_thursday,2007-06-07,100.0,positiu,positiu,positiu,positiu,positiu,risc-on,,0,risc-on,False,risc-on,40.0,55.0,5.0,0.0,0.0,0.0,False,No cal rebalancejar
weekly_friday,2007-06-08,90.0,positiu,positiu,positiu,positiu,neutral,risc-on,,0,risc-on,False,risc-on,40.0,55.0,5.0,0.0,0.0,0.0,False,No cal rebalancejar
weekly_thursday,2007-06-14,90.0,positiu,positiu,positiu,positiu,neutral,risc-on,,0,risc-on,False,risc-on,40.0,55.0,5.0,0.0,0.0,0.0,False,No cal rebalancejar
weekly_friday,2007-06-15,90.0,positiu,positiu,positiu,positiu,neutral,risc-on,,0,risc-on,False,risc-on,40.0,55.0,5.0,0.0,0.0,0.0,False,No cal rebalancejar
weekly_thursday,2007-06-21,90.0,positiu,positiu,positiu,positiu,neutral,risc-on,,0,risc-on,False,risc-on,40.0,55.0,5.0,0.0,0.0,0.0,False,No cal rebalancejar
weekly_friday,2007-06-22,90.0,positiu,positiu,positiu,positiu,neutral,risc-on,,0,risc-on,False,risc-on,40.0,55.0,5.0,0.0,0.0,0.0,False,No cal rebalancejar
weekly_thursday,2007-06-28,90.0,positiu,positiu,positiu,positiu,neutral,risc-on,,0,risc-on,False,risc-on,40.0,55.0,5.0,0.0,0.0,0.0,False,No cal rebalancejar
weekly_friday,2007-06-29,90.0,positiu,positiu,positiu,positiu,neutral,risc-on,,0,risc-on,False,risc-on,40.0,55.0,5.0,0.0,0.0,0.0,False,No cal rebalancejar
weekly_thursday,2007-07-05,90.0,positiu,positiu,positiu,positiu,neutral,risc-on,,0,risc-on,False,risc-on,40.0,55.0,5.0,0.0,0.0,0.0,False,No cal rebalancejar
weekly_friday,2007-07-06,90.0,positiu,positiu,positiu,positiu,neutral,risc-on,,0,risc-on,False,risc-on,40.0,55.0,5.0,0.0,0.0,0.0,False,No cal rebalancejar
weekly_thursday,2007-07-12,90.0,positiu,positiu,positiu,positiu,neutral,risc-on,,0,risc-on,False,risc-on,40.0,55.0,5.0,0.0,0.0,0.0,False,No cal rebalancejar
weekly_friday,2007-07-13,90.0,positiu,positiu,positiu,positiu,neutral,risc-on,,0,risc-on,False,risc-on,40.0,55.0,5.0,0.0,0.0,0.0,False,No cal rebalancejar
weekly_thursday,2007-07-19,90.0,positiu,positiu,positiu,positiu,neutral,risc-on,,0,risc-on,False,risc-on,40.0,55.0,5.0,0.0,0.0,0.0,False,No cal rebalancejar
weekly_friday,2007-07-20,90.0,positiu,positiu,positiu,positiu,neutral,risc-on,,0,risc-on,False,risc-on,40.0,55.0,5.0,0.0,0.0,0.0,False,No cal rebalancejar
weekly_thursday,2007-07-26,90.0,positiu,positiu,positiu,positiu,neutral,risc-on,,0,risc-on,False,risc-on,40.0,55.0,5.0,0.0,0.0,0.0,False,No cal rebalancejar
weekly_friday,2007-07-27,72.22,neutral,positiu,positiu,positiu,neutral,risc-on,,0,risc-on,False,risc-on,40.0,55.0,5.0,0.0,0.0,0.0,False,No cal rebalancejar
weekly_thursday,2007-08-02,72.22,neutral,positiu,positiu,positiu,neutral,risc-on,,0,risc-on,False,risc-on,40.0,55.0,5.0,0.0,0.0,0.0,False,No cal rebalancejar
weekly_friday,2007-08-03,72.22,neutral,positiu,positiu,positiu,neutral,risc-on,,0,risc-on,False,risc-on,40.0,55.0,5.0,0.0,0.0,0.0,False,No cal rebalancejar
weekly_thursday,2007-08-09,72.22,neutral,positiu,positiu,positiu,neutral,risc-on,,0,risc-on,False,risc-on,40.0,55.0,5.0,0.0,0.0,0.0,False,No cal rebalancejar
weekly_friday,2007-08-10,82.22,neutral,positiu,positiu,positiu,positiu,risc-on,,0,risc-on,False,risc-on,40.0,55.0,5.0,0.0,0.0,0.0,False,No cal rebalancejar
weekly_thursday,2007-08-16,53.33,negatiu,neutral,positiu,positiu,positiu,normal,normal,1,risc-on,False,risc-on,40.0,55.0,5.0,0.0,0.0,0.0,False,No cal rebalancejar
weekly_friday,2007-08-17,71.11,neutral,neutral,positiu,positiu,positiu,risc-on,,0,risc-on,False,risc-on,40.0,55.0,5.0,0.0,0.0,0.0,False,No cal rebalancejar
weekly_thursday,2007-08-23,82.22,neutral,positiu,positiu,positiu,positiu,risc-on,,0,risc-on,False,risc-on,40.0,55.0,5.0,0.0,0.0,0.0,False,No cal rebalancejar
weekly_friday,2007-08-24,72.22,neutral,positiu,positiu,positiu,neutral,risc-on,,0,risc-on,False,risc-on,40.0,55.0,5.0,0.0,0.0,0.0,False,No cal rebalancejar
weekly_thursday,2007-08-30,82.22,neutral,positiu,positiu,positiu,positiu,risc-on,,0,risc-on,False,risc-on,40.0,55.0,5.0,0.0,0.0,0.0,False,No cal rebalancejar
weekly_friday,2007-08-31,82.22,neutral,positiu,positiu,positiu,positiu,risc-on,,0,risc-on,False,risc-on,40.0,55.0,5.0,0.0,0.0,0.0,False,No cal rebalancejar
weekly_thursday,2007-09-06,82.22,neutral,positiu,positiu,positiu,positiu,risc-on,,0,risc-on,False,risc-on,40.0,55.0,5.0,0.0,0.0,0.0,False,No cal rebalancejar
weekly_friday,2007-09-07,82.22,neutral,positiu,positiu,positiu,positiu,risc-on,,0,risc-on,False,risc-on,40.0,55.0,5.0,0.0,0.0,0.0,False,No cal rebalancejar
weekly_thursday,2007-09-13,72.22,neutral,positiu,positiu,positiu,neutral,risc-on,,0,risc-on,False,risc-on,40.0,55.0,5.0,0.0,0.0,0.0,False,No cal rebalancejar
weekly_friday,2007-09-14,72.22,neutral,positiu,positiu,positiu,neutral,risc-on,,0,risc-on,False,risc-on,40.0,55.0,5.0,0.0,0.0,0.0,False,No cal rebalancejar
weekly_thursday,2007-09-20,100.0,positiu,positiu,positiu,positiu,positiu,risc-on,,0,risc-on,False,risc-on,40.0,55.0,5.0,0.0,0.0,0.0,False,No cal rebalancejar
weekly_friday,2007-09-21,100.0,positiu,positiu,positiu,positiu,positiu,risc-on,,0,risc-on,False,risc-on,40.0,55.0,5.0,0.0,0.0,0.0,False,No cal rebalancejar
weekly_thursday,2007-09-27,100.0,positiu,positiu,positiu,positiu,positiu,risc-on,,0,risc-on,False,risc-on,40.0,55.0,5.0,0.0,0.0,0.0,False,No cal rebalancejar
weekly_friday,2007-09-28,100.0,positiu,positiu,positiu,positiu,positiu,risc-on,,0,risc-on,False,risc-on,40.0,55.0,5.0,0.0,0.0,0.0,False,No cal rebalancejar
weekly_thursday,2007-10-04,100.0,positiu,positiu,positiu,positiu,positiu,risc-on,,0,risc-on,False,risc-on,40.0,55.0,5.0,0.0,0.0,0.0,False,No cal rebalancejar
weekly_friday,2007-10-05,100.0,positiu,positiu,positiu,positiu,positiu,risc-on,,0,risc-on,False,risc-on,40.0,55.0,5.0,0.0,0.0,0.0,False,No cal rebalancejar
weekly_thursday,2007-10-11,100.0,positiu,positiu,positiu,positiu,positiu,risc-on,,0,risc-on,False,risc-on,40.0,55.0,5.0,0.0,0.0,0.0,False,No cal rebalancejar
weekly_friday,2007-10-12,100.0,positiu,positiu,positiu,positiu,positiu,risc-on,,0,risc-on,False,risc-on,40.0,55.0,5.0,0.0,0.0,0.0,False,No cal rebalancejar
weekly_thursday,2007-10-18,100.0,positiu,positiu,positiu,positiu,positiu,risc-on,,0,risc-on,False,risc-on,40.0,55.0,5.0,0.0,0.0,0.0,False,No cal rebalancejar
weekly_friday,2007-10-19,100.0,positiu,positiu,positiu,positiu,positiu,risc-on,,0,risc-on,False,risc-on,40.0,55.0,5.0,0.0,0.0,0.0,False,No cal rebalancejar
weekly_thursday,2007-10-25,100.0,positiu,positiu,positiu,positiu,positiu,risc-on,,0,risc-on,False,risc-on,40.0,55.0,5.0,0.0,0.0,0.0,False,No cal rebalancejar
weekly_friday,2007-10-26,100.0,positiu,positiu,positiu,positiu,positiu,risc-on,,0,risc-on,False,risc-on,40.0,55.0,5.0,0.0,0.0,0.0,False,No cal rebalancejar
weekly_thursday,2007-11-01,100.0,positiu,positiu,positiu,positiu,positiu,risc-on,,0,risc-on,False,risc-on,40.0,55.0,5.0,0.0,0.0,0.0,False,No cal rebalancejar
weekly_friday,2007-11-02,100.0,positiu,positiu,positiu,positiu,positiu,risc-on,,0,risc-on,False,risc-on,40.0,55.0,5.0,0.0,0.0,0.0,False,No cal rebalancejar
weekly_thursday,2007-11-08,82.22,neutral,positiu,positiu,positiu,positiu,risc-on,,0,risc-on,False,risc-on,40.0,55.0,5.0,0.0,0.0,0.0,False,No cal rebalancejar
weekly_friday,2007-11-09,82.22,neutral,positiu,positiu,positiu,positiu,risc-on,,0,risc-on,False,risc-on,40.0,55.0,5.0,0.0,0.0,0.0,False,No cal rebalancejar
weekly_thursday,2007-11-15,82.22,neutral,positiu,positiu,positiu,positiu,risc-on,,0,risc-on,False,risc-on,40.0,55.0,5.0,0.0,0.0,0.0,False,No cal rebalancejar
weekly_friday,2007-11-16,82.22,neutral,positiu,positiu,positiu,positiu,risc-on,,0,risc-on,False,risc-on,40.0,55.0,5.0,0.0,0.0,0.0,False,No cal rebalancejar
weekly_thursday,2007-11-22,82.22,neutral,positiu,positiu,positiu,positiu,risc-on,,0,risc-on,False,risc-on,40.0,55.0,5.0,0.0,0.0,0.0,False,No cal rebalancejar
weekly_friday,2007-11-23,82.22,neutral,positiu,positiu,positiu,positiu,risc-on,,0,risc-on,False,risc-on,40.0,55.0,5.0,0.0,0.0,0.0,False,No cal rebalancejar
weekly_thursday,2007-11-29,82.22,neutral,positiu,positiu,positiu,positiu,risc-on,,0,risc-on,False,risc-on,40.0,55.0,5.0,0.0,0.0,0.0,False,No cal rebalancejar
weekly_friday,2007-11-30,82.22,neutral,positiu,positiu,positiu,positiu,risc-on,,0,risc-on,False,risc-on,40.0,55.0,5.0,0.0,0.0,0.0,False,No cal rebalancejar
weekly_thursday,2007-12-06,82.22,neutral,positiu,positiu,positiu,positiu,risc-on,,0,risc-on,False,risc-on,40.0,55.0,5.0,0.0,0.0,0.0,False,No cal rebalancejar
weekly_friday,2007-12-07,100.0,positiu,positiu,positiu,positiu,positiu,risc-on,,0,risc-on,False,risc-on,40.0,55.0,5.0,0.0,0.0,0.0,False,No cal rebalancejar
weekly_thursday,2007-12-13,82.22,neutral,positiu,positiu,positiu,positiu,risc-on,,0,risc-on,False,risc-on,40.0,55.0,5.0,0.0,0.0,0.0,False,No cal rebalancejar
weekly_friday,2007-12-14,82.22,neutral,positiu,positiu,positiu,positiu,risc-on,,0,risc-on,False,risc-on,40.0,55.0,5.0,0.0,0.0,0.0,False,No cal rebalancejar
weekly_thursday,2007-12-20,82.22,neutral,positiu,positiu,positiu,positiu,risc-on,,0,risc-on,False,risc-on,40.0,55.0,5.0,0.0,0.0,0.0,False,No cal rebalancejar
weekly_friday,2007-12-21,82.22,neutral,positiu,positiu,positiu,positiu,risc-on,,0,risc-on,False,risc-on,40.0,55.0,5.0,0.0,0.0,0.0,False,No cal rebalancejar
weekly_thursday,2007-12-27,82.22,neutral,positiu,positiu,positiu,positiu,risc-on,,0,risc-on,False,risc-on,40.0,55.0,5.0,0.0,0.0,0.0,False,No cal rebalancejar
weekly_friday,2007-12-28,82.22,neutral,positiu,positiu,positiu,positiu,risc-on,,0,risc-on,False,risc-on,40.0,55.0,5.0,0.0,0.0,0.0,False,No cal rebalancejar
weekly_thursday,2008-01-03,82.22,neutral,positiu,positiu,positiu,positiu,risc-on,,0,risc-on,False,risc-on,40.0,55.0,5.0,0.0,0.0,0.0,False,No cal rebalancejar
weekly_friday,2008-01-04,46.66,negatiu,neutral,neutral,positiu,positiu,normal,normal,1,risc-on,False,risc-on,40.0,55.0,5.0,0.0,0.0,0.0,False,No cal rebalancejar
weekly_thursday,2008-01-10,46.66,negatiu,neutral,neutral,positiu,positiu,normal,normal,1,risc-on,False,risc-on,40.0,55.0,5.0,0.0,0.0,0.0,False,No cal rebalancejar
weekly_friday,2008-01-11,35.55,negatiu,negatiu,neutral,positiu,positiu,defensiu,defensiu,1,risc-on,False,risc-on,40.0,55.0,5.0,0.0,0.0,0.0,False,No cal rebalancejar
weekly_thursday,2008-01-17,35.55,negatiu,negatiu,neutral,positiu,positiu,defensiu,defensiu,1,risc-on,False,risc-on,40.0,55.0,5.0,0.0,0.0,0.0,False,No cal rebalancejar
weekly_friday,2008-01-18,35.55,negatiu,negatiu,neutral,positiu,positiu,defensiu,defensiu,2,risc-on,False,risc-on,40.0,55.0,5.0,0.0,0.0,0.0,False,No cal rebalancejar
weekly_thursday,2008-01-24,35.55,negatiu,negatiu,neutral,positiu,positiu,defensiu,defensiu,2,risc-on,False,risc-on,40.0,55.0,5.0,0.0,0.0,0.0,False,No cal rebalancejar
weekly_friday,2008-01-25,35.55,negatiu,negatiu,neutral,positiu,positiu,defensiu,defensiu,3,risc-on,False,risc-on,40.0,55.0,5.0,0.0,0.0,0.0,False,No cal rebalancejar
weekly_thursday,2008-01-31,35.55,negatiu,negatiu,neutral,positiu,positiu,defensiu,defensiu,3,risc-on,False,risc-on,40.0,55.0,5.0,0.0,0.0,0.0,False,No cal rebalancejar
weekly_friday,2008-02-01,35.55,negatiu,negatiu,neutral,positiu,positiu,defensiu,,0,defensiu,False,defensiu,45.0,15.0,40.0,5.0,-40.0,35.0,True,Comprar 5 pp MSCI World; Vendre 40 pp Nasdaq; Comprar 35 pp Monetari
weekly_thursday,2008-02-07,28.89,negatiu,negatiu,negatiu,positiu,positiu,defensiu,,0,defensiu,False,defensiu,45.0,15.0,40.0,0.0,0.0,0.0,False,No cal rebalancejar
weekly_friday,2008-02-08,28.89,negatiu,negatiu,negatiu,positiu,positiu,defensiu,,0,defensiu,False,defensiu,45.0,15.0,40.0,0.0,0.0,0.0,False,No cal rebalancejar
weekly_thursday,2008-02-14,28.89,negatiu,negatiu,negatiu,positiu,positiu,defensiu,,0,defensiu,False,defensiu,45.0,15.0,40.0,0.0,0.0,0.0,False,No cal rebalancejar
weekly_friday,2008-02-15,28.89,negatiu,negatiu,negatiu,positiu,positiu,defensiu,,0,defensiu,False,defensiu,45.0,15.0,40.0,0.0,0.0,0.0,False,No cal rebalancejar
weekly_thursday,2008-02-21,28.89,negatiu,negatiu,negatiu,positiu,positiu,defensiu,,0,defensiu,False,defensiu,45.0,15.0,40.0,0.0,0.0,0.0,False,No cal rebalancejar
weekly_friday,2008-02-22,28.89,negatiu,negatiu,negatiu,positiu,positiu,defensiu,,0,defensiu,False,defensiu,45.0,15.0,40.0,0.0,0.0,0.0,False,No cal rebalancejar
weekly_thursday,2008-02-28,35.55,negatiu,negatiu,neutral,positiu,positiu,defensiu,,0,defensiu,False,defensiu,45.0,15.0,40.0,0.0,0.0,0.0,False,No cal rebalancejar
weekly_friday,2008-02-29,35.55,negatiu,negatiu,neutral,positiu,positiu,defensiu,,0,defensiu,False,defensiu,45.0,15.0,40.0,0.0,0.0,0.0,False,No cal rebalancejar
weekly_thursday,2008-03-06,35.55,negatiu,negatiu,neutral,positiu,positiu,defensiu,,0,defensiu,False,defensiu,45.0,15.0,40.0,0.0,0.0,0.0,False,No cal rebalancejar
weekly_friday,2008-03-07,35.55,negatiu,negatiu,neutral,positiu,positiu,defensiu,,0,defensiu,False,defensiu,45.0,15.0,40.0,0.0,0.0,0.0,False,No cal rebalancejar
weekly_thursday,2008-03-13,35.55,negatiu,negatiu,neutral,positiu,positiu,defensiu,,0,defensiu,False,defensiu,45.0,15.0,40.0,0.0,0.0,0.0,False,No cal rebalancejar
weekly_friday,2008-03-14,35.55,negatiu,negatiu,neutral,positiu,positiu,defensiu,,0,defensiu,False,defensiu,45.0,15.0,40.0,0.0,0.0,0.0,False,No cal rebalancejar
weekly_thursday,2008-03-20,24.45,negatiu,negatiu,negatiu,neutral,positiu,defensiu,,0,defensiu,False,defensiu,45.0,15.0,40.0,0.0,0.0,0.0,False,No cal rebalancejar
weekly_friday,2008-03-21,24.45,negatiu,negatiu,negatiu,neutral,positiu,defensiu,,0,defensiu,False,defensiu,45.0,15.0,40.0,0.0,0.0,0.0,False,No cal rebalancejar
weekly_thursday,2008-03-27,31.11,negatiu,negatiu,neutral,neutral,positiu,defensiu,,0,defensiu,False,defensiu,45.0,15.0,40.0,0.0,0.0,0.0,False,No cal rebalancejar
weekly_friday,2008-03-28,31.11,negatiu,negatiu,neutral,neutral,positiu,defensiu,,0,defensiu,False,defensiu,45.0,15.0,40.0,0.0,0.0,0.0,False,No cal rebalancejar
weekly_thursday,2008-04-03,31.11,negatiu,negatiu,neutral,neutral,positiu,defensiu,,0,defensiu,False,defensiu,45.0,15.0,40.0,0.0,0.0,0.0,False,No cal rebalancejar
weekly_friday,2008-04-04,31.11,negatiu,negatiu,neutral,neutral,positiu,defensiu,,0,defensiu,False,defensiu,45.0,15.0,40.0,0.0,0.0,0.0,False,No cal rebalancejar
weekly_thursday,2008-04-10,31.11,negatiu,negatiu,neutral,neutral,positiu,defensiu,,0,defensiu,False,defensiu,45.0,15.0,40.0,0.0,0.0,0.0,False,No cal rebalancejar
weekly_friday,2008-04-11,24.45,negatiu,negatiu,negatiu,neutral,positiu,defensiu,,0,defensiu,False,defensiu,45.0,15.0,40.0,0.0,0.0,0.0,False,No cal rebalancejar
weekly_thursday,2008-04-17,24.45,negatiu,negatiu,negatiu,neutral,positiu,defensiu,,0,defensiu,False,defensiu,45.0,15.0,40.0,0.0,0.0,0.0,False,No cal rebalancejar
weekly_friday,2008-04-18,48.89,neutral,negatiu,neutral,neutral,positiu,defensiu,,0,defensiu,False,defensiu,45.0,15.0,40.0,0.0,0.0,0.0,False,No cal rebalancejar
weekly_thursday,2008-04-24,57.78,neutral,neutral,negatiu,positiu,positiu,normal,normal,1,defensiu,False,defensiu,45.0,15.0,40.0,0.0,0.0,0.0,False,No cal rebalancejar
weekly_friday,2008-04-25,64.44,neutral,neutral,neutral,positiu,positiu,normal,normal,1,defensiu,False,defensiu,45.0,15.0,40.0,0.0,0.0,0.0,False,No cal rebalancejar
weekly_thursday,2008-05-01,64.44,neutral,neutral,neutral,positiu,positiu,normal,normal,2,defensiu,False,defensiu,45.0,15.0,40.0,0.0,0.0,0.0,False,No cal rebalancejar
weekly_friday,2008-05-02,64.44,neutral,neutral,neutral,positiu,positiu,normal,normal,2,defensiu,False,defensiu,45.0,15.0,40.0,0.0,0.0,0.0,False,No cal rebalancejar
weekly_thursday,2008-05-08,64.44,neutral,neutral,neutral,positiu,positiu,normal,normal,3,defensiu,False,defensiu,45.0,15.0,40.0,0.0,0.0,0.0,False,No cal rebalancejar
weekly_friday,2008-05-09,64.44,neutral,neutral,neutral,positiu,positiu,normal,normal,3,defensiu,False,defensiu,45.0,15.0,40.0,0.0,0.0,0.0,False,No cal rebalancejar
weekly_thursday,2008-05-15,75.56,neutral,positiu,neutral,positiu,positiu,risc-on,risc-on,1,defensiu,False,defensiu,45.0,15.0,40.0,0.0,0.0,0.0,False,No cal rebalancejar
weekly_friday,2008-05-16,75.56,neutral,positiu,neutral,positiu,positiu,risc-on,risc-on,1,defensiu,False,defensiu,45.0,15.0,40.0,0.0,0.0,0.0,False,No cal rebalancejar
weekly_thursday,2008-05-22,64.44,neutral,neutral,neutral,positiu,positiu,normal,normal,1,defensiu,False,defensiu,45.0,15.0,40.0,0.0,0.0,0.0,False,No cal rebalancejar
weekly_friday,2008-05-23,64.44,neutral,neutral,neutral,positiu,positiu,normal,normal,1,defensiu,False,defensiu,45.0,15.0,40.0,0.0,0.0,0.0,False,No cal rebalancejar
weekly_thursday,2008-05-29,68.89,neutral,positiu,negatiu,positiu,positiu,normal,normal,2,defensiu,False,defensiu,45.0,15.0,40.0,0.0,0.0,0.0,False,No cal rebalancejar
weekly_friday,2008-05-30,68.89,neutral,positiu,negatiu,positiu,positiu,normal,normal,2,defensiu,False,defensiu,45.0,15.0,40.0,0.0,0.0,0.0,False,No cal rebalancejar
weekly_thursday,2008-06-05,68.89,neutral,positiu,negatiu,positiu,positiu,normal,normal,3,defensiu,False,defensiu,45.0,15.0,40.0,0.0,0.0,0.0,False,No cal rebalancejar
weekly_friday,2008-06-06,57.78,neutral,neutral,negatiu,positiu,positiu,normal,normal,3,defensiu,False,defensiu,45.0,15.0,40.0,0.0,0.0,0.0,False,No cal rebalancejar
weekly_thursday,2008-06-12,40.0,negatiu,neutral,negatiu,positiu,positiu,defensiu,,0,defensiu,False,defensiu,45.0,15.0,40.0,0.0,0.0,0.0,False,No cal rebalancejar
weekly_friday,2008-06-13,40.0,negatiu,neutral,negatiu,positiu,positiu,defensiu,,0,defensiu,False,defensiu,45.0,15.0,40.0,0.0,0.0,0.0,False,No cal rebalancejar
weekly_thursday,2008-06-19,40.0,negatiu,neutral,negatiu,positiu,positiu,defensiu,,0,defensiu,False,defensiu,45.0,15.0,40.0,0.0,0.0,0.0,False,No cal rebalancejar
weekly_friday,2008-06-20,40.0,negatiu,neutral,negatiu,positiu,positiu,defensiu,,0,defensiu,False,defensiu,45.0,15.0,40.0,0.0,0.0,0.0,False,No cal rebalancejar
weekly_thursday,2008-06-26,28.89,negatiu,negatiu,negatiu,positiu,positiu,defensiu,,0,defensiu,False,defensiu,45.0,15.0,40.0,0.0,0.0,0.0,False,No cal rebalancejar
weekly_friday,2008-06-27,28.89,negatiu,negatiu,negatiu,positiu,positiu,defensiu,,0,defensiu,False,defensiu,45.0,15.0,40.0,0.0,0.0,0.0,False,No cal rebalancejar
weekly_thursday,2008-07-03,28.89,negatiu,negatiu,negatiu,positiu,positiu,defensiu,,0,defensiu,False,defensiu,45.0,15.0,40.0,0.0,0.0,0.0,False,No cal rebalancejar
weekly_friday,2008-07-04,28.89,negatiu,negatiu,negatiu,positiu,positiu,defensiu,,0,defensiu,False,defensiu,45.0,15.0,40.0,0.0,0.0,0.0,False,No cal rebalancejar
weekly_thursday,2008-07-10,28.89,negatiu,negatiu,negatiu,positiu,positiu,defensiu,,0,defensiu,False,defensiu,45.0,15.0,40.0,0.0,0.0,0.0,False,No cal rebalancejar
weekly_friday,2008-07-11,28.89,negatiu,negatiu,negatiu,positiu,positiu,defensiu,,0,defensiu,False,defensiu,45.0,15.0,40.0,0.0,0.0,0.0,False,No cal rebalancejar
weekly_thursday,2008-07-17,28.89,negatiu,negatiu,negatiu,positiu,positiu,defensiu,,0,defensiu,False,defensiu,45.0,15.0,40.0,0.0,0.0,0.0,False,No cal rebalancejar
weekly_friday,2008-07-18,28.89,negatiu,negatiu,negatiu,positiu,positiu,defensiu,,0,defensiu,False,defensiu,45.0,15.0,40.0,0.0,0.0,0.0,False,No cal rebalancejar
weekly_thursday,2008-07-24,28.89,negatiu,negatiu,negatiu,positiu,positiu,defensiu,,0,defensiu,False,defensiu,45.0,15.0,40.0,0.0,0.0,0.0,False,No cal rebalancejar
weekly_friday,2008-07-25,28.89,negatiu,negatiu,negatiu,positiu,positiu,defensiu,,0,defensiu,False,defensiu,45.0,15.0,40.0,0.0,0.0,0.0,False,No cal rebalancejar
weekly_thursday,2008-07-31,28.89,negatiu,negatiu,negatiu,positiu,positiu,defensiu,,0,defensiu,False,defensiu,45.0,15.0,40.0,0.0,0.0,0.0,False,No cal rebalancejar
weekly_friday,2008-08-01,28.89,negatiu,negatiu,negatiu,positiu,positiu,defensiu,,0,defensiu,False,defensiu,45.0,15.0,40.0,0.0,0.0,0.0,False,No cal rebalancejar
weekly_thursday,2008-08-07,40.0,negatiu,neutral,negatiu,positiu,positiu,defensiu,,0,defensiu,False,defensiu,45.0,15.0,40.0,0.0,0.0,0.0,False,No cal rebalancejar
weekly_friday,2008-08-08,40.0,negatiu,neutral,negatiu,positiu,positiu,defensiu,,0,defensiu,False,defensiu,45.0,15.0,40.0,0.0,0.0,0.0,False,No cal rebalancejar
weekly_thursday,2008-08-14,40.0,negatiu,neutral,negatiu,positiu,positiu,defensiu,,0,defensiu,False,defensiu,45.0,15.0,40.0,0.0,0.0,0.0,False,No cal rebalancejar
weekly_friday,2008-08-15,40.0,negatiu,neutral,negatiu,positiu,positiu,defensiu,,0,defensiu,False,defensiu,45.0,15.0,40.0,0.0,0.0,0.0,False,No cal rebalancejar
weekly_thursday,2008-08-21,40.0,negatiu,neutral,negatiu,positiu,positiu,defensiu,,0,defensiu,False,defensiu,45.0,15.0,40.0,0.0,0.0,0.0,False,No cal rebalancejar
weekly_friday,2008-08-22,40.0,negatiu,neutral,negatiu,positiu,positiu,defensiu,,0,defensiu,False,defensiu,45.0,15.0,40.0,0.0,0.0,0.0,False,No cal rebalancejar
weekly_thursday,2008-08-28,40.0,negatiu,neutral,negatiu,positiu,positiu,defensiu,,0,defensiu,False,defensiu,45.0,15.0,40.0,0.0,0.0,0.0,False,No cal rebalancejar
weekly_friday,2008-08-29,40.0,negatiu,neutral,negatiu,positiu,positiu,defensiu,,0,defensiu,False,defensiu,45.0,15.0,40.0,0.0,0.0,0.0,False,No cal rebalancejar
weekly_thursday,2008-09-04,28.89,negatiu,negatiu,negatiu,positiu,positiu,defensiu,,0,defensiu,False,defensiu,45.0,15.0,40.0,0.0,0.0,0.0,False,No cal rebalancejar
weekly_friday,2008-09-05,28.89,negatiu,negatiu,negatiu,positiu,positiu,defensiu,,0,defensiu,False,defensiu,45.0,15.0,40.0,0.0,0.0,0.0,False,No cal rebalancejar
weekly_thursday,2008-09-11,28.89,negatiu,negatiu,negatiu,positiu,positiu,defensiu,,0,defensiu,False,defensiu,45.0,15.0,40.0,0.0,0.0,0.0,False,No cal rebalancejar
weekly_friday,2008-09-12,28.89,negatiu,negatiu,negatiu,positiu,positiu,defensiu,,0,defensiu,False,defensiu,45.0,15.0,40.0,0.0,0.0,0.0,False,No cal rebalancejar
weekly_thursday,2008-09-18,28.89,negatiu,negatiu,negatiu,positiu,positiu,defensiu,,0,defensiu,False,defensiu,45.0,15.0,40.0,0.0,0.0,0.0,False,No cal rebalancejar
weekly_friday,2008-09-19,24.45,negatiu,negatiu,negatiu,neutral,positiu,defensiu,,0,defensiu,False,defensiu,45.0,15.0,40.0,0.0,0.0,0.0,False,No cal rebalancejar
weekly_thursday,2008-09-25,24.45,negatiu,negatiu,negatiu,neutral,positiu,defensiu,,0,defensiu,False,defensiu,45.0,15.0,40.0,0.0,0.0,0.0,False,No cal rebalancejar
weekly_friday,2008-09-26,24.45,negatiu,negatiu,negatiu,neutral,positiu,defensiu,,0,defensiu,False,defensiu,45.0,15.0,40.0,0.0,0.0,0.0,False,No cal rebalancejar
weekly_thursday,2008-10-02,24.45,negatiu,negatiu,negatiu,neutral,positiu,defensiu,,0,defensiu,False,defensiu,45.0,15.0,40.0,0.0,0.0,0.0,False,No cal rebalancejar
weekly_friday,2008-10-03,24.45,negatiu,negatiu,negatiu,neutral,positiu,defensiu,,0,defensiu,False,defensiu,45.0,15.0,40.0,0.0,0.0,0.0,False,No cal rebalancejar
weekly_thursday,2008-10-09,20.0,negatiu,negatiu,negatiu,negatiu,positiu,defensiu,,0,defensiu,False,defensiu,45.0,15.0,40.0,0.0,0.0,0.0,False,No cal rebalancejar
weekly_friday,2008-10-10,20.0,negatiu,negatiu,negatiu,negatiu,positiu,defensiu,,0,defensiu,False,defensiu,45.0,15.0,40.0,0.0,0.0,0.0,False,No cal rebalancejar
weekly_thursday,2008-10-16,20.0,negatiu,negatiu,negatiu,negatiu,positiu,defensiu,,0,defensiu,False,defensiu,45.0,15.0,40.0,0.0,0.0,0.0,False,No cal rebalancejar
weekly_friday,2008-10-17,20.0,negatiu,negatiu,negatiu,negatiu,positiu,defensiu,,0,defensiu,False,defensiu,45.0,15.0,40.0,0.0,0.0,0.0,False,No cal rebalancejar
weekly_thursday,2008-10-23,20.0,negatiu,negatiu,negatiu,negatiu,positiu,defensiu,,0,defensiu,False,defensiu,45.0,15.0,40.0,0.0,0.0,0.0,False,No cal rebalancejar
weekly_friday,2008-10-24,20.0,negatiu,negatiu,negatiu,negatiu,positiu,defensiu,,0,defensiu,False,defensiu,45.0,15.0,40.0,0.0,0.0,0.0,False,No cal rebalancejar
weekly_thursday,2008-10-30,20.0,negatiu,negatiu,negatiu,negatiu,positiu,defensiu,,0,defensiu,False,defensiu,45.0,15.0,40.0,0.0,0.0,0.0,False,No cal rebalancejar
weekly_friday,2008-10-31,20.0,negatiu,negatiu,negatiu,negatiu,positiu,defensiu,,0,defensiu,False,defensiu,45.0,15.0,40.0,0.0,0.0,0.0,False,No cal rebalancejar
weekly_thursday,2008-11-06,20.0,negatiu,negatiu,negatiu,negatiu,positiu,defensiu,,0,defensiu,False,defensiu,45.0,15.0,40.0,0.0,0.0,0.0,False,No cal rebalancejar
weekly_friday,2008-11-07,20.0,negatiu,negatiu,negatiu,negatiu,positiu,defensiu,,0,defensiu,False,defensiu,45.0,15.0,40.0,0.0,0.0,0.0,False,No cal rebalancejar
weekly_thursday,2008-11-13,20.0,negatiu,negatiu,negatiu,negatiu,positiu,defensiu,,0,defensiu,False,defensiu,45.0,15.0,40.0,0.0,0.0,0.0,False,No cal rebalancejar
weekly_friday,2008-11-14,20.0,negatiu,negatiu,negatiu,negatiu,positiu,defensiu,,0,defensiu,False,defensiu,45.0,15.0,40.0,0.0,0.0,0.0,False,No cal rebalancejar
weekly_thursday,2008-11-20,20.0,negatiu,negatiu,negatiu,negatiu,positiu,defensiu,,0,defensiu,False,defensiu,45.0,15.0,40.0,0.0,0.0,0.0,False,No cal rebalancejar
weekly_friday,2008-11-21,20.0,negatiu,negatiu,negatiu,negatiu,positiu,defensiu,,0,defensiu,False,defensiu,45.0,15.0,40.0,0.0,0.0,0.0,False,No cal rebalancejar
weekly_thursday,2008-11-27,20.0,negatiu,negatiu,negatiu,negatiu,positiu,defensiu,,0,defensiu,False,defensiu,45.0,15.0,40.0,0.0,0.0,0.0,False,No cal rebalancejar
weekly_friday,2008-11-28,20.0,negatiu,negatiu,negatiu,negatiu,positiu,defensiu,,0,defensiu,False,defensiu,45.0,15.0,40.0,0.0,0.0,0.0,False,No cal rebalancejar
weekly_thursday,2008-12-04,20.0,negatiu,negatiu,negatiu,negatiu,positiu,defensiu,,0,defensiu,False,defensiu,45.0,15.0,40.0,0.0,0.0,0.0,False,No cal rebalancejar
weekly_friday,2008-12-05,20.0,negatiu,negatiu,negatiu,negatiu,positiu,defensiu,,0,defensiu,False,defensiu,45.0,15.0,40.0,0.0,0.0,0.0,False,No cal rebalancejar
weekly_thursday,2008-12-11,20.0,negatiu,negatiu,negatiu,negatiu,positiu,defensiu,,0,defensiu,False,defensiu,45.0,15.0,40.0,0.0,0.0,0.0,False,No cal rebalancejar
weekly_friday,2008-12-12,20.0,negatiu,negatiu,negatiu,negatiu,positiu,defensiu,,0,defensiu,False,defensiu,45.0,15.0,40.0,0.0,0.0,0.0,False,No cal rebalancejar
weekly_thursday,2008-12-18,20.0,negatiu,negatiu,negatiu,negatiu,positiu,defensiu,,0,defensiu,False,defensiu,45.0,15.0,40.0,0.0,0.0,0.0,False,No cal rebalancejar
weekly_friday,2008-12-19,20.0,negatiu,negatiu,negatiu,negatiu,positiu,defensiu,,0,defensiu,False,defensiu,45.0,15.0,40.0,0.0,0.0,0.0,False,No cal rebalancejar
weekly_thursday,2008-12-25,20.0,negatiu,negatiu,negatiu,negatiu,positiu,defensiu,,0,defensiu,False,defensiu,45.0,15.0,40.0,0.0,0.0,0.0,False,No cal rebalancejar
weekly_friday,2008-12-26,20.0,negatiu,negatiu,negatiu,negatiu,positiu,defensiu,,0,defensiu,False,defensiu,45.0,15.0,40.0,0.0,0.0,0.0,False,No cal rebalancejar
weekly_thursday,2009-01-01,20.0,negatiu,negatiu,negatiu,negatiu,positiu,defensiu,,0,defensiu,False,defensiu,45.0,15.0,40.0,0.0,0.0,0.0,False,No cal rebalancejar
weekly_friday,2009-01-02,20.0,negatiu,negatiu,negatiu,negatiu,positiu,defensiu,,0,defensiu,False,defensiu,45.0,15.0,40.0,0.0,0.0,0.0,False,No cal rebalancejar
weekly_thursday,2009-01-08,20.0,negatiu,negatiu,negatiu,negatiu,positiu,defensiu,,0,defensiu,False,defensiu,45.0,15.0,40.0,0.0,0.0,0.0,False,No cal rebalancejar
weekly_friday,2009-01-09,20.0,negatiu,negatiu,negatiu,negatiu,positiu,defensiu,,0,defensiu,False,defensiu,45.0,15.0,40.0,0.0,0.0,0.0,False,No cal rebalancejar
weekly_thursday,2009-01-15,20.0,negatiu,negatiu,negatiu,negatiu,positiu,defensiu,,0,defensiu,False,defensiu,45.0,15.0,40.0,0.0,0.0,0.0,False,No cal rebalancejar
weekly_friday,2009-01-16,20.0,negatiu,negatiu,negatiu,negatiu,positiu,defensiu,,0,defensiu,False,defensiu,45.0,15.0,40.0,0.0,0.0,0.0,False,No cal rebalancejar
weekly_thursday,2009-01-22,20.0,negatiu,negatiu,negatiu,negatiu,positiu,defensiu,,0,defensiu,False,defensiu,45.0,15.0,40.0,0.0,0.0,0.0,False,No cal rebalancejar
weekly_friday,2009-01-23,20.0,negatiu,negatiu,negatiu,negatiu,positiu,defensiu,,0,defensiu,False,defensiu,45.0,15.0,40.0,0.0,0.0,0.0,False,No cal rebalancejar
weekly_thursday,2009-01-29,20.0,negatiu,negatiu,negatiu,negatiu,positiu,defensiu,,0,defensiu,False,defensiu,45.0,15.0,40.0,0.0,0.0,0.0,False,No cal rebalancejar
weekly_friday,2009-01-30,20.0,negatiu,negatiu,negatiu,negatiu,positiu,defensiu,,0,defensiu,False,defensiu,45.0,15.0,40.0,0.0,0.0,0.0,False,No cal rebalancejar
weekly_thursday,2009-02-05,20.0,negatiu,negatiu,negatiu,negatiu,positiu,defensiu,,0,defensiu,False,defensiu,45.0,15.0,40.0,0.0,0.0,0.0,False,No cal rebalancejar
weekly_friday,2009-02-06,20.0,negatiu,negatiu,negatiu,negatiu,positiu,defensiu,,0,defensiu,False,defensiu,45.0,15.0,40.0,0.0,0.0,0.0,False,No cal rebalancejar
weekly_thursday,2009-02-12,20.0,negatiu,negatiu,negatiu,negatiu,positiu,defensiu,,0,defensiu,False,defensiu,45.0,15.0,40.0,0.0,0.0,0.0,False,No cal rebalancejar
weekly_friday,2009-02-13,20.0,negatiu,negatiu,negatiu,negatiu,positiu,defensiu,,0,defensiu,False,defensiu,45.0,15.0,40.0,0.0,0.0,0.0,False,No cal rebalancejar
weekly_thursday,2009-02-19,20.0,negatiu,negatiu,negatiu,negatiu,positiu,defensiu,,0,defensiu,False,defensiu,45.0,15.0,40.0,0.0,0.0,0.0,False,No cal rebalancejar
weekly_friday,2009-02-20,20.0,negatiu,negatiu,negatiu,negatiu,positiu,defensiu,,0,defensiu,False,defensiu,45.0,15.0,40.0,0.0,0.0,0.0,False,No cal rebalancejar
weekly_thursday,2009-02-26,20.0,negatiu,negatiu,negatiu,negatiu,positiu,defensiu,,0,defensiu,False,defensiu,45.0,15.0,40.0,0.0,0.0,0.0,False,No cal rebalancejar
weekly_friday,2009-02-27,20.0,negatiu,negatiu,negatiu,negatiu,positiu,defensiu,,0,defensiu,False,defensiu,45.0,15.0,40.0,0.0,0.0,0.0,False,No cal rebalancejar
weekly_thursday,2009-03-05,20.0,negatiu,negatiu,negatiu,negatiu,positiu,defensiu,,0,defensiu,False,defensiu,45.0,15.0,40.0,0.0,0.0,0.0,False,No cal rebalancejar
weekly_friday,2009-03-06,20.0,negatiu,negatiu,negatiu,negatiu,positiu,defensiu,,0,defensiu,False,defensiu,45.0,15.0,40.0,0.0,0.0,0.0,False,No cal rebalancejar
weekly_thursday,2009-03-12,20.0,negatiu,negatiu,negatiu,negatiu,positiu,defensiu,,0,defensiu,False,defensiu,45.0,15.0,40.0,0.0,0.0,0.0,False,No cal rebalancejar
weekly_friday,2009-03-13,20.0,negatiu,negatiu,negatiu,negatiu,positiu,defensiu,,0,defensiu,False,defensiu,45.0,15.0,40.0,0.0,0.0,0.0,False,No cal rebalancejar
weekly_thursday,2009-03-19,20.0,negatiu,negatiu,negatiu,negatiu,positiu,defensiu,,0,defensiu,False,defensiu,45.0,15.0,40.0,0.0,0.0,0.0,False,No cal rebalancejar
weekly_friday,2009-03-20,20.0,negatiu,negatiu,negatiu,negatiu,positiu,defensiu,,0,defensiu,False,defensiu,45.0,15.0,40.0,0.0,0.0,0.0,False,No cal rebalancejar
weekly_thursday,2009-03-26,20.0,negatiu,negatiu,negatiu,negatiu,positiu,defensiu,,0,defensiu,False,defensiu,45.0,15.0,40.0,0.0,0.0,0.0,False,No cal rebalancejar
weekly_friday,2009-03-27,20.0,negatiu,negatiu,negatiu,negatiu,positiu,defensiu,,0,defensiu,False,defensiu,45.0,15.0,40.0,0.0,0.0,0.0,False,No cal rebalancejar
weekly_thursday,2009-04-02,20.0,negatiu,negatiu,negatiu,negatiu,positiu,defensiu,,0,defensiu,False,defensiu,45.0,15.0,40.0,0.0,0.0,0.0,False,No cal rebalancejar
weekly_friday,2009-04-03,20.0,negatiu,negatiu,negatiu,negatiu,positiu,defensiu,,0,defensiu,False,defensiu,45.0,15.0,40.0,0.0,0.0,0.0,False,No cal rebalancejar
weekly_thursday,2009-04-09,20.0,negatiu,negatiu,negatiu,negatiu,positiu,defensiu,,0,defensiu,False,defensiu,45.0,15.0,40.0,0.0,0.0,0.0,False,No cal rebalancejar
weekly_friday,2009-04-10,20.0,negatiu,negatiu,negatiu,negatiu,positiu,defensiu,,0,defensiu,False,defensiu,45.0,15.0,40.0,0.0,0.0,0.0,False,No cal rebalancejar
weekly_thursday,2009-04-16,20.0,negatiu,negatiu,negatiu,negatiu,positiu,defensiu,,0,defensiu,False,defensiu,45.0,15.0,40.0,0.0,0.0,0.0,False,No cal rebalancejar
weekly_friday,2009-04-17,20.0,negatiu,negatiu,negatiu,negatiu,positiu,defensiu,,0,defensiu,False,defensiu,45.0,15.0,40.0,0.0,0.0,0.0,False,No cal rebalancejar
weekly_thursday,2009-04-23,20.0,negatiu,negatiu,negatiu,negatiu,positiu,defensiu,,0,defensiu,False,defensiu,45.0,15.0,40.0,0.0,0.0,0.0,False,No cal rebalancejar
weekly_friday,2009-04-24,31.11,negatiu,neutral,negatiu,negatiu,positiu,defensiu,,0,defensiu,False,defensiu,45.0,15.0,40.0,0.0,0.0,0.0,False,No cal rebalancejar
weekly_thursday,2009-04-30,31.11,negatiu,neutral,negatiu,negatiu,positiu,defensiu,,0,defensiu,False,defensiu,45.0,15.0,40.0,0.0,0.0,0.0,False,No cal rebalancejar
weekly_friday,2009-05-01,31.11,negatiu,neutral,negatiu,negatiu,positiu,defensiu,,0,defensiu,False,defensiu,45.0,15.0,40.0,0.0,0.0,0.0,False,No cal rebalancejar
weekly_thursday,2009-05-07,31.11,negatiu,neutral,negatiu,negatiu,positiu,defensiu,,0,defensiu,False,defensiu,45.0,15.0,40.0,0.0,0.0,0.0,False,No cal rebalancejar
weekly_friday,2009-05-08,48.89,neutral,neutral,negatiu,negatiu,positiu,defensiu,,0,defensiu,False,defensiu,45.0,15.0,40.0,0.0,0.0,0.0,False,No cal rebalancejar
weekly_thursday,2009-05-14,31.11,negatiu,neutral,negatiu,negatiu,positiu,defensiu,,0,defensiu,False,defensiu,45.0,15.0,40.0,0.0,0.0,0.0,False,No cal rebalancejar
weekly_friday,2009-05-15,31.11,negatiu,neutral,negatiu,negatiu,positiu,defensiu,,0,defensiu,False,defensiu,45.0,15.0,40.0,0.0,0.0,0.0,False,No cal rebalancejar
weekly_thursday,2009-05-21,48.89,neutral,neutral,negatiu,negatiu,positiu,defensiu,,0,defensiu,False,defensiu,45.0,15.0,40.0,0.0,0.0,0.0,False,No cal rebalancejar
weekly_friday,2009-05-22,48.89,neutral,neutral,negatiu,negatiu,positiu,defensiu,,0,defensiu,False,defensiu,45.0,15.0,40.0,0.0,0.0,0.0,False,No cal rebalancejar
weekly_thursday,2009-05-28,60.0,neutral,positiu,negatiu,negatiu,positiu,normal,normal,1,defensiu,False,defensiu,45.0,15.0,40.0,0.0,0.0,0.0,False,No cal rebalancejar
weekly_friday,2009-05-29,60.0,neutral,positiu,negatiu,negatiu,positiu,normal,normal,1,defensiu,False,defensiu,45.0,15.0,40.0,0.0,0.0,0.0,False,No cal rebalancejar
weekly_thursday,2009-06-04,82.22,positiu,positiu,negatiu,neutral,positiu,risc-on,risc-on,1,defensiu,False,defensiu,45.0,15.0,40.0,0.0,0.0,0.0,False,No cal rebalancejar
weekly_friday,2009-06-05,82.22,positiu,positiu,negatiu,neutral,positiu,risc-on,risc-on,1,defensiu,False,defensiu,45.0,15.0,40.0,0.0,0.0,0.0,False,No cal rebalancejar
weekly_thursday,2009-06-11,82.22,positiu,positiu,negatiu,neutral,positiu,risc-on,risc-on,2,defensiu,False,defensiu,45.0,15.0,40.0,0.0,0.0,0.0,False,No cal rebalancejar
weekly_friday,2009-06-12,82.22,positiu,positiu,negatiu,neutral,positiu,risc-on,risc-on,2,defensiu,False,defensiu,45.0,15.0,40.0,0.0,0.0,0.0,False,No cal rebalancejar
weekly_thursday,2009-06-18,82.22,positiu,positiu,negatiu,neutral,positiu,risc-on,risc-on,3,defensiu,False,defensiu,45.0,15.0,40.0,0.0,0.0,0.0,False,No cal rebalancejar
weekly_friday,2009-06-19,82.22,positiu,positiu,negatiu,neutral,positiu,risc-on,risc-on,3,defensiu,False,defensiu,45.0,15.0,40.0,0.0,0.0,0.0,False,No cal rebalancejar
weekly_thursday,2009-06-25,82.22,positiu,positiu,negatiu,neutral,positiu,risc-on,,0,risc-on,False,risc-on,40.0,55.0,5.0,-5.0,40.0,-35.0,True,Vendre 5 pp MSCI World; Comprar 40 pp Nasdaq; Vendre 35 pp Monetari
weekly_friday,2009-06-26,82.22,positiu,positiu,negatiu,neutral,positiu,risc-on,,0,risc-on,False,risc-on,40.0,55.0,5.0,-5.0,40.0,-35.0,True,Vendre 5 pp MSCI World; Comprar 40 pp Nasdaq; Vendre 35 pp Monetari
weekly_thursday,2009-07-02,82.22,positiu,positiu,negatiu,neutral,positiu,risc-on,,0,risc-on,False,risc-on,40.0,55.0,5.0,0.0,0.0,0.0,False,No cal rebalancejar
weekly_friday,2009-07-03,82.22,positiu,positiu,negatiu,neutral,positiu,risc-on,,0,risc-on,False,risc-on,40.0,55.0,5.0,0.0,0.0,0.0,False,No cal rebalancejar
weekly_thursday,2009-07-09,64.44,neutral,positiu,negatiu,neutral,positiu,normal,normal,1,risc-on,False,risc-on,40.0,55.0,5.0,0.0,0.0,0.0,False,No cal rebalancejar
weekly_friday,2009-07-10,64.44,neutral,positiu,negatiu,neutral,positiu,normal,normal,1,risc-on,False,risc-on,40.0,55.0,5.0,0.0,0.0,0.0,False,No cal rebalancejar
weekly_thursday,2009-07-16,82.22,positiu,positiu,negatiu,neutral,positiu,risc-on,,0,risc-on,False,risc-on,40.0,55.0,5.0,0.0,0.0,0.0,False,No cal rebalancejar
weekly_friday,2009-07-17,82.22,positiu,positiu,negatiu,neutral,positiu,risc-on,,0,risc-on,False,risc-on,40.0,55.0,5.0,0.0,0.0,0.0,False,No cal rebalancejar
weekly_thursday,2009-07-23,82.22,positiu,positiu,negatiu,neutral,positiu,risc-on,,0,risc-on,False,risc-on,40.0,55.0,5.0,0.0,0.0,0.0,False,No cal rebalancejar
weekly_friday,2009-07-24,82.22,positiu,positiu,negatiu,neutral,positiu,risc-on,,0,risc-on,False,risc-on,40.0,55.0,5.0,0.0,0.0,0.0,False,No cal rebalancejar
weekly_thursday,2009-07-30,86.67,positiu,positiu,negatiu,positiu,positiu,risc-on,,0,risc-on,False,risc-on,40.0,55.0,5.0,0.0,0.0,0.0,False,No cal rebalancejar
weekly_friday,2009-07-31,86.67,positiu,positiu,negatiu,positiu,positiu,risc-on,,0,risc-on,False,risc-on,40.0,55.0,5.0,0.0,0.0,0.0,False,No cal rebalancejar
weekly_thursday,2009-08-06,86.67,positiu,positiu,negatiu,positiu,positiu,risc-on,,0,risc-on,False,risc-on,40.0,55.0,5.0,0.0,0.0,0.0,False,No cal rebalancejar
weekly_friday,2009-08-07,86.67,positiu,positiu,negatiu,positiu,positiu,risc-on,,0,risc-on,False,risc-on,40.0,55.0,5.0,0.0,0.0,0.0,False,No cal rebalancejar
weekly_thursday,2009-08-13,86.67,positiu,positiu,negatiu,positiu,positiu,risc-on,,0,risc-on,False,risc-on,40.0,55.0,5.0,0.0,0.0,0.0,False,No cal rebalancejar
weekly_friday,2009-08-14,86.67,positiu,positiu,negatiu,positiu,positiu,risc-on,,0,risc-on,False,risc-on,40.0,55.0,5.0,0.0,0.0,0.0,False,No cal rebalancejar
weekly_thursday,2009-08-20,86.67,positiu,positiu,negatiu,positiu,positiu,risc-on,,0,risc-on,False,risc-on,40.0,55.0,5.0,0.0,0.0,0.0,False,No cal rebalancejar
weekly_friday,2009-08-21,86.67,positiu,positiu,negatiu,positiu,positiu,risc-on,,0,risc-on,False,risc-on,40.0,55.0,5.0,0.0,0.0,0.0,False,No cal rebalancejar
weekly_thursday,2009-08-27,86.67,positiu,positiu,negatiu,positiu,positiu,risc-on,,0,risc-on,False,risc-on,40.0,55.0,5.0,0.0,0.0,0.0,False,No cal rebalancejar
weekly_friday,2009-08-28,86.67,positiu,positiu,negatiu,positiu,positiu,risc-on,,0,risc-on,False,risc-on,40.0,55.0,5.0,0.0,0.0,0.0,False,No cal rebalancejar
weekly_thursday,2009-09-03,86.67,positiu,positiu,negatiu,positiu,positiu,risc-on,,0,risc-on,False,risc-on,40.0,55.0,5.0,0.0,0.0,0.0,False,No cal rebalancejar
weekly_friday,2009-09-04,86.67,positiu,positiu,negatiu,positiu,positiu,risc-on,,0,risc-on,False,risc-on,40.0,55.0,5.0,0.0,0.0,0.0,False,No cal rebalancejar
weekly_thursday,2009-09-10,86.67,positiu,positiu,negatiu,positiu,positiu,risc-on,,0,risc-on,False,risc-on,40.0,55.0,5.0,0.0,0.0,0.0,False,No cal rebalancejar
weekly_friday,2009-09-11,86.67,positiu,positiu,negatiu,positiu,positiu,risc-on,,0,risc-on,False,risc-on,40.0,55.0,5.0,0.0,0.0,0.0,False,No cal rebalancejar
weekly_thursday,2009-09-17,93.34,positiu,positiu,neutral,positiu,positiu,risc-on,,0,risc-on,False,risc-on,40.0,55.0,5.0,0.0,0.0,0.0,False,No cal rebalancejar
weekly_friday,2009-09-18,86.67,positiu,positiu,negatiu,positiu,positiu,risc-on,,0,risc-on,False,risc-on,40.0,55.0,5.0,0.0,0.0,0.0,False,No cal rebalancejar
weekly_thursday,2009-09-24,86.67,positiu,positiu,negatiu,positiu,positiu,risc-on,,0,risc-on,False,risc-on,40.0,55.0,5.0,0.0,0.0,0.0,False,No cal rebalancejar
weekly_friday,2009-09-25,86.67,positiu,positiu,negatiu,positiu,positiu,risc-on,,0,risc-on,False,risc-on,40.0,55.0,5.0,0.0,0.0,0.0,False,No cal rebalancejar
weekly_thursday,2009-10-01,86.67,positiu,positiu,negatiu,positiu,positiu,risc-on,,0,risc-on,False,risc-on,40.0,55.0,5.0,0.0,0.0,0.0,False,No cal rebalancejar
weekly_friday,2009-10-02,93.34,positiu,positiu,neutral,positiu,positiu,risc-on,,0,risc-on,False,risc-on,40.0,55.0,5.0,0.0,0.0,0.0,False,No cal rebalancejar
weekly_thursday,2009-10-08,100.0,positiu,positiu,positiu,positiu,positiu,risc-on,,0,risc-on,False,risc-on,40.0,55.0,5.0,0.0,0.0,0.0,False,No cal rebalancejar
weekly_friday,2009-10-09,100.0,positiu,positiu,positiu,positiu,positiu,risc-on,,0,risc-on,False,risc-on,40.0,55.0,5.0,0.0,0.0,0.0,False,No cal rebalancejar
weekly_thursday,2009-10-15,100.0,positiu,positiu,positiu,positiu,positiu,risc-on,,0,risc-on,False,risc-on,40.0,55.0,5.0,0.0,0.0,0.0,False,No cal rebalancejar
weekly_friday,2009-10-16,100.0,positiu,positiu,positiu,positiu,positiu,risc-on,,0,risc-on,False,risc-on,40.0,55.0,5.0,0.0,0.0,0.0,False,No cal rebalancejar
weekly_thursday,2009-10-22,100.0,positiu,positiu,positiu,positiu,positiu,risc-on,,0,risc-on,False,risc-on,40.0,55.0,5.0,0.0,0.0,0.0,False,No cal rebalancejar
weekly_friday,2009-10-23,100.0,positiu,positiu,positiu,positiu,positiu,risc-on,,0,risc-on,False,risc-on,40.0,55.0,5.0,0.0,0.0,0.0,False,No cal rebalancejar
weekly_thursday,2009-10-29,100.0,positiu,positiu,positiu,positiu,positiu,risc-on,,0,risc-on,False,risc-on,40.0,55.0,5.0,0.0,0.0,0.0,False,No cal rebalancejar
weekly_friday,2009-10-30,100.0,positiu,positiu,positiu,positiu,positiu,risc-on,,0,risc-on,False,risc-on,40.0,55.0,5.0,0.0,0.0,0.0,False,No cal rebalancejar
weekly_thursday,2009-11-05,100.0,positiu,positiu,positiu,positiu,positiu,risc-on,,0,risc-on,False,risc-on,40.0,55.0,5.0,0.0,0.0,0.0,False,No cal rebalancejar
weekly_friday,2009-11-06,100.0,positiu,positiu,positiu,positiu,positiu,risc-on,,0,risc-on,False,risc-on,40.0,55.0,5.0,0.0,0.0,0.0,False,No cal rebalancejar
weekly_thursday,2009-11-12,100.0,positiu,positiu,positiu,positiu,positiu,risc-on,,0,risc-on,False,risc-on,40.0,55.0,5.0,0.0,0.0,0.0,False,No cal rebalancejar
weekly_friday,2009-11-13,100.0,positiu,positiu,positiu,positiu,positiu,risc-on,,0,risc-on,False,risc-on,40.0,55.0,5.0,0.0,0.0,0.0,False,No cal rebalancejar
weekly_thursday,2009-11-19,100.0,positiu,positiu,positiu,positiu,positiu,risc-on,,0,risc-on,False,risc-on,40.0,55.0,5.0,0.0,0.0,0.0,False,No cal rebalancejar
weekly_friday,2009-11-20,100.0,positiu,positiu,positiu,positiu,positiu,risc-on,,0,risc-on,False,risc-on,40.0,55.0,5.0,0.0,0.0,0.0,False,No cal rebalancejar
weekly_thursday,2009-11-26,100.0,positiu,positiu,positiu,positiu,positiu,risc-on,,0,risc-on,False,risc-on,40.0,55.0,5.0,0.0,0.0,0.0,False,No cal rebalancejar
weekly_friday,2009-11-27,100.0,positiu,positiu,positiu,positiu,positiu,risc-on,,0,risc-on,False,risc-on,40.0,55.0,5.0,0.0,0.0,0.0,False,No cal rebalancejar
weekly_thursday,2009-12-03,100.0,positiu,positiu,positiu,positiu,positiu,risc-on,,0,risc-on,False,risc-on,40.0,55.0,5.0,0.0,0.0,0.0,False,No cal rebalancejar
weekly_friday,2009-12-04,100.0,positiu,positiu,positiu,positiu,positiu,risc-on,,0,risc-on,False,risc-on,40.0,55.0,5.0,0.0,0.0,0.0,False,No cal rebalancejar
weekly_thursday,2009-12-10,100.0,positiu,positiu,positiu,positiu,positiu,risc-on,,0,risc-on,False,risc-on,40.0,55.0,5.0,0.0,0.0,0.0,False,No cal rebalancejar
weekly_friday,2009-12-11,100.0,positiu,positiu,positiu,positiu,positiu,risc-on,,0,risc-on,False,risc-on,40.0,55.0,5.0,0.0,0.0,0.0,False,No cal rebalancejar
weekly_thursday,2009-12-17,100.0,positiu,positiu,positiu,positiu,positiu,risc-on,,0,risc-on,False,risc-on,40.0,55.0,5.0,0.0,0.0,0.0,False,No cal rebalancejar
weekly_friday,2009-12-18,100.0,positiu,positiu,positiu,positiu,positiu,risc-on,,0,risc-on,False,risc-on,40.0,55.0,5.0,0.0,0.0,0.0,False,No cal rebalancejar
weekly_thursday,2009-12-24,100.0,positiu,positiu,positiu,positiu,positiu,risc-on,,0,risc-on,False,risc-on,40.0,55.0,5.0,0.0,0.0,0.0,False,No cal rebalancejar
weekly_friday,2009-12-25,100.0,positiu,positiu,positiu,positiu,positiu,risc-on,,0,risc-on,False,risc-on,40.0,55.0,5.0,0.0,0.0,0.0,False,No cal rebalancejar
weekly_thursday,2009-12-31,100.0,positiu,positiu,positiu,positiu,positiu,risc-on,,0,risc-on,False,risc-on,40.0,55.0,5.0,0.0,0.0,0.0,False,No cal rebalancejar
weekly_friday,2010-01-01,100.0,positiu,positiu,positiu,positiu,positiu,risc-on,,0,risc-on,False,risc-on,40.0,55.0,5.0,0.0,0.0,0.0,False,No cal rebalancejar
weekly_thursday,2010-01-07,100.0,positiu,positiu,positiu,positiu,positiu,risc-on,,0,risc-on,False,risc-on,40.0,55.0,5.0,0.0,0.0,0.0,False,No cal rebalancejar
weekly_friday,2010-01-08,100.0,positiu,positiu,positiu,positiu,positiu,risc-on,,0,risc-on,False,risc-on,40.0,55.0,5.0,0.0,0.0,0.0,False,No cal rebalancejar
weekly_thursday,2010-01-14,100.0,positiu,positiu,positiu,positiu,positiu,risc-on,,0,risc-on,False,risc-on,40.0,55.0,5.0,0.0,0.0,0.0,False,No cal rebalancejar
weekly_friday,2010-01-15,100.0,positiu,positiu,positiu,positiu,positiu,risc-on,,0,risc-on,False,risc-on,40.0,55.0,5.0,0.0,0.0,0.0,False,No cal rebalancejar
weekly_thursday,2010-01-21,100.0,positiu,positiu,positiu,positiu,positiu,risc-on,,0,risc-on,False,risc-on,40.0,55.0,5.0,0.0,0.0,0.0,False,No cal rebalancejar
weekly_friday,2010-01-22,100.0,positiu,positiu,positiu,positiu,positiu,risc-on,,0,risc-on,False,risc-on,40.0,55.0,5.0,0.0,0.0,0.0,False,No cal rebalancejar
weekly_thursday,2010-01-28,100.0,positiu,positiu,positiu,positiu,positiu,risc-on,,0,risc-on,False,risc-on,40.0,55.0,5.0,0.0,0.0,0.0,False,No cal rebalancejar
weekly_friday,2010-01-29,100.0,positiu,positiu,positiu,positiu,positiu,risc-on,,0,risc-on,False,risc-on,40.0,55.0,5.0,0.0,0.0,0.0,False,No cal rebalancejar
weekly_thursday,2010-02-04,100.0,positiu,positiu,positiu,positiu,positiu,risc-on,,0,risc-on,False,risc-on,40.0,55.0,5.0,0.0,0.0,0.0,False,No cal rebalancejar
weekly_friday,2010-02-05,82.22,neutral,positiu,positiu,positiu,positiu,risc-on,,0,risc-on,False,risc-on,40.0,55.0,5.0,0.0,0.0,0.0,False,No cal rebalancejar
weekly_thursday,2010-02-11,100.0,positiu,positiu,positiu,positiu,positiu,risc-on,,0,risc-on,False,risc-on,40.0,55.0,5.0,0.0,0.0,0.0,False,No cal rebalancejar
weekly_friday,2010-02-12,82.22,neutral,positiu,positiu,positiu,positiu,risc-on,,0,risc-on,False,risc-on,40.0,55.0,5.0,0.0,0.0,0.0,False,No cal rebalancejar
weekly_thursday,2010-02-18,100.0,positiu,positiu,positiu,positiu,positiu,risc-on,,0,risc-on,False,risc-on,40.0,55.0,5.0,0.0,0.0,0.0,False,No cal rebalancejar
weekly_friday,2010-02-19,100.0,positiu,positiu,positiu,positiu,positiu,risc-on,,0,risc-on,False,risc-on,40.0,55.0,5.0,0.0,0.0,0.0,False,No cal rebalancejar
weekly_thursday,2010-02-25,100.0,positiu,positiu,positiu,positiu,positiu,risc-on,,0,risc-on,False,risc-on,40.0,55.0,5.0,0.0,0.0,0.0,False,No cal rebalancejar
weekly_friday,2010-02-26,100.0,positiu,positiu,positiu,positiu,positiu,risc-on,,0,risc-on,False,risc-on,40.0,55.0,5.0,0.0,0.0,0.0,False,No cal rebalancejar
weekly_thursday,2010-03-04,100.0,positiu,positiu,positiu,positiu,positiu,risc-on,,0,risc-on,False,risc-on,40.0,55.0,5.0,0.0,0.0,0.0,False,No cal rebalancejar
weekly_friday,2010-03-05,100.0,positiu,positiu,positiu,positiu,positiu,risc-on,,0,risc-on,False,risc-on,40.0,55.0,5.0,0.0,0.0,0.0,False,No cal rebalancejar
weekly_thursday,2010-03-11,100.0,positiu,positiu,positiu,positiu,positiu,risc-on,,0,risc-on,False,risc-on,40.0,55.0,5.0,0.0,0.0,0.0,False,No cal rebalancejar
weekly_friday,2010-03-12,100.0,positiu,positiu,positiu,positiu,positiu,risc-on,,0,risc-on,False,risc-on,40.0,55.0,5.0,0.0,0.0,0.0,False,No cal rebalancejar
weekly_thursday,2010-03-18,100.0,positiu,positiu,positiu,positiu,positiu,risc-on,,0,risc-on,False,risc-on,40.0,55.0,5.0,0.0,0.0,0.0,False,No cal rebalancejar
weekly_friday,2010-03-19,100.0,positiu,positiu,positiu,positiu,positiu,risc-on,,0,risc-on,False,risc-on,40.0,55.0,5.0,0.0,0.0,0.0,False,No cal rebalancejar
weekly_thursday,2010-03-25,100.0,positiu,positiu,positiu,positiu,positiu,risc-on,,0,risc-on,False,risc-on,40.0,55.0,5.0,0.0,0.0,0.0,False,No cal rebalancejar
weekly_friday,2010-03-26,100.0,positiu,positiu,positiu,positiu,positiu,risc-on,,0,risc-on,False,risc-on,40.0,55.0,5.0,0.0,0.0,0.0,False,No cal rebalancejar
weekly_thursday,2010-04-01,100.0,positiu,positiu,positiu,positiu,positiu,risc-on,,0,risc-on,False,risc-on,40.0,55.0,5.0,0.0,0.0,0.0,False,No cal rebalancejar
weekly_friday,2010-04-02,100.0,positiu,positiu,positiu,positiu,positiu,risc-on,,0,risc-on,False,risc-on,40.0,55.0,5.0,0.0,0.0,0.0,False,No cal rebalancejar
weekly_thursday,2010-04-08,100.0,positiu,positiu,positiu,positiu,positiu,risc-on,,0,risc-on,False,risc-on,40.0,55.0,5.0,0.0,0.0,0.0,False,No cal rebalancejar
weekly_friday,2010-04-09,100.0,positiu,positiu,positiu,positiu,positiu,risc-on,,0,risc-on,False,risc-on,40.0,55.0,5.0,0.0,0.0,0.0,False,No cal rebalancejar
weekly_thursday,2010-04-15,100.0,positiu,positiu,positiu,positiu,positiu,risc-on,,0,risc-on,False,risc-on,40.0,55.0,5.0,0.0,0.0,0.0,False,No cal rebalancejar
weekly_friday,2010-04-16,100.0,positiu,positiu,positiu,positiu,positiu,risc-on,,0,risc-on,False,risc-on,40.0,55.0,5.0,0.0,0.0,0.0,False,No cal rebalancejar
weekly_thursday,2010-04-22,100.0,positiu,positiu,positiu,positiu,positiu,risc-on,,0,risc-on,False,risc-on,40.0,55.0,5.0,0.0,0.0,0.0,False,No cal rebalancejar
weekly_friday,2010-04-23,100.0,positiu,positiu,positiu,positiu,positiu,risc-on,,0,risc-on,False,risc-on,40.0,55.0,5.0,0.0,0.0,0.0,False,No cal rebalancejar
weekly_thursday,2010-04-29,100.0,positiu,positiu,positiu,positiu,positiu,risc-on,,0,risc-on,False,risc-on,40.0,55.0,5.0,0.0,0.0,0.0,False,No cal rebalancejar
weekly_friday,2010-04-30,100.0,positiu,positiu,positiu,positiu,positiu,risc-on,,0,risc-on,False,risc-on,40.0,55.0,5.0,0.0,0.0,0.0,False,No cal rebalancejar
weekly_thursday,2010-05-06,82.22,neutral,positiu,positiu,positiu,positiu,risc-on,,0,risc-on,False,risc-on,40.0,55.0,5.0,0.0,0.0,0.0,False,No cal rebalancejar
weekly_friday,2010-05-07,64.44,negatiu,positiu,positiu,positiu,positiu,normal,normal,1,risc-on,False,risc-on,40.0,55.0,5.0,0.0,0.0,0.0,False,No cal rebalancejar
weekly_thursday,2010-05-13,82.22,neutral,positiu,positiu,positiu,positiu,risc-on,,0,risc-on,False,risc-on,40.0,55.0,5.0,0.0,0.0,0.0,False,No cal rebalancejar
weekly_friday,2010-05-14,82.22,neutral,positiu,positiu,positiu,positiu,risc-on,,0,risc-on,False,risc-on,40.0,55.0,5.0,0.0,0.0,0.0,False,No cal rebalancejar
weekly_thursday,2010-05-20,53.33,negatiu,neutral,positiu,positiu,positiu,normal,normal,1,risc-on,False,risc-on,40.0,55.0,5.0,0.0,0.0,0.0,False,No cal rebalancejar
weekly_friday,2010-05-21,53.33,negatiu,neutral,positiu,positiu,positiu,normal,normal,1,risc-on,False,risc-on,40.0,55.0,5.0,0.0,0.0,0.0,False,No cal rebalancejar
weekly_thursday,2010-05-27,48.88,negatiu,neutral,positiu,neutral,positiu,normal,normal,2,risc-on,False,risc-on,40.0,55.0,5.0,0.0,0.0,0.0,False,No cal rebalancejar
weekly_friday,2010-05-28,48.88,negatiu,neutral,positiu,neutral,positiu,normal,normal,2,risc-on,False,risc-on,40.0,55.0,5.0,0.0,0.0,0.0,False,No cal rebalancejar
weekly_thursday,2010-06-03,59.99,negatiu,positiu,positiu,neutral,positiu,normal,normal,3,risc-on,False,risc-on,40.0,55.0,5.0,0.0,0.0,0.0,False,No cal rebalancejar
weekly_friday,2010-06-04,48.88,negatiu,neutral,positiu,neutral,positiu,normal,normal,3,risc-on,False,risc-on,40.0,55.0,5.0,0.0,0.0,0.0,False,No cal rebalancejar
weekly_thursday,2010-06-10,48.88,negatiu,neutral,positiu,neutral,positiu,normal,,0,normal,False,normal,60.0,25.0,15.0,20.0,-30.0,10.0,True,Comprar 20 pp MSCI World; Vendre 30 pp Nasdaq; Comprar 10 pp Monetari
weekly_friday,2010-06-11,48.88,negatiu,neutral,positiu,neutral,positiu,normal,,0,normal,False,normal,60.0,25.0,15.0,20.0,-30.0,10.0,True,Comprar 20 pp MSCI World; Vendre 30 pp Nasdaq; Comprar 10 pp Monetari
weekly_thursday,2010-06-17,59.99,negatiu,positiu,positiu,neutral,positiu,normal,,0,normal,False,normal,60.0,25.0,15.0,0.0,0.0,0.0,False,No cal rebalancejar
weekly_friday,2010-06-18,77.78,neutral,positiu,positiu,neutral,positiu,risc-on,risc-on,1,normal,False,normal,60.0,25.0,15.0,0.0,0.0,0.0,False,No cal rebalancejar
weekly_thursday,2010-06-24,48.88,negatiu,neutral,positiu,neutral,positiu,normal,,0,normal,False,normal,60.0,25.0,15.0,0.0,0.0,0.0,False,No cal rebalancejar
weekly_friday,2010-06-25,48.88,negatiu,neutral,positiu,neutral,positiu,normal,,0,normal,False,normal,60.0,25.0,15.0,0.0,0.0,0.0,False,No cal rebalancejar
weekly_thursday,2010-07-01,37.77,negatiu,negatiu,positiu,neutral,positiu,defensiu,defensiu,1,normal,False,normal,60.0,25.0,15.0,0.0,0.0,0.0,False,No cal rebalancejar
weekly_friday,2010-07-02,37.77,negatiu,negatiu,positiu,neutral,positiu,defensiu,defensiu,1,normal,False,normal,60.0,25.0,15.0,0.0,0.0,0.0,False,No cal rebalancejar
weekly_thursday,2010-07-08,48.88,negatiu,neutral,positiu,neutral,positiu,normal,,0,normal,False,normal,60.0,25.0,15.0,0.0,0.0,0.0,False,No cal rebalancejar
weekly_friday,2010-07-09,48.88,negatiu,neutral,positiu,neutral,positiu,normal,,0,normal,False,normal,60.0,25.0,15.0,0.0,0.0,0.0,False,No cal rebalancejar
weekly_thursday,2010-07-15,66.66,neutral,neutral,positiu,neutral,positiu,normal,,0,normal,False,normal,60.0,25.0,15.0,0.0,0.0,0.0,False,No cal rebalancejar
weekly_friday,2010-07-16,48.88,negatiu,neutral,positiu,neutral,positiu,normal,,0,normal,False,normal,60.0,25.0,15.0,0.0,0.0,0.0,False,No cal rebalancejar
weekly_thursday,2010-07-22,48.88,negatiu,neutral,positiu,neutral,positiu,normal,,0,normal,False,normal,60.0,25.0,15.0,0.0,0.0,0.0,False,No cal rebalancejar
weekly_friday,2010-07-23,66.66,neutral,neutral,positiu,neutral,positiu,normal,,0,normal,False,normal,60.0,25.0,15.0,0.0,0.0,0.0,False,No cal rebalancejar
weekly_thursday,2010-07-29,66.66,neutral,neutral,positiu,neutral,positiu,normal,,0,normal,False,normal,60.0,25.0,15.0,0.0,0.0,0.0,False,No cal rebalancejar
weekly_friday,2010-07-30,66.66,neutral,neutral,positiu,neutral,positiu,normal,,0,normal,False,normal,60.0,25.0,15.0,0.0,0.0,0.0,False,No cal rebalancejar
weekly_thursday,2010-08-05,66.66,neutral,neutral,positiu,neutral,positiu,normal,,0,normal,False,normal,60.0,25.0,15.0,0.0,0.0,0.0,False,No cal rebalancejar
weekly_friday,2010-08-06,66.66,neutral,neutral,positiu,neutral,positiu,normal,,0,normal,False,normal,60.0,25.0,15.0,0.0,0.0,0.0,False,No cal rebalancejar
weekly_thursday,2010-08-12,42.22,negatiu,neutral,neutral,neutral,positiu,normal,,0,normal,False,normal,60.0,25.0,15.0,0.0,0.0,0.0,False,No cal rebalancejar
weekly_friday,2010-08-13,42.22,negatiu,neutral,neutral,neutral,positiu,normal,,0,normal,False,normal,60.0,25.0,15.0,0.0,0.0,0.0,False,No cal rebalancejar
weekly_thursday,2010-08-19,53.33,negatiu,neutral,positiu,positiu,positiu,normal,,0,normal,False,normal,60.0,25.0,15.0,0.0,0.0,0.0,False,No cal rebalancejar
weekly_friday,2010-08-20,46.66,negatiu,neutral,neutral,positiu,positiu,normal,,0,normal,False,normal,60.0,25.0,15.0,0.0,0.0,0.0,False,No cal rebalancejar
weekly_thursday,2010-08-26,35.55,negatiu,negatiu,neutral,positiu,positiu,defensiu,defensiu,1,normal,False,normal,60.0,25.0,15.0,0.0,0.0,0.0,False,No cal rebalancejar
weekly_friday,2010-08-27,35.55,negatiu,negatiu,neutral,positiu,positiu,defensiu,defensiu,1,normal,False,normal,60.0,25.0,15.0,0.0,0.0,0.0,False,No cal rebalancejar
weekly_thursday,2010-09-02,71.11,neutral,neutral,positiu,positiu,positiu,normal,,0,normal,False,normal,60.0,25.0,15.0,0.0,0.0,0.0,False,No cal rebalancejar
weekly_friday,2010-09-03,71.11,neutral,neutral,positiu,positiu,positiu,normal,,0,normal,False,normal,60.0,25.0,15.0,0.0,0.0,0.0,False,No cal rebalancejar
weekly_thursday,2010-09-09,64.44,neutral,neutral,neutral,positiu,positiu,normal,,0,normal,False,normal,60.0,25.0,15.0,0.0,0.0,0.0,False,No cal rebalancejar
weekly_friday,2010-09-10,64.44,neutral,neutral,neutral,positiu,positiu,normal,,0,normal,False,normal,60.0,25.0,15.0,0.0,0.0,0.0,False,No cal rebalancejar
weekly_thursday,2010-09-16,75.56,neutral,positiu,neutral,positiu,positiu,risc-on,risc-on,1,normal,False,normal,60.0,25.0,15.0,0.0,0.0,0.0,False,No cal rebalancejar
weekly_friday,2010-09-17,75.56,neutral,positiu,neutral,positiu,positiu,risc-on,risc-on,1,normal,False,normal,60.0,25.0,15.0,0.0,0.0,0.0,False,No cal rebalancejar
weekly_thursday,2010-09-23,75.56,neutral,positiu,neutral,positiu,positiu,risc-on,risc-on,2,normal,False,normal,60.0,25.0,15.0,0.0,0.0,0.0,False,No cal rebalancejar
weekly_friday,2010-09-24,100.0,positiu,positiu,positiu,positiu,positiu,risc-on,risc-on,2,normal,False,normal,60.0,25.0,15.0,0.0,0.0,0.0,False,No cal rebalancejar
weekly_thursday,2010-09-30,93.34,positiu,positiu,neutral,positiu,positiu,risc-on,risc-on,3,normal,False,normal,60.0,25.0,15.0,0.0,0.0,0.0,False,No cal rebalancejar
weekly_friday,2010-10-01,100.0,positiu,positiu,positiu,positiu,positiu,risc-on,risc-on,3,normal,False,normal,60.0,25.0,15.0,0.0,0.0,0.0,False,No cal rebalancejar
weekly_thursday,2010-10-07,100.0,positiu,positiu,positiu,positiu,positiu,risc-on,,0,risc-on,False,risc-on,40.0,55.0,5.0,-20.0,30.0,-10.0,True,Vendre 20 pp MSCI World; Comprar 30 pp Nasdaq; Vendre 10 pp Monetari
weekly_friday,2010-10-08,100.0,positiu,positiu,positiu,positiu,positiu,risc-on,,0,risc-on,False,risc-on,40.0,55.0,5.0,-20.0,30.0,-10.0,True,Vendre 20 pp MSCI World; Comprar 30 pp Nasdaq; Vendre 10 pp Monetari
weekly_thursday,2010-10-14,100.0,positiu,positiu,positiu,positiu,positiu,risc-on,,0,risc-on,False,risc-on,40.0,55.0,5.0,0.0,0.0,0.0,False,No cal rebalancejar
weekly_friday,2010-10-15,93.34,positiu,positiu,neutral,positiu,positiu,risc-on,,0,risc-on,False,risc-on,40.0,55.0,5.0,0.0,0.0,0.0,False,No cal rebalancejar
weekly_thursday,2010-10-21,100.0,positiu,positiu,positiu,positiu,positiu,risc-on,,0,risc-on,False,risc-on,40.0,55.0,5.0,0.0,0.0,0.0,False,No cal rebalancejar
weekly_friday,2010-10-22,100.0,positiu,positiu,positiu,positiu,positiu,risc-on,,0,risc-on,False,risc-on,40.0,55.0,5.0,0.0,0.0,0.0,False,No cal rebalancejar
weekly_thursday,2010-10-28,100.0,positiu,positiu,positiu,positiu,positiu,risc-on,,0,risc-on,False,risc-on,40.0,55.0,5.0,0.0,0.0,0.0,False,No cal rebalancejar
weekly_friday,2010-10-29,100.0,positiu,positiu,positiu,positiu,positiu,risc-on,,0,risc-on,False,risc-on,40.0,55.0,5.0,0.0,0.0,0.0,False,No cal rebalancejar
weekly_thursday,2010-11-04,100.0,positiu,positiu,positiu,positiu,positiu,risc-on,,0,risc-on,False,risc-on,40.0,55.0,5.0,0.0,0.0,0.0,False,No cal rebalancejar
weekly_friday,2010-11-05,100.0,positiu,positiu,positiu,positiu,positiu,risc-on,,0,risc-on,False,risc-on,40.0,55.0,5.0,0.0,0.0,0.0,False,No cal rebalancejar
weekly_thursday,2010-11-11,100.0,positiu,positiu,positiu,positiu,positiu,risc-on,,0,risc-on,False,risc-on,40.0,55.0,5.0,0.0,0.0,0.0,False,No cal rebalancejar
weekly_friday,2010-11-12,100.0,positiu,positiu,positiu,positiu,positiu,risc-on,,0,risc-on,False,risc-on,40.0,55.0,5.0,0.0,0.0,0.0,False,No cal rebalancejar
weekly_thursday,2010-11-18,100.0,positiu,positiu,positiu,positiu,positiu,risc-on,,0,risc-on,False,risc-on,40.0,55.0,5.0,0.0,0.0,0.0,False,No cal rebalancejar
weekly_friday,2010-11-19,100.0,positiu,positiu,positiu,positiu,positiu,risc-on,,0,risc-on,False,risc-on,40.0,55.0,5.0,0.0,0.0,0.0,False,No cal rebalancejar
weekly_thursday,2010-11-25,100.0,positiu,positiu,positiu,positiu,positiu,risc-on,,0,risc-on,False,risc-on,40.0,55.0,5.0,0.0,0.0,0.0,False,No cal rebalancejar
weekly_friday,2010-11-26,93.34,positiu,positiu,neutral,positiu,positiu,risc-on,,0,risc-on,False,risc-on,40.0,55.0,5.0,0.0,0.0,0.0,False,No cal rebalancejar
weekly_thursday,2010-12-02,100.0,positiu,positiu,positiu,positiu,positiu,risc-on,,0,risc-on,False,risc-on,40.0,55.0,5.0,0.0,0.0,0.0,False,No cal rebalancejar
weekly_friday,2010-12-03,100.0,positiu,positiu,positiu,positiu,positiu,risc-on,,0,risc-on,False,risc-on,40.0,55.0,5.0,0.0,0.0,0.0,False,No cal rebalancejar
weekly_thursday,2010-12-09,100.0,positiu,positiu,positiu,positiu,positiu,risc-on,,0,risc-on,False,risc-on,40.0,55.0,5.0,0.0,0.0,0.0,False,No cal rebalancejar
weekly_friday,2010-12-10,100.0,positiu,positiu,positiu,positiu,positiu,risc-on,,0,risc-on,False,risc-on,40.0,55.0,5.0,0.0,0.0,0.0,False,No cal rebalancejar
weekly_thursday,2010-12-16,100.0,positiu,positiu,positiu,positiu,positiu,risc-on,,0,risc-on,False,risc-on,40.0,55.0,5.0,0.0,0.0,0.0,False,No cal rebalancejar
weekly_friday,2010-12-17,100.0,positiu,positiu,positiu,positiu,positiu,risc-on,,0,risc-on,False,risc-on,40.0,55.0,5.0,0.0,0.0,0.0,False,No cal rebalancejar
weekly_thursday,2010-12-23,100.0,positiu,positiu,positiu,positiu,positiu,risc-on,,0,risc-on,False,risc-on,40.0,55.0,5.0,0.0,0.0,0.0,False,No cal rebalancejar
weekly_friday,2010-12-24,100.0,positiu,positiu,positiu,positiu,positiu,risc-on,,0,risc-on,False,risc-on,40.0,55.0,5.0,0.0,0.0,0.0,False,No cal rebalancejar
weekly_thursday,2010-12-30,100.0,positiu,positiu,positiu,positiu,positiu,risc-on,,0,risc-on,False,risc-on,40.0,55.0,5.0,0.0,0.0,0.0,False,No cal rebalancejar
weekly_friday,2010-12-31,100.0,positiu,positiu,positiu,positiu,positiu,risc-on,,0,risc-on,False,risc-on,40.0,55.0,5.0,0.0,0.0,0.0,False,No cal rebalancejar
weekly_thursday,2011-01-06,100.0,positiu,positiu,positiu,positiu,positiu,risc-on,,0,risc-on,False,risc-on,40.0,55.0,5.0,0.0,0.0,0.0,False,No cal rebalancejar
weekly_friday,2011-01-07,100.0,positiu,positiu,positiu,positiu,positiu,risc-on,,0,risc-on,False,risc-on,40.0,55.0,5.0,0.0,0.0,0.0,False,No cal rebalancejar
weekly_thursday,2011-01-13,100.0,positiu,positiu,positiu,positiu,positiu,risc-on,,0,risc-on,False,risc-on,40.0,55.0,5.0,0.0,0.0,0.0,False,No cal rebalancejar
weekly_friday,2011-01-14,100.0,positiu,positiu,positiu,positiu,positiu,risc-on,,0,risc-on,False,risc-on,40.0,55.0,5.0,0.0,0.0,0.0,False,No cal rebalancejar
weekly_thursday,2011-01-20,100.0,positiu,positiu,positiu,positiu,positiu,risc-on,,0,risc-on,False,risc-on,40.0,55.0,5.0,0.0,0.0,0.0,False,No cal rebalancejar
weekly_friday,2011-01-21,100.0,positiu,positiu,positiu,positiu,positiu,risc-on,,0,risc-on,False,risc-on,40.0,55.0,5.0,0.0,0.0,0.0,False,No cal rebalancejar
weekly_thursday,2011-01-27,100.0,positiu,positiu,positiu,positiu,positiu,risc-on,,0,risc-on,False,risc-on,40.0,55.0,5.0,0.0,0.0,0.0,False,No cal rebalancejar
weekly_friday,2011-01-28,100.0,positiu,positiu,positiu,positiu,positiu,risc-on,,0,risc-on,False,risc-on,40.0,55.0,5.0,0.0,0.0,0.0,False,No cal rebalancejar
weekly_thursday,2011-02-03,100.0,positiu,positiu,positiu,positiu,positiu,risc-on,,0,risc-on,False,risc-on,40.0,55.0,5.0,0.0,0.0,0.0,False,No cal rebalancejar
weekly_friday,2011-02-04,100.0,positiu,positiu,positiu,positiu,positiu,risc-on,,0,risc-on,False,risc-on,40.0,55.0,5.0,0.0,0.0,0.0,False,No cal rebalancejar
weekly_thursday,2011-02-10,100.0,positiu,positiu,positiu,positiu,positiu,risc-on,,0,risc-on,False,risc-on,40.0,55.0,5.0,0.0,0.0,0.0,False,No cal rebalancejar
weekly_friday,2011-02-11,100.0,positiu,positiu,positiu,positiu,positiu,risc-on,,0,risc-on,False,risc-on,40.0,55.0,5.0,0.0,0.0,0.0,False,No cal rebalancejar
weekly_thursday,2011-02-17,100.0,positiu,positiu,positiu,positiu,positiu,risc-on,,0,risc-on,False,risc-on,40.0,55.0,5.0,0.0,0.0,0.0,False,No cal rebalancejar
weekly_friday,2011-02-18,100.0,positiu,positiu,positiu,positiu,positiu,risc-on,,0,risc-on,False,risc-on,40.0,55.0,5.0,0.0,0.0,0.0,False,No cal rebalancejar
weekly_thursday,2011-02-24,100.0,positiu,positiu,positiu,positiu,positiu,risc-on,,0,risc-on,False,risc-on,40.0,55.0,5.0,0.0,0.0,0.0,False,No cal rebalancejar
weekly_friday,2011-02-25,100.0,positiu,positiu,positiu,positiu,positiu,risc-on,,0,risc-on,False,risc-on,40.0,55.0,5.0,0.0,0.0,0.0,False,No cal rebalancejar
weekly_thursday,2011-03-03,100.0,positiu,positiu,positiu,positiu,positiu,risc-on,,0,risc-on,False,risc-on,40.0,55.0,5.0,0.0,0.0,0.0,False,No cal rebalancejar
weekly_friday,2011-03-04,100.0,positiu,positiu,positiu,positiu,positiu,risc-on,,0,risc-on,False,risc-on,40.0,55.0,5.0,0.0,0.0,0.0,False,No cal rebalancejar
weekly_thursday,2011-03-10,100.0,positiu,positiu,positiu,positiu,positiu,risc-on,,0,risc-on,False,risc-on,40.0,55.0,5.0,0.0,0.0,0.0,False,No cal rebalancejar
weekly_friday,2011-03-11,100.0,positiu,positiu,positiu,positiu,positiu,risc-on,,0,risc-on,False,risc-on,40.0,55.0,5.0,0.0,0.0,0.0,False,No cal rebalancejar
weekly_thursday,2011-03-17,100.0,positiu,positiu,positiu,positiu,positiu,risc-on,,0,risc-on,False,risc-on,40.0,55.0,5.0,0.0,0.0,0.0,False,No cal rebalancejar
weekly_friday,2011-03-18,100.0,positiu,positiu,positiu,positiu,positiu,risc-on,,0,risc-on,False,risc-on,40.0,55.0,5.0,0.0,0.0,0.0,False,No cal rebalancejar
weekly_thursday,2011-03-24,100.0,positiu,positiu,positiu,positiu,positiu,risc-on,,0,risc-on,False,risc-on,40.0,55.0,5.0,0.0,0.0,0.0,False,No cal rebalancejar
weekly_friday,2011-03-25,100.0,positiu,positiu,positiu,positiu,positiu,risc-on,,0,risc-on,False,risc-on,40.0,55.0,5.0,0.0,0.0,0.0,False,No cal rebalancejar
weekly_thursday,2011-03-31,100.0,positiu,positiu,positiu,positiu,positiu,risc-on,,0,risc-on,False,risc-on,40.0,55.0,5.0,0.0,0.0,0.0,False,No cal rebalancejar
weekly_friday,2011-04-01,100.0,positiu,positiu,positiu,positiu,positiu,risc-on,,0,risc-on,False,risc-on,40.0,55.0,5.0,0.0,0.0,0.0,False,No cal rebalancejar
weekly_thursday,2011-04-07,100.0,positiu,positiu,positiu,positiu,positiu,risc-on,,0,risc-on,False,risc-on,40.0,55.0,5.0,0.0,0.0,0.0,False,No cal rebalancejar
weekly_friday,2011-04-08,100.0,positiu,positiu,positiu,positiu,positiu,risc-on,,0,risc-on,False,risc-on,40.0,55.0,5.0,0.0,0.0,0.0,False,No cal rebalancejar
weekly_thursday,2011-04-14,100.0,positiu,positiu,positiu,positiu,positiu,risc-on,,0,risc-on,False,risc-on,40.0,55.0,5.0,0.0,0.0,0.0,False,No cal rebalancejar
weekly_friday,2011-04-15,100.0,positiu,positiu,positiu,positiu,positiu,risc-on,,0,risc-on,False,risc-on,40.0,55.0,5.0,0.0,0.0,0.0,False,No cal rebalancejar
weekly_thursday,2011-04-21,100.0,positiu,positiu,positiu,positiu,positiu,risc-on,,0,risc-on,False,risc-on,40.0,55.0,5.0,0.0,0.0,0.0,False,No cal rebalancejar
weekly_friday,2011-04-22,100.0,positiu,positiu,positiu,positiu,positiu,risc-on,,0,risc-on,False,risc-on,40.0,55.0,5.0,0.0,0.0,0.0,False,No cal rebalancejar
weekly_thursday,2011-04-28,100.0,positiu,positiu,positiu,positiu,positiu,risc-on,,0,risc-on,False,risc-on,40.0,55.0,5.0,0.0,0.0,0.0,False,No cal rebalancejar
weekly_friday,2011-04-29,100.0,positiu,positiu,positiu,positiu,positiu,risc-on,,0,risc-on,False,risc-on,40.0,55.0,5.0,0.0,0.0,0.0,False,No cal rebalancejar
weekly_thursday,2011-05-05,100.0,positiu,positiu,positiu,positiu,positiu,risc-on,,0,risc-on,False,risc-on,40.0,55.0,5.0,0.0,0.0,0.0,False,No cal rebalancejar
weekly_friday,2011-05-06,100.0,positiu,positiu,positiu,positiu,positiu,risc-on,,0,risc-on,False,risc-on,40.0,55.0,5.0,0.0,0.0,0.0,False,No cal rebalancejar
weekly_thursday,2011-05-12,100.0,positiu,positiu,positiu,positiu,positiu,risc-on,,0,risc-on,False,risc-on,40.0,55.0,5.0,0.0,0.0,0.0,False,No cal rebalancejar
weekly_friday,2011-05-13,100.0,positiu,positiu,positiu,positiu,positiu,risc-on,,0,risc-on,False,risc-on,40.0,55.0,5.0,0.0,0.0,0.0,False,No cal rebalancejar
weekly_thursday,2011-05-19,100.0,positiu,positiu,positiu,positiu,positiu,risc-on,,0,risc-on,False,risc-on,40.0,55.0,5.0,0.0,0.0,0.0,False,No cal rebalancejar
weekly_friday,2011-05-20,100.0,positiu,positiu,positiu,positiu,positiu,risc-on,,0,risc-on,False,risc-on,40.0,55.0,5.0,0.0,0.0,0.0,False,No cal rebalancejar
weekly_thursday,2011-05-26,100.0,positiu,positiu,positiu,positiu,positiu,risc-on,,0,risc-on,False,risc-on,40.0,55.0,5.0,0.0,0.0,0.0,False,No cal rebalancejar
weekly_friday,2011-05-27,100.0,positiu,positiu,positiu,positiu,positiu,risc-on,,0,risc-on,False,risc-on,40.0,55.0,5.0,0.0,0.0,0.0,False,No cal rebalancejar
weekly_thursday,2011-06-02,100.0,positiu,positiu,positiu,positiu,positiu,risc-on,,0,risc-on,False,risc-on,40.0,55.0,5.0,0.0,0.0,0.0,False,No cal rebalancejar
weekly_friday,2011-06-03,100.0,positiu,positiu,positiu,positiu,positiu,risc-on,,0,risc-on,False,risc-on,40.0,55.0,5.0,0.0,0.0,0.0,False,No cal rebalancejar
weekly_thursday,2011-06-09,71.11,neutral,neutral,positiu,positiu,positiu,risc-on,,0,risc-on,False,risc-on,40.0,55.0,5.0,0.0,0.0,0.0,False,No cal rebalancejar
weekly_friday,2011-06-10,71.11,neutral,neutral,positiu,positiu,positiu,risc-on,,0,risc-on,False,risc-on,40.0,55.0,5.0,0.0,0.0,0.0,False,No cal rebalancejar
weekly_thursday,2011-06-16,71.11,neutral,neutral,positiu,positiu,positiu,risc-on,,0,risc-on,False,risc-on,40.0,55.0,5.0,0.0,0.0,0.0,False,No cal rebalancejar
weekly_friday,2011-06-17,71.11,neutral,neutral,positiu,positiu,positiu,risc-on,,0,risc-on,False,risc-on,40.0,55.0,5.0,0.0,0.0,0.0,False,No cal rebalancejar
weekly_thursday,2011-06-23,71.11,neutral,neutral,positiu,positiu,positiu,risc-on,,0,risc-on,False,risc-on,40.0,55.0,5.0,0.0,0.0,0.0,False,No cal rebalancejar
weekly_friday,2011-06-24,71.11,neutral,neutral,positiu,positiu,positiu,risc-on,,0,risc-on,False,risc-on,40.0,55.0,5.0,0.0,0.0,0.0,False,No cal rebalancejar
weekly_thursday,2011-06-30,100.0,positiu,positiu,positiu,positiu,positiu,risc-on,,0,risc-on,False,risc-on,40.0,55.0,5.0,0.0,0.0,0.0,False,No cal rebalancejar
weekly_friday,2011-07-01,100.0,positiu,positiu,positiu,positiu,positiu,risc-on,,0,risc-on,False,risc-on,40.0,55.0,5.0,0.0,0.0,0.0,False,No cal rebalancejar
weekly_thursday,2011-07-07,100.0,positiu,positiu,positiu,positiu,positiu,risc-on,,0,risc-on,False,risc-on,40.0,55.0,5.0,0.0,0.0,0.0,False,No cal rebalancejar
weekly_friday,2011-07-08,100.0,positiu,positiu,positiu,positiu,positiu,risc-on,,0,risc-on,False,risc-on,40.0,55.0,5.0,0.0,0.0,0.0,False,No cal rebalancejar
weekly_thursday,2011-07-14,71.11,neutral,neutral,positiu,positiu,positiu,risc-on,,0,risc-on,False,risc-on,40.0,55.0,5.0,0.0,0.0,0.0,False,No cal rebalancejar
weekly_friday,2011-07-15,82.22,neutral,positiu,positiu,positiu,positiu,risc-on,,0,risc-on,False,risc-on,40.0,55.0,5.0,0.0,0.0,0.0,False,No cal rebalancejar
weekly_thursday,2011-07-21,100.0,positiu,positiu,positiu,positiu,positiu,risc-on,,0,risc-on,False,risc-on,40.0,55.0,5.0,0.0,0.0,0.0,False,No cal rebalancejar
weekly_friday,2011-07-22,100.0,positiu,positiu,positiu,positiu,positiu,risc-on,,0,risc-on,False,risc-on,40.0,55.0,5.0,0.0,0.0,0.0,False,No cal rebalancejar
weekly_thursday,2011-07-28,82.22,neutral,positiu,positiu,positiu,positiu,risc-on,,0,risc-on,False,risc-on,40.0,55.0,5.0,0.0,0.0,0.0,False,No cal rebalancejar
weekly_friday,2011-07-29,82.22,neutral,positiu,positiu,positiu,positiu,risc-on,,0,risc-on,False,risc-on,40.0,55.0,5.0,0.0,0.0,0.0,False,No cal rebalancejar
weekly_thursday,2011-08-04,35.55,negatiu,negatiu,neutral,positiu,positiu,defensiu,defensiu,1,risc-on,False,risc-on,40.0,55.0,5.0,0.0,0.0,0.0,False,No cal rebalancejar
weekly_friday,2011-08-05,35.55,negatiu,negatiu,neutral,positiu,positiu,defensiu,defensiu,1,risc-on,False,risc-on,40.0,55.0,5.0,0.0,0.0,0.0,False,No cal rebalancejar
weekly_thursday,2011-08-11,37.77,negatiu,negatiu,positiu,neutral,positiu,defensiu,defensiu,2,risc-on,False,risc-on,40.0,55.0,5.0,0.0,0.0,0.0,False,No cal rebalancejar
weekly_friday,2011-08-12,37.77,negatiu,negatiu,positiu,neutral,positiu,defensiu,defensiu,2,risc-on,False,risc-on,40.0,55.0,5.0,0.0,0.0,0.0,False,No cal rebalancejar
weekly_thursday,2011-08-18,31.11,negatiu,negatiu,neutral,neutral,positiu,defensiu,defensiu,3,risc-on,False,risc-on,40.0,55.0,5.0,0.0,0.0,0.0,False,No cal rebalancejar
weekly_friday,2011-08-19,31.11,negatiu,negatiu,neutral,neutral,positiu,defensiu,defensiu,3,risc-on,False,risc-on,40.0,55.0,5.0,0.0,0.0,0.0,False,No cal rebalancejar
weekly_thursday,2011-08-25,37.77,negatiu,negatiu,positiu,neutral,positiu,defensiu,,0,defensiu,False,defensiu,45.0,15.0,40.0,5.0,-40.0,35.0,True,Comprar 5 pp MSCI World; Vendre 40 pp Nasdaq; Comprar 35 pp Monetari
weekly_friday,2011-08-26,37.77,negatiu,negatiu,positiu,neutral,positiu,defensiu,,0,defensiu,False,defensiu,45.0,15.0,40.0,5.0,-40.0,35.0,True,Comprar 5 pp MSCI World; Vendre 40 pp Nasdaq; Comprar 35 pp Monetari
weekly_thursday,2011-09-01,48.88,negatiu,neutral,positiu,neutral,positiu,defensiu,,0,defensiu,False,defensiu,45.0,15.0,40.0,0.0,0.0,0.0,False,No cal rebalancejar
weekly_friday,2011-09-02,31.11,negatiu,negatiu,neutral,neutral,positiu,defensiu,,0,defensiu,False,defensiu,45.0,15.0,40.0,0.0,0.0,0.0,False,No cal rebalancejar
weekly_thursday,2011-09-08,31.11,negatiu,negatiu,neutral,neutral,positiu,defensiu,,0,defensiu,False,defensiu,45.0,15.0,40.0,0.0,0.0,0.0,False,No cal rebalancejar
weekly_friday,2011-09-09,31.11,negatiu,negatiu,neutral,neutral,positiu,defensiu,,0,defensiu,False,defensiu,45.0,15.0,40.0,0.0,0.0,0.0,False,No cal rebalancejar
weekly_thursday,2011-09-15,42.22,negatiu,neutral,neutral,neutral,positiu,defensiu,,0,defensiu,False,defensiu,45.0,15.0,40.0,0.0,0.0,0.0,False,No cal rebalancejar
weekly_friday,2011-09-16,42.22,negatiu,neutral,neutral,neutral,positiu,defensiu,,0,defensiu,False,defensiu,45.0,15.0,40.0,0.0,0.0,0.0,False,No cal rebalancejar
weekly_thursday,2011-09-22,24.45,negatiu,negatiu,negatiu,neutral,positiu,defensiu,,0,defensiu,False,defensiu,45.0,15.0,40.0,0.0,0.0,0.0,False,No cal rebalancejar
weekly_friday,2011-09-23,24.45,negatiu,negatiu,negatiu,neutral,positiu,defensiu,,0,defensiu,False,defensiu,45.0,15.0,40.0,0.0,0.0,0.0,False,No cal rebalancejar
weekly_thursday,2011-09-29,31.11,negatiu,negatiu,neutral,neutral,positiu,defensiu,,0,defensiu,False,defensiu,45.0,15.0,40.0,0.0,0.0,0.0,False,No cal rebalancejar
weekly_friday,2011-09-30,24.45,negatiu,negatiu,negatiu,neutral,positiu,defensiu,,0,defensiu,False,defensiu,45.0,15.0,40.0,0.0,0.0,0.0,False,No cal rebalancejar
weekly_thursday,2011-10-06,20.0,negatiu,negatiu,negatiu,negatiu,positiu,defensiu,,0,defensiu,False,defensiu,45.0,15.0,40.0,0.0,0.0,0.0,False,No cal rebalancejar
weekly_friday,2011-10-07,20.0,negatiu,negatiu,negatiu,negatiu,positiu,defensiu,,0,defensiu,False,defensiu,45.0,15.0,40.0,0.0,0.0,0.0,False,No cal rebalancejar
weekly_thursday,2011-10-13,37.77,negatiu,neutral,neutral,negatiu,positiu,defensiu,,0,defensiu,False,defensiu,45.0,15.0,40.0,0.0,0.0,0.0,False,No cal rebalancejar
weekly_friday,2011-10-14,48.88,negatiu,positiu,neutral,negatiu,positiu,defensiu,,0,defensiu,False,defensiu,45.0,15.0,40.0,0.0,0.0,0.0,False,No cal rebalancejar
weekly_thursday,2011-10-20,37.77,negatiu,neutral,neutral,negatiu,positiu,defensiu,,0,defensiu,False,defensiu,45.0,15.0,40.0,0.0,0.0,0.0,False,No cal rebalancejar
weekly_friday,2011-10-21,37.77,negatiu,neutral,neutral,negatiu,positiu,defensiu,,0,defensiu,False,defensiu,45.0,15.0,40.0,0.0,0.0,0.0,False,No cal rebalancejar
weekly_thursday,2011-10-27,66.66,neutral,positiu,neutral,negatiu,positiu,normal,normal,1,defensiu,False,defensiu,45.0,15.0,40.0,0.0,0.0,0.0,False,No cal rebalancejar
weekly_friday,2011-10-28,66.66,neutral,positiu,neutral,negatiu,positiu,normal,normal,1,defensiu,False,defensiu,45.0,15.0,40.0,0.0,0.0,0.0,False,No cal rebalancejar
weekly_thursday,2011-11-03,48.88,negatiu,positiu,neutral,negatiu,positiu,defensiu,,0,defensiu,False,defensiu,45.0,15.0,40.0,0.0,0.0,0.0,False,No cal rebalancejar
weekly_friday,2011-11-04,37.77,negatiu,neutral,neutral,negatiu,positiu,defensiu,,0,defensiu,False,defensiu,45.0,15.0,40.0,0.0,0.0,0.0,False,No cal rebalancejar
weekly_thursday,2011-11-10,35.55,negatiu,neutral,negatiu,neutral,positiu,defensiu,,0,defensiu,False,defensiu,45.0,15.0,40.0,0.0,0.0,0.0,False,No cal rebalancejar
weekly_friday,2011-11-11,42.22,negatiu,neutral,neutral,neutral,positiu,defensiu,,0,defensiu,False,defensiu,45.0,15.0,40.0,0.0,0.0,0.0,False,No cal rebalancejar
weekly_thursday,2011-11-17,35.55,negatiu,neutral,negatiu,neutral,positiu,defensiu,,0,defensiu,False,defensiu,45.0,15.0,40.0,0.0,0.0,0.0,False,No cal rebalancejar
weekly_friday,2011-11-18,35.55,negatiu,neutral,negatiu,neutral,positiu,defensiu,,0,defensiu,False,defensiu,45.0,15.0,40.0,0.0,0.0,0.0,False,No cal rebalancejar
weekly_thursday,2011-11-24,24.45,negatiu,negatiu,negatiu,neutral,positiu,defensiu,,0,defensiu,False,defensiu,45.0,15.0,40.0,0.0,0.0,0.0,False,No cal rebalancejar
weekly_friday,2011-11-25,24.45,negatiu,negatiu,negatiu,neutral,positiu,defensiu,,0,defensiu,False,defensiu,45.0,15.0,40.0,0.0,0.0,0.0,False,No cal rebalancejar
weekly_thursday,2011-12-01,37.77,negatiu,neutral,neutral,negatiu,positiu,defensiu,,0,defensiu,False,defensiu,45.0,15.0,40.0,0.0,0.0,0.0,False,No cal rebalancejar
weekly_friday,2011-12-02,42.22,negatiu,neutral,neutral,neutral,positiu,defensiu,,0,defensiu,False,defensiu,45.0,15.0,40.0,0.0,0.0,0.0,False,No cal rebalancejar
weekly_thursday,2011-12-08,35.55,negatiu,neutral,negatiu,neutral,positiu,defensiu,,0,defensiu,False,defensiu,45.0,15.0,40.0,0.0,0.0,0.0,False,No cal rebalancejar
weekly_friday,2011-12-09,35.55,negatiu,neutral,negatiu,neutral,positiu,defensiu,,0,defensiu,False,defensiu,45.0,15.0,40.0,0.0,0.0,0.0,False,No cal rebalancejar
weekly_thursday,2011-12-15,35.55,negatiu,neutral,negatiu,neutral,positiu,defensiu,,0,defensiu,False,defensiu,45.0,15.0,40.0,0.0,0.0,0.0,False,No cal rebalancejar
weekly_friday,2011-12-16,35.55,negatiu,neutral,negatiu,neutral,positiu,defensiu,,0,defensiu,False,defensiu,45.0,15.0,40.0,0.0,0.0,0.0,False,No cal rebalancejar
weekly_thursday,2011-12-22,35.55,negatiu,neutral,negatiu,neutral,positiu,defensiu,,0,defensiu,False,defensiu,45.0,15.0,40.0,0.0,0.0,0.0,False,No cal rebalancejar
weekly_friday,2011-12-23,35.55,negatiu,neutral,negatiu,neutral,positiu,defensiu,,0,defensiu,False,defensiu,45.0,15.0,40.0,0.0,0.0,0.0,False,No cal rebalancejar
weekly_thursday,2011-12-29,35.55,negatiu,neutral,negatiu,neutral,positiu,defensiu,,0,defensiu,False,defensiu,45.0,15.0,40.0,0.0,0.0,0.0,False,No cal rebalancejar
weekly_friday,2011-12-30,35.55,negatiu,neutral,negatiu,neutral,positiu,defensiu,,0,defensiu,False,defensiu,45.0,15.0,40.0,0.0,0.0,0.0,False,No cal rebalancejar
weekly_thursday,2012-01-05,35.55,negatiu,neutral,negatiu,neutral,positiu,defensiu,,0,defensiu,False,defensiu,45.0,15.0,40.0,0.0,0.0,0.0,False,No cal rebalancejar
weekly_friday,2012-01-06,35.55,negatiu,neutral,negatiu,neutral,positiu,defensiu,,0,defensiu,False,defensiu,45.0,15.0,40.0,0.0,0.0,0.0,False,No cal rebalancejar
weekly_thursday,2012-01-12,64.44,neutral,positiu,negatiu,neutral,positiu,normal,normal,1,defensiu,False,defensiu,45.0,15.0,40.0,0.0,0.0,0.0,False,No cal rebalancejar
weekly_friday,2012-01-13,64.44,neutral,positiu,negatiu,neutral,positiu,normal,normal,1,defensiu,False,defensiu,45.0,15.0,40.0,0.0,0.0,0.0,False,No cal rebalancejar
weekly_thursday,2012-01-19,64.44,neutral,positiu,negatiu,neutral,positiu,normal,normal,2,defensiu,False,defensiu,45.0,15.0,40.0,0.0,0.0,0.0,False,No cal rebalancejar
weekly_friday,2012-01-20,71.11,neutral,positiu,neutral,neutral,positiu,normal,normal,2,defensiu,False,defensiu,45.0,15.0,40.0,0.0,0.0,0.0,False,No cal rebalancejar
weekly_thursday,2012-01-26,64.44,neutral,positiu,negatiu,neutral,positiu,normal,normal,3,defensiu,False,defensiu,45.0,15.0,40.0,0.0,0.0,0.0,False,No cal rebalancejar
weekly_friday,2012-01-27,64.44,neutral,positiu,negatiu,neutral,positiu,normal,normal,3,defensiu,False,defensiu,45.0,15.0,40.0,0.0,0.0,0.0,False,No cal rebalancejar
weekly_thursday,2012-02-02,68.89,neutral,positiu,negatiu,positiu,positiu,normal,,0,normal,False,normal,60.0,25.0,15.0,15.0,10.0,-25.0,True,Comprar 15 pp MSCI World; Comprar 10 pp Nasdaq; Vendre 25 pp Monetari
weekly_friday,2012-02-03,93.34,positiu,positiu,neutral,positiu,positiu,risc-on,risc-on,1,defensiu,False,defensiu,45.0,15.0,40.0,0.0,0.0,0.0,False,No cal rebalancejar
weekly_thursday,2012-02-09,93.34,positiu,positiu,neutral,positiu,positiu,risc-on,risc-on,1,normal,False,normal,60.0,25.0,15.0,15.0,10.0,-25.0,True,Comprar 15 pp MSCI World; Comprar 10 pp Nasdaq; Vendre 25 pp Monetari
weekly_friday,2012-02-10,86.67,positiu,positiu,negatiu,positiu,positiu,risc-on,risc-on,2,defensiu,False,defensiu,45.0,15.0,40.0,0.0,0.0,0.0,False,No cal rebalancejar
weekly_thursday,2012-02-16,86.67,positiu,positiu,negatiu,positiu,positiu,risc-on,risc-on,2,normal,False,normal,60.0,25.0,15.0,15.0,10.0,-25.0,True,Comprar 15 pp MSCI World; Comprar 10 pp Nasdaq; Vendre 25 pp Monetari
weekly_friday,2012-02-17,86.67,positiu,positiu,negatiu,positiu,positiu,risc-on,risc-on,3,defensiu,False,defensiu,45.0,15.0,40.0,0.0,0.0,0.0,False,No cal rebalancejar
weekly_thursday,2012-02-23,93.34,positiu,positiu,neutral,positiu,positiu,risc-on,risc-on,3,normal,False,normal,60.0,25.0,15.0,15.0,10.0,-25.0,True,Comprar 15 pp MSCI World; Comprar 10 pp Nasdaq; Vendre 25 pp Monetari
weekly_friday,2012-02-24,93.34,positiu,positiu,neutral,positiu,positiu,risc-on,,0,risc-on,False,risc-on,40.0,55.0,5.0,-5.0,40.0,-35.0,True,Vendre 5 pp MSCI World; Comprar 40 pp Nasdaq; Vendre 35 pp Monetari
weekly_thursday,2012-03-01,93.34,positiu,positiu,neutral,positiu,positiu,risc-on,,0,risc-on,False,risc-on,40.0,55.0,5.0,0.0,0.0,0.0,False,No cal rebalancejar
weekly_friday,2012-03-02,93.34,positiu,positiu,neutral,positiu,positiu,risc-on,,0,risc-on,False,risc-on,40.0,55.0,5.0,0.0,0.0,0.0,False,No cal rebalancejar
weekly_thursday,2012-03-08,93.34,positiu,positiu,neutral,positiu,positiu,risc-on,,0,risc-on,False,risc-on,40.0,55.0,5.0,0.0,0.0,0.0,False,No cal rebalancejar
weekly_friday,2012-03-09,93.34,positiu,positiu,neutral,positiu,positiu,risc-on,,0,risc-on,False,risc-on,40.0,55.0,5.0,0.0,0.0,0.0,False,No cal rebalancejar
weekly_thursday,2012-03-15,93.34,positiu,positiu,neutral,positiu,positiu,risc-on,,0,risc-on,False,risc-on,40.0,55.0,5.0,0.0,0.0,0.0,False,No cal rebalancejar
weekly_friday,2012-03-16,93.34,positiu,positiu,neutral,positiu,positiu,risc-on,,0,risc-on,False,risc-on,40.0,55.0,5.0,0.0,0.0,0.0,False,No cal rebalancejar
weekly_thursday,2012-03-22,93.34,positiu,positiu,neutral,positiu,positiu,risc-on,,0,risc-on,False,risc-on,40.0,55.0,5.0,0.0,0.0,0.0,False,No cal rebalancejar
weekly_friday,2012-03-23,93.34,positiu,positiu,neutral,positiu,positiu,risc-on,,0,risc-on,False,risc-on,40.0,55.0,5.0,0.0,0.0,0.0,False,No cal rebalancejar
weekly_thursday,2012-03-29,93.34,positiu,positiu,neutral,positiu,positiu,risc-on,,0,risc-on,False,risc-on,40.0,55.0,5.0,0.0,0.0,0.0,False,No cal rebalancejar
weekly_friday,2012-03-30,93.34,positiu,positiu,neutral,positiu,positiu,risc-on,,0,risc-on,False,risc-on,40.0,55.0,5.0,0.0,0.0,0.0,False,No cal rebalancejar
weekly_thursday,2012-04-05,93.34,positiu,positiu,neutral,positiu,positiu,risc-on,,0,risc-on,False,risc-on,40.0,55.0,5.0,0.0,0.0,0.0,False,No cal rebalancejar
weekly_friday,2012-04-06,93.34,positiu,positiu,neutral,positiu,positiu,risc-on,,0,risc-on,False,risc-on,40.0,55.0,5.0,0.0,0.0,0.0,False,No cal rebalancejar
weekly_thursday,2012-04-12,93.34,positiu,positiu,neutral,positiu,positiu,risc-on,,0,risc-on,False,risc-on,40.0,55.0,5.0,0.0,0.0,0.0,False,No cal rebalancejar
weekly_friday,2012-04-13,86.67,positiu,positiu,negatiu,positiu,positiu,risc-on,,0,risc-on,False,risc-on,40.0,55.0,5.0,0.0,0.0,0.0,False,No cal rebalancejar
weekly_thursday,2012-04-19,93.34,positiu,positiu,neutral,positiu,positiu,risc-on,,0,risc-on,False,risc-on,40.0,55.0,5.0,0.0,0.0,0.0,False,No cal rebalancejar
weekly_friday,2012-04-20,86.67,positiu,positiu,negatiu,positiu,positiu,risc-on,,0,risc-on,False,risc-on,40.0,55.0,5.0,0.0,0.0,0.0,False,No cal rebalancejar
weekly_thursday,2012-04-26,86.67,positiu,positiu,negatiu,positiu,positiu,risc-on,,0,risc-on,False,risc-on,40.0,55.0,5.0,0.0,0.0,0.0,False,No cal rebalancejar
weekly_friday,2012-04-27,86.67,positiu,positiu,negatiu,positiu,positiu,risc-on,,0,risc-on,False,risc-on,40.0,55.0,5.0,0.0,0.0,0.0,False,No cal rebalancejar
weekly_thursday,2012-05-03,86.67,positiu,positiu,negatiu,positiu,positiu,risc-on,,0,risc-on,False,risc-on,40.0,55.0,5.0,0.0,0.0,0.0,False,No cal rebalancejar
weekly_friday,2012-05-04,86.67,positiu,positiu,negatiu,positiu,positiu,risc-on,,0,risc-on,False,risc-on,40.0,55.0,5.0,0.0,0.0,0.0,False,No cal rebalancejar
weekly_thursday,2012-05-10,68.89,neutral,positiu,negatiu,positiu,positiu,risc-on,,0,risc-on,False,risc-on,40.0,55.0,5.0,0.0,0.0,0.0,False,No cal rebalancejar
weekly_friday,2012-05-11,68.89,neutral,positiu,negatiu,positiu,positiu,risc-on,,0,risc-on,False,risc-on,40.0,55.0,5.0,0.0,0.0,0.0,False,No cal rebalancejar
weekly_thursday,2012-05-17,68.89,neutral,positiu,negatiu,positiu,positiu,risc-on,,0,risc-on,False,risc-on,40.0,55.0,5.0,0.0,0.0,0.0,False,No cal rebalancejar
weekly_friday,2012-05-18,40.0,negatiu,neutral,negatiu,positiu,positiu,normal,normal,1,risc-on,False,risc-on,40.0,55.0,5.0,0.0,0.0,0.0,False,No cal rebalancejar
weekly_thursday,2012-05-24,68.89,neutral,positiu,negatiu,positiu,positiu,risc-on,,0,risc-on,False,risc-on,40.0,55.0,5.0,0.0,0.0,0.0,False,No cal rebalancejar
weekly_friday,2012-05-25,68.89,neutral,positiu,negatiu,positiu,positiu,risc-on,,0,risc-on,False,risc-on,40.0,55.0,5.0,0.0,0.0,0.0,False,No cal rebalancejar
weekly_thursday,2012-05-31,51.11,negatiu,positiu,negatiu,positiu,positiu,normal,normal,1,risc-on,False,risc-on,40.0,55.0,5.0,0.0,0.0,0.0,False,No cal rebalancejar
weekly_friday,2012-06-01,40.0,negatiu,neutral,negatiu,positiu,positiu,normal,normal,1,risc-on,False,risc-on,40.0,55.0,5.0,0.0,0.0,0.0,False,No cal rebalancejar
weekly_thursday,2012-06-07,68.89,neutral,positiu,negatiu,positiu,positiu,risc-on,,0,risc-on,False,risc-on,40.0,55.0,5.0,0.0,0.0,0.0,False,No cal rebalancejar
weekly_friday,2012-06-08,68.89,neutral,positiu,negatiu,positiu,positiu,risc-on,,0,risc-on,False,risc-on,40.0,55.0,5.0,0.0,0.0,0.0,False,No cal rebalancejar
weekly_thursday,2012-06-14,68.89,neutral,positiu,negatiu,positiu,positiu,risc-on,,0,risc-on,False,risc-on,40.0,55.0,5.0,0.0,0.0,0.0,False,No cal rebalancejar
weekly_friday,2012-06-15,68.89,neutral,positiu,negatiu,positiu,positiu,risc-on,,0,risc-on,False,risc-on,40.0,55.0,5.0,0.0,0.0,0.0,False,No cal rebalancejar
weekly_thursday,2012-06-21,68.89,neutral,positiu,negatiu,positiu,positiu,risc-on,,0,risc-on,False,risc-on,40.0,55.0,5.0,0.0,0.0,0.0,False,No cal rebalancejar
weekly_friday,2012-06-22,68.89,neutral,positiu,negatiu,positiu,positiu,risc-on,,0,risc-on,False,risc-on,40.0,55.0,5.0,0.0,0.0,0.0,False,No cal rebalancejar
weekly_thursday,2012-06-28,57.78,neutral,neutral,negatiu,positiu,positiu,normal,normal,1,risc-on,False,risc-on,40.0,55.0,5.0,0.0,0.0,0.0,False,No cal rebalancejar
weekly_friday,2012-06-29,68.89,neutral,positiu,negatiu,positiu,positiu,risc-on,,0,risc-on,False,risc-on,40.0,55.0,5.0,0.0,0.0,0.0,False,No cal rebalancejar
weekly_thursday,2012-07-05,68.89,neutral,positiu,negatiu,positiu,positiu,risc-on,,0,risc-on,False,risc-on,40.0,55.0,5.0,0.0,0.0,0.0,False,No cal rebalancejar
weekly_friday,2012-07-06,68.89,neutral,positiu,negatiu,positiu,positiu,risc-on,,0,risc-on,False,risc-on,40.0,55.0,5.0,0.0,0.0,0.0,False,No cal rebalancejar
weekly_thursday,2012-07-12,57.78,neutral,neutral,negatiu,positiu,positiu,normal,normal,1,risc-on,False,risc-on,40.0,55.0,5.0,0.0,0.0,0.0,False,No cal rebalancejar
weekly_friday,2012-07-13,68.89,neutral,positiu,negatiu,positiu,positiu,risc-on,,0,risc-on,False,risc-on,40.0,55.0,5.0,0.0,0.0,0.0,False,No cal rebalancejar
weekly_thursday,2012-07-19,68.89,neutral,positiu,negatiu,positiu,positiu,risc-on,,0,risc-on,False,risc-on,40.0,55.0,5.0,0.0,0.0,0.0,False,No cal rebalancejar
weekly_friday,2012-07-20,68.89,neutral,positiu,negatiu,positiu,positiu,risc-on,,0,risc-on,False,risc-on,40.0,55.0,5.0,0.0,0.0,0.0,False,No cal rebalancejar
weekly_thursday,2012-07-26,68.89,neutral,positiu,negatiu,positiu,positiu,risc-on,,0,risc-on,False,risc-on,40.0,55.0,5.0,0.0,0.0,0.0,False,No cal rebalancejar
weekly_friday,2012-07-27,75.56,neutral,positiu,neutral,positiu,positiu,risc-on,,0,risc-on,False,risc-on,40.0,55.0,5.0,0.0,0.0,0.0,False,No cal rebalancejar
weekly_thursday,2012-08-02,75.56,neutral,positiu,neutral,positiu,positiu,risc-on,,0,risc-on,False,risc-on,40.0,55.0,5.0,0.0,0.0,0.0,False,No cal rebalancejar
weekly_friday,2012-08-03,75.56,neutral,positiu,neutral,positiu,positiu,risc-on,,0,risc-on,False,risc-on,40.0,55.0,5.0,0.0,0.0,0.0,False,No cal rebalancejar
weekly_thursday,2012-08-09,100.0,positiu,positiu,positiu,positiu,positiu,risc-on,,0,risc-on,False,risc-on,40.0,55.0,5.0,0.0,0.0,0.0,False,No cal rebalancejar
weekly_friday,2012-08-10,100.0,positiu,positiu,positiu,positiu,positiu,risc-on,,0,risc-on,False,risc-on,40.0,55.0,5.0,0.0,0.0,0.0,False,No cal rebalancejar
weekly_thursday,2012-08-16,100.0,positiu,positiu,positiu,positiu,positiu,risc-on,,0,risc-on,False,risc-on,40.0,55.0,5.0,0.0,0.0,0.0,False,No cal rebalancejar
weekly_friday,2012-08-17,100.0,positiu,positiu,positiu,positiu,positiu,risc-on,,0,risc-on,False,risc-on,40.0,55.0,5.0,0.0,0.0,0.0,False,No cal rebalancejar
weekly_thursday,2012-08-23,100.0,positiu,positiu,positiu,positiu,positiu,risc-on,,0,risc-on,False,risc-on,40.0,55.0,5.0,0.0,0.0,0.0,False,No cal rebalancejar
weekly_friday,2012-08-24,100.0,positiu,positiu,positiu,positiu,positiu,risc-on,,0,risc-on,False,risc-on,40.0,55.0,5.0,0.0,0.0,0.0,False,No cal rebalancejar
weekly_thursday,2012-08-30,82.22,neutral,positiu,positiu,positiu,positiu,risc-on,,0,risc-on,False,risc-on,40.0,55.0,5.0,0.0,0.0,0.0,False,No cal rebalancejar
weekly_friday,2012-08-31,100.0,positiu,positiu,positiu,positiu,positiu,risc-on,,0,risc-on,False,risc-on,40.0,55.0,5.0,0.0,0.0,0.0,False,No cal rebalancejar
weekly_thursday,2012-09-06,100.0,positiu,positiu,positiu,positiu,positiu,risc-on,,0,risc-on,False,risc-on,40.0,55.0,5.0,0.0,0.0,0.0,False,No cal rebalancejar
weekly_friday,2012-09-07,100.0,positiu,positiu,positiu,positiu,positiu,risc-on,,0,risc-on,False,risc-on,40.0,55.0,5.0,0.0,0.0,0.0,False,No cal rebalancejar
weekly_thursday,2012-09-13,100.0,positiu,positiu,positiu,positiu,positiu,risc-on,,0,risc-on,False,risc-on,40.0,55.0,5.0,0.0,0.0,0.0,False,No cal rebalancejar
weekly_friday,2012-09-14,100.0,positiu,positiu,positiu,positiu,positiu,risc-on,,0,risc-on,False,risc-on,40.0,55.0,5.0,0.0,0.0,0.0,False,No cal rebalancejar
weekly_thursday,2012-09-20,100.0,positiu,positiu,positiu,positiu,positiu,risc-on,,0,risc-on,False,risc-on,40.0,55.0,5.0,0.0,0.0,0.0,False,No cal rebalancejar
weekly_friday,2012-09-21,100.0,positiu,positiu,positiu,positiu,positiu,risc-on,,0,risc-on,False,risc-on,40.0,55.0,5.0,0.0,0.0,0.0,False,No cal rebalancejar
weekly_thursday,2012-09-27,100.0,positiu,positiu,positiu,positiu,positiu,risc-on,,0,risc-on,False,risc-on,40.0,55.0,5.0,0.0,0.0,0.0,False,No cal rebalancejar
weekly_friday,2012-09-28,100.0,positiu,positiu,positiu,positiu,positiu,risc-on,,0,risc-on,False,risc-on,40.0,55.0,5.0,0.0,0.0,0.0,False,No cal rebalancejar
weekly_thursday,2012-10-04,100.0,positiu,positiu,positiu,positiu,positiu,risc-on,,0,risc-on,False,risc-on,40.0,55.0,5.0,0.0,0.0,0.0,False,No cal rebalancejar
weekly_friday,2012-10-05,100.0,positiu,positiu,positiu,positiu,positiu,risc-on,,0,risc-on,False,risc-on,40.0,55.0,5.0,0.0,0.0,0.0,False,No cal rebalancejar
weekly_thursday,2012-10-11,100.0,positiu,positiu,positiu,positiu,positiu,risc-on,,0,risc-on,False,risc-on,40.0,55.0,5.0,0.0,0.0,0.0,False,No cal rebalancejar
weekly_friday,2012-10-12,100.0,positiu,positiu,positiu,positiu,positiu,risc-on,,0,risc-on,False,risc-on,40.0,55.0,5.0,0.0,0.0,0.0,False,No cal rebalancejar
weekly_thursday,2012-10-18,100.0,positiu,positiu,positiu,positiu,positiu,risc-on,,0,risc-on,False,risc-on,40.0,55.0,5.0,0.0,0.0,0.0,False,No cal rebalancejar
weekly_friday,2012-10-19,88.89,positiu,neutral,positiu,positiu,positiu,risc-on,,0,risc-on,False,risc-on,40.0,55.0,5.0,0.0,0.0,0.0,False,No cal rebalancejar
weekly_thursday,2012-10-25,71.11,neutral,neutral,positiu,positiu,positiu,risc-on,,0,risc-on,False,risc-on,40.0,55.0,5.0,0.0,0.0,0.0,False,No cal rebalancejar
weekly_friday,2012-10-26,64.44,neutral,neutral,neutral,positiu,positiu,normal,normal,1,risc-on,False,risc-on,40.0,55.0,5.0,0.0,0.0,0.0,False,No cal rebalancejar
weekly_thursday,2012-11-01,88.89,positiu,neutral,positiu,positiu,positiu,risc-on,,0,risc-on,False,risc-on,40.0,55.0,5.0,0.0,0.0,0.0,False,No cal rebalancejar
weekly_friday,2012-11-02,71.11,neutral,neutral,positiu,positiu,positiu,risc-on,,0,risc-on,False,risc-on,40.0,55.0,5.0,0.0,0.0,0.0,False,No cal rebalancejar
weekly_thursday,2012-11-08,60.0,neutral,negatiu,positiu,positiu,positiu,normal,normal,1,risc-on,False,risc-on,40.0,55.0,5.0,0.0,0.0,0.0,False,No cal rebalancejar
weekly_friday,2012-11-09,64.44,neutral,neutral,neutral,positiu,positiu,normal,normal,1,risc-on,False,risc-on,40.0,55.0,5.0,0.0,0.0,0.0,False,No cal rebalancejar
weekly_thursday,2012-11-15,60.0,neutral,negatiu,positiu,positiu,positiu,normal,normal,2,risc-on,False,risc-on,40.0,55.0,5.0,0.0,0.0,0.0,False,No cal rebalancejar
weekly_friday,2012-11-16,60.0,neutral,negatiu,positiu,positiu,positiu,normal,normal,2,risc-on,False,risc-on,40.0,55.0,5.0,0.0,0.0,0.0,False,No cal rebalancejar
weekly_thursday,2012-11-22,71.11,neutral,neutral,positiu,positiu,positiu,risc-on,,0,risc-on,False,risc-on,40.0,55.0,5.0,0.0,0.0,0.0,False,No cal rebalancejar
weekly_friday,2012-11-23,71.11,neutral,neutral,positiu,positiu,positiu,risc-on,,0,risc-on,False,risc-on,40.0,55.0,5.0,0.0,0.0,0.0,False,No cal rebalancejar
weekly_thursday,2012-11-29,88.89,positiu,neutral,positiu,positiu,positiu,risc-on,,0,risc-on,False,risc-on,40.0,55.0,5.0,0.0,0.0,0.0,False,No cal rebalancejar
weekly_friday,2012-11-30,88.89,positiu,neutral,positiu,positiu,positiu,risc-on,,0,risc-on,False,risc-on,40.0,55.0,5.0,0.0,0.0,0.0,False,No cal rebalancejar
weekly_thursday,2012-12-06,88.89,positiu,neutral,positiu,positiu,positiu,risc-on,,0,risc-on,False,risc-on,40.0,55.0,5.0,0.0,0.0,0.0,False,No cal rebalancejar
weekly_friday,2012-12-07,88.89,positiu,neutral,positiu,positiu,positiu,risc-on,,0,risc-on,False,risc-on,40.0,55.0,5.0,0.0,0.0,0.0,False,No cal rebalancejar
weekly_thursday,2012-12-13,88.89,positiu,neutral,positiu,positiu,positiu,risc-on,,0,risc-on,False,risc-on,40.0,55.0,5.0,0.0,0.0,0.0,False,No cal rebalancejar
weekly_friday,2012-12-14,88.89,positiu,neutral,positiu,positiu,positiu,risc-on,,0,risc-on,False,risc-on,40.0,55.0,5.0,0.0,0.0,0.0,False,No cal rebalancejar
weekly_thursday,2012-12-20,88.89,positiu,neutral,positiu,positiu,positiu,risc-on,,0,risc-on,False,risc-on,40.0,55.0,5.0,0.0,0.0,0.0,False,No cal rebalancejar
weekly_friday,2012-12-21,88.89,positiu,neutral,positiu,positiu,positiu,risc-on,,0,risc-on,False,risc-on,40.0,55.0,5.0,0.0,0.0,0.0,False,No cal rebalancejar
weekly_thursday,2012-12-27,88.89,positiu,neutral,positiu,positiu,positiu,risc-on,,0,risc-on,False,risc-on,40.0,55.0,5.0,0.0,0.0,0.0,False,No cal rebalancejar
weekly_friday,2012-12-28,88.89,positiu,neutral,positiu,positiu,positiu,risc-on,,0,risc-on,False,risc-on,40.0,55.0,5.0,0.0,0.0,0.0,False,No cal rebalancejar
weekly_thursday,2013-01-03,88.89,positiu,neutral,positiu,positiu,positiu,risc-on,,0,risc-on,False,risc-on,40.0,55.0,5.0,0.0,0.0,0.0,False,No cal rebalancejar
weekly_friday,2013-01-04,88.89,positiu,neutral,positiu,positiu,positiu,risc-on,,0,risc-on,False,risc-on,40.0,55.0,5.0,0.0,0.0,0.0,False,No cal rebalancejar
weekly_thursday,2013-01-10,88.89,positiu,neutral,positiu,positiu,positiu,risc-on,,0,risc-on,False,risc-on,40.0,55.0,5.0,0.0,0.0,0.0,False,No cal rebalancejar
weekly_friday,2013-01-11,88.89,positiu,neutral,positiu,positiu,positiu,risc-on,,0,risc-on,False,risc-on,40.0,55.0,5.0,0.0,0.0,0.0,False,No cal rebalancejar
weekly_thursday,2013-01-17,88.89,positiu,neutral,positiu,positiu,positiu,risc-on,,0,risc-on,False,risc-on,40.0,55.0,5.0,0.0,0.0,0.0,False,No cal rebalancejar
weekly_friday,2013-01-18,88.89,positiu,neutral,positiu,positiu,positiu,risc-on,,0,risc-on,False,risc-on,40.0,55.0,5.0,0.0,0.0,0.0,False,No cal rebalancejar
weekly_thursday,2013-01-24,88.89,positiu,neutral,positiu,positiu,positiu,risc-on,,0,risc-on,False,risc-on,40.0,55.0,5.0,0.0,0.0,0.0,False,No cal rebalancejar
weekly_friday,2013-01-25,88.89,positiu,neutral,positiu,positiu,positiu,risc-on,,0,risc-on,False,risc-on,40.0,55.0,5.0,0.0,0.0,0.0,False,No cal rebalancejar
weekly_thursday,2013-01-31,88.89,positiu,neutral,positiu,positiu,positiu,risc-on,,0,risc-on,False,risc-on,40.0,55.0,5.0,0.0,0.0,0.0,False,No cal rebalancejar
weekly_friday,2013-02-01,100.0,positiu,positiu,positiu,positiu,positiu,risc-on,,0,risc-on,False,risc-on,40.0,55.0,5.0,0.0,0.0,0.0,False,No cal rebalancejar
weekly_thursday,2013-02-07,88.89,positiu,neutral,positiu,positiu,positiu,risc-on,,0,risc-on,False,risc-on,40.0,55.0,5.0,0.0,0.0,0.0,False,No cal rebalancejar
weekly_friday,2013-02-08,100.0,positiu,positiu,positiu,positiu,positiu,risc-on,,0,risc-on,False,risc-on,40.0,55.0,5.0,0.0,0.0,0.0,False,No cal rebalancejar
weekly_thursday,2013-02-14,100.0,positiu,positiu,positiu,positiu,positiu,risc-on,,0,risc-on,False,risc-on,40.0,55.0,5.0,0.0,0.0,0.0,False,No cal rebalancejar
weekly_friday,2013-02-15,100.0,positiu,positiu,positiu,positiu,positiu,risc-on,,0,risc-on,False,risc-on,40.0,55.0,5.0,0.0,0.0,0.0,False,No cal rebalancejar
weekly_thursday,2013-02-21,88.89,positiu,neutral,positiu,positiu,positiu,risc-on,,0,risc-on,False,risc-on,40.0,55.0,5.0,0.0,0.0,0.0,False,No cal rebalancejar
weekly_friday,2013-02-22,88.89,positiu,neutral,positiu,positiu,positiu,risc-on,,0,risc-on,False,risc-on,40.0,55.0,5.0,0.0,0.0,0.0,False,No cal rebalancejar
weekly_thursday,2013-02-28,88.89,positiu,neutral,positiu,positiu,positiu,risc-on,,0,risc-on,False,risc-on,40.0,55.0,5.0,0.0,0.0,0.0,False,No cal rebalancejar
weekly_friday,2013-03-01,88.89,positiu,neutral,positiu,positiu,positiu,risc-on,,0,risc-on,False,risc-on,40.0,55.0,5.0,0.0,0.0,0.0,False,No cal rebalancejar
weekly_thursday,2013-03-07,100.0,positiu,positiu,positiu,positiu,positiu,risc-on,,0,risc-on,False,risc-on,40.0,55.0,5.0,0.0,0.0,0.0,False,No cal rebalancejar
weekly_friday,2013-03-08,100.0,positiu,positiu,positiu,positiu,positiu,risc-on,,0,risc-on,False,risc-on,40.0,55.0,5.0,0.0,0.0,0.0,False,No cal rebalancejar
weekly_thursday,2013-03-14,100.0,positiu,positiu,positiu,positiu,positiu,risc-on,,0,risc-on,False,risc-on,40.0,55.0,5.0,0.0,0.0,0.0,False,No cal rebalancejar
weekly_friday,2013-03-15,100.0,positiu,positiu,positiu,positiu,positiu,risc-on,,0,risc-on,False,risc-on,40.0,55.0,5.0,0.0,0.0,0.0,False,No cal rebalancejar
weekly_thursday,2013-03-21,88.89,positiu,neutral,positiu,positiu,positiu,risc-on,,0,risc-on,False,risc-on,40.0,55.0,5.0,0.0,0.0,0.0,False,No cal rebalancejar
weekly_friday,2013-03-22,100.0,positiu,positiu,positiu,positiu,positiu,risc-on,,0,risc-on,False,risc-on,40.0,55.0,5.0,0.0,0.0,0.0,False,No cal rebalancejar
weekly_thursday,2013-03-28,100.0,positiu,positiu,positiu,positiu,positiu,risc-on,,0,risc-on,False,risc-on,40.0,55.0,5.0,0.0,0.0,0.0,False,No cal rebalancejar
weekly_friday,2013-03-29,100.0,positiu,positiu,positiu,positiu,positiu,risc-on,,0,risc-on,False,risc-on,40.0,55.0,5.0,0.0,0.0,0.0,False,No cal rebalancejar
weekly_thursday,2013-04-04,100.0,positiu,positiu,positiu,positiu,positiu,risc-on,,0,risc-on,False,risc-on,40.0,55.0,5.0,0.0,0.0,0.0,False,No cal rebalancejar
weekly_friday,2013-04-05,88.89,positiu,neutral,positiu,positiu,positiu,risc-on,,0,risc-on,False,risc-on,40.0,55.0,5.0,0.0,0.0,0.0,False,No cal rebalancejar
weekly_thursday,2013-04-11,100.0,positiu,positiu,positiu,positiu,positiu,risc-on,,0,risc-on,False,risc-on,40.0,55.0,5.0,0.0,0.0,0.0,False,No cal rebalancejar
weekly_friday,2013-04-12,100.0,positiu,positiu,positiu,positiu,positiu,risc-on,,0,risc-on,False,risc-on,40.0,55.0,5.0,0.0,0.0,0.0,False,No cal rebalancejar
weekly_thursday,2013-04-18,88.89,positiu,neutral,positiu,positiu,positiu,risc-on,,0,risc-on,False,risc-on,40.0,55.0,5.0,0.0,0.0,0.0,False,No cal rebalancejar
weekly_friday,2013-04-19,88.89,positiu,neutral,positiu,positiu,positiu,risc-on,,0,risc-on,False,risc-on,40.0,55.0,5.0,0.0,0.0,0.0,False,No cal rebalancejar
weekly_thursday,2013-04-25,100.0,positiu,positiu,positiu,positiu,positiu,risc-on,,0,risc-on,False,risc-on,40.0,55.0,5.0,0.0,0.0,0.0,False,No cal rebalancejar
weekly_friday,2013-04-26,100.0,positiu,positiu,positiu,positiu,positiu,risc-on,,0,risc-on,False,risc-on,40.0,55.0,5.0,0.0,0.0,0.0,False,No cal rebalancejar
weekly_thursday,2013-05-02,100.0,positiu,positiu,positiu,positiu,positiu,risc-on,,0,risc-on,False,risc-on,40.0,55.0,5.0,0.0,0.0,0.0,False,No cal rebalancejar
weekly_friday,2013-05-03,100.0,positiu,positiu,positiu,positiu,positiu,risc-on,,0,risc-on,False,risc-on,40.0,55.0,5.0,0.0,0.0,0.0,False,No cal rebalancejar
weekly_thursday,2013-05-09,100.0,positiu,positiu,positiu,positiu,positiu,risc-on,,0,risc-on,False,risc-on,40.0,55.0,5.0,0.0,0.0,0.0,False,No cal rebalancejar
weekly_friday,2013-05-10,100.0,positiu,positiu,positiu,positiu,positiu,risc-on,,0,risc-on,False,risc-on,40.0,55.0,5.0,0.0,0.0,0.0,False,No cal rebalancejar
weekly_thursday,2013-05-16,100.0,positiu,positiu,positiu,positiu,positiu,risc-on,,0,risc-on,False,risc-on,40.0,55.0,5.0,0.0,0.0,0.0,False,No cal rebalancejar
weekly_friday,2013-05-17,100.0,positiu,positiu,positiu,positiu,positiu,risc-on,,0,risc-on,False,risc-on,40.0,55.0,5.0,0.0,0.0,0.0,False,No cal rebalancejar
weekly_thursday,2013-05-23,100.0,positiu,positiu,positiu,positiu,positiu,risc-on,,0,risc-on,False,risc-on,40.0,55.0,5.0,0.0,0.0,0.0,False,No cal rebalancejar
weekly_friday,2013-05-24,100.0,positiu,positiu,positiu,positiu,positiu,risc-on,,0,risc-on,False,risc-on,40.0,55.0,5.0,0.0,0.0,0.0,False,No cal rebalancejar
weekly_thursday,2013-05-30,100.0,positiu,positiu,positiu,positiu,positiu,risc-on,,0,risc-on,False,risc-on,40.0,55.0,5.0,0.0,0.0,0.0,False,No cal rebalancejar
weekly_friday,2013-05-31,100.0,positiu,positiu,positiu,positiu,positiu,risc-on,,0,risc-on,False,risc-on,40.0,55.0,5.0,0.0,0.0,0.0,False,No cal rebalancejar
weekly_thursday,2013-06-06,100.0,positiu,positiu,positiu,positiu,positiu,risc-on,,0,risc-on,False,risc-on,40.0,55.0,5.0,0.0,0.0,0.0,False,No cal rebalancejar
weekly_friday,2013-06-07,100.0,positiu,positiu,positiu,positiu,positiu,risc-on,,0,risc-on,False,risc-on,40.0,55.0,5.0,0.0,0.0,0.0,False,No cal rebalancejar
weekly_thursday,2013-06-13,100.0,positiu,positiu,positiu,positiu,positiu,risc-on,,0,risc-on,False,risc-on,40.0,55.0,5.0,0.0,0.0,0.0,False,No cal rebalancejar
weekly_friday,2013-06-14,100.0,positiu,positiu,positiu,positiu,positiu,risc-on,,0,risc-on,False,risc-on,40.0,55.0,5.0,0.0,0.0,0.0,False,No cal rebalancejar
weekly_thursday,2013-06-20,82.22,neutral,positiu,positiu,positiu,positiu,risc-on,,0,risc-on,False,risc-on,40.0,55.0,5.0,0.0,0.0,0.0,False,No cal rebalancejar
weekly_friday,2013-06-21,82.22,neutral,positiu,positiu,positiu,positiu,risc-on,,0,risc-on,False,risc-on,40.0,55.0,5.0,0.0,0.0,0.0,False,No cal rebalancejar
weekly_thursday,2013-06-27,100.0,positiu,positiu,positiu,positiu,positiu,risc-on,,0,risc-on,False,risc-on,40.0,55.0,5.0,0.0,0.0,0.0,False,No cal rebalancejar
weekly_friday,2013-06-28,100.0,positiu,positiu,positiu,positiu,positiu,risc-on,,0,risc-on,False,risc-on,40.0,55.0,5.0,0.0,0.0,0.0,False,No cal rebalancejar
weekly_thursday,2013-07-04,100.0,positiu,positiu,positiu,positiu,positiu,risc-on,,0,risc-on,False,risc-on,40.0,55.0,5.0,0.0,0.0,0.0,False,No cal rebalancejar
weekly_friday,2013-07-05,100.0,positiu,positiu,positiu,positiu,positiu,risc-on,,0,risc-on,False,risc-on,40.0,55.0,5.0,0.0,0.0,0.0,False,No cal rebalancejar
weekly_thursday,2013-07-11,100.0,positiu,positiu,positiu,positiu,positiu,risc-on,,0,risc-on,False,risc-on,40.0,55.0,5.0,0.0,0.0,0.0,False,No cal rebalancejar
weekly_friday,2013-07-12,100.0,positiu,positiu,positiu,positiu,positiu,risc-on,,0,risc-on,False,risc-on,40.0,55.0,5.0,0.0,0.0,0.0,False,No cal rebalancejar
weekly_thursday,2013-07-18,100.0,positiu,positiu,positiu,positiu,positiu,risc-on,,0,risc-on,False,risc-on,40.0,55.0,5.0,0.0,0.0,0.0,False,No cal rebalancejar
weekly_friday,2013-07-19,100.0,positiu,positiu,positiu,positiu,positiu,risc-on,,0,risc-on,False,risc-on,40.0,55.0,5.0,0.0,0.0,0.0,False,No cal rebalancejar
weekly_thursday,2013-07-25,100.0,positiu,positiu,positiu,positiu,positiu,risc-on,,0,risc-on,False,risc-on,40.0,55.0,5.0,0.0,0.0,0.0,False,No cal rebalancejar
weekly_friday,2013-07-26,100.0,positiu,positiu,positiu,positiu,positiu,risc-on,,0,risc-on,False,risc-on,40.0,55.0,5.0,0.0,0.0,0.0,False,No cal rebalancejar
weekly_thursday,2013-08-01,100.0,positiu,positiu,positiu,positiu,positiu,risc-on,,0,risc-on,False,risc-on,40.0,55.0,5.0,0.0,0.0,0.0,False,No cal rebalancejar
weekly_friday,2013-08-02,100.0,positiu,positiu,positiu,positiu,positiu,risc-on,,0,risc-on,False,risc-on,40.0,55.0,5.0,0.0,0.0,0.0,False,No cal rebalancejar
weekly_thursday,2013-08-08,100.0,positiu,positiu,positiu,positiu,positiu,risc-on,,0,risc-on,False,risc-on,40.0,55.0,5.0,0.0,0.0,0.0,False,No cal rebalancejar
weekly_friday,2013-08-09,100.0,positiu,positiu,positiu,positiu,positiu,risc-on,,0,risc-on,False,risc-on,40.0,55.0,5.0,0.0,0.0,0.0,False,No cal rebalancejar
weekly_thursday,2013-08-15,100.0,positiu,positiu,positiu,positiu,positiu,risc-on,,0,risc-on,False,risc-on,40.0,55.0,5.0,0.0,0.0,0.0,False,No cal rebalancejar
weekly_friday,2013-08-16,100.0,positiu,positiu,positiu,positiu,positiu,risc-on,,0,risc-on,False,risc-on,40.0,55.0,5.0,0.0,0.0,0.0,False,No cal rebalancejar
weekly_thursday,2013-08-22,100.0,positiu,positiu,positiu,positiu,positiu,risc-on,,0,risc-on,False,risc-on,40.0,55.0,5.0,0.0,0.0,0.0,False,No cal rebalancejar
weekly_friday,2013-08-23,100.0,positiu,positiu,positiu,positiu,positiu,risc-on,,0,risc-on,False,risc-on,40.0,55.0,5.0,0.0,0.0,0.0,False,No cal rebalancejar
weekly_thursday,2013-08-29,100.0,positiu,positiu,positiu,positiu,positiu,risc-on,,0,risc-on,False,risc-on,40.0,55.0,5.0,0.0,0.0,0.0,False,No cal rebalancejar
weekly_friday,2013-08-30,82.22,neutral,positiu,positiu,positiu,positiu,risc-on,,0,risc-on,False,risc-on,40.0,55.0,5.0,0.0,0.0,0.0,False,No cal rebalancejar
weekly_thursday,2013-09-05,100.0,positiu,positiu,positiu,positiu,positiu,risc-on,,0,risc-on,False,risc-on,40.0,55.0,5.0,0.0,0.0,0.0,False,No cal rebalancejar
weekly_friday,2013-09-06,100.0,positiu,positiu,positiu,positiu,positiu,risc-on,,0,risc-on,False,risc-on,40.0,55.0,5.0,0.0,0.0,0.0,False,No cal rebalancejar
weekly_thursday,2013-09-12,100.0,positiu,positiu,positiu,positiu,positiu,risc-on,,0,risc-on,False,risc-on,40.0,55.0,5.0,0.0,0.0,0.0,False,No cal rebalancejar
weekly_friday,2013-09-13,100.0,positiu,positiu,positiu,positiu,positiu,risc-on,,0,risc-on,False,risc-on,40.0,55.0,5.0,0.0,0.0,0.0,False,No cal rebalancejar
weekly_thursday,2013-09-19,100.0,positiu,positiu,positiu,positiu,positiu,risc-on,,0,risc-on,False,risc-on,40.0,55.0,5.0,0.0,0.0,0.0,False,No cal rebalancejar
weekly_friday,2013-09-20,100.0,positiu,positiu,positiu,positiu,positiu,risc-on,,0,risc-on,False,risc-on,40.0,55.0,5.0,0.0,0.0,0.0,False,No cal rebalancejar
weekly_thursday,2013-09-26,100.0,positiu,positiu,positiu,positiu,positiu,risc-on,,0,risc-on,False,risc-on,40.0,55.0,5.0,0.0,0.0,0.0,False,No cal rebalancejar
weekly_friday,2013-09-27,100.0,positiu,positiu,positiu,positiu,positiu,risc-on,,0,risc-on,False,risc-on,40.0,55.0,5.0,0.0,0.0,0.0,False,No cal rebalancejar
weekly_thursday,2013-10-03,100.0,positiu,positiu,positiu,positiu,positiu,risc-on,,0,risc-on,False,risc-on,40.0,55.0,5.0,0.0,0.0,0.0,False,No cal rebalancejar
weekly_friday,2013-10-04,100.0,positiu,positiu,positiu,positiu,positiu,risc-on,,0,risc-on,False,risc-on,40.0,55.0,5.0,0.0,0.0,0.0,False,No cal rebalancejar
weekly_thursday,2013-10-10,100.0,positiu,positiu,positiu,positiu,positiu,risc-on,,0,risc-on,False,risc-on,40.0,55.0,5.0,0.0,0.0,0.0,False,No cal rebalancejar
weekly_friday,2013-10-11,100.0,positiu,positiu,positiu,positiu,positiu,risc-on,,0,risc-on,False,risc-on,40.0,55.0,5.0,0.0,0.0,0.0,False,No cal rebalancejar
weekly_thursday,2013-10-17,100.0,positiu,positiu,positiu,positiu,positiu,risc-on,,0,risc-on,False,risc-on,40.0,55.0,5.0,0.0,0.0,0.0,False,No cal rebalancejar
weekly_friday,2013-10-18,100.0,positiu,positiu,positiu,positiu,positiu,risc-on,,0,risc-on,False,risc-on,40.0,55.0,5.0,0.0,0.0,0.0,False,No cal rebalancejar
weekly_thursday,2013-10-24,100.0,positiu,positiu,positiu,positiu,positiu,risc-on,,0,risc-on,False,risc-on,40.0,55.0,5.0,0.0,0.0,0.0,False,No cal rebalancejar
weekly_friday,2013-10-25,100.0,positiu,positiu,positiu,positiu,positiu,risc-on,,0,risc-on,False,risc-on,40.0,55.0,5.0,0.0,0.0,0.0,False,No cal rebalancejar
weekly_thursday,2013-10-31,100.0,positiu,positiu,positiu,positiu,positiu,risc-on,,0,risc-on,False,risc-on,40.0,55.0,5.0,0.0,0.0,0.0,False,No cal rebalancejar
weekly_friday,2013-11-01,100.0,positiu,positiu,positiu,positiu,positiu,risc-on,,0,risc-on,False,risc-on,40.0,55.0,5.0,0.0,0.0,0.0,False,No cal rebalancejar
weekly_thursday,2013-11-07,100.0,positiu,positiu,positiu,positiu,positiu,risc-on,,0,risc-on,False,risc-on,40.0,55.0,5.0,0.0,0.0,0.0,False,No cal rebalancejar
weekly_friday,2013-11-08,100.0,positiu,positiu,positiu,positiu,positiu,risc-on,,0,risc-on,False,risc-on,40.0,55.0,5.0,0.0,0.0,0.0,False,No cal rebalancejar
weekly_thursday,2013-11-14,100.0,positiu,positiu,positiu,positiu,positiu,risc-on,,0,risc-on,False,risc-on,40.0,55.0,5.0,0.0,0.0,0.0,False,No cal rebalancejar
weekly_friday,2013-11-15,100.0,positiu,positiu,positiu,positiu,positiu,risc-on,,0,risc-on,False,risc-on,40.0,55.0,5.0,0.0,0.0,0.0,False,No cal rebalancejar
weekly_thursday,2013-11-21,100.0,positiu,positiu,positiu,positiu,positiu,risc-on,,0,risc-on,False,risc-on,40.0,55.0,5.0,0.0,0.0,0.0,False,No cal rebalancejar
weekly_friday,2013-11-22,100.0,positiu,positiu,positiu,positiu,positiu,risc-on,,0,risc-on,False,risc-on,40.0,55.0,5.0,0.0,0.0,0.0,False,No cal rebalancejar
weekly_thursday,2013-11-28,100.0,positiu,positiu,positiu,positiu,positiu,risc-on,,0,risc-on,False,risc-on,40.0,55.0,5.0,0.0,0.0,0.0,False,No cal rebalancejar
weekly_friday,2013-11-29,100.0,positiu,positiu,positiu,positiu,positiu,risc-on,,0,risc-on,False,risc-on,40.0,55.0,5.0,0.0,0.0,0.0,False,No cal rebalancejar
weekly_thursday,2013-12-05,100.0,positiu,positiu,positiu,positiu,positiu,risc-on,,0,risc-on,False,risc-on,40.0,55.0,5.0,0.0,0.0,0.0,False,No cal rebalancejar
weekly_friday,2013-12-06,100.0,positiu,positiu,positiu,positiu,positiu,risc-on,,0,risc-on,False,risc-on,40.0,55.0,5.0,0.0,0.0,0.0,False,No cal rebalancejar
weekly_thursday,2013-12-12,100.0,positiu,positiu,positiu,positiu,positiu,risc-on,,0,risc-on,False,risc-on,40.0,55.0,5.0,0.0,0.0,0.0,False,No cal rebalancejar
weekly_friday,2013-12-13,100.0,positiu,positiu,positiu,positiu,positiu,risc-on,,0,risc-on,False,risc-on,40.0,55.0,5.0,0.0,0.0,0.0,False,No cal rebalancejar
weekly_thursday,2013-12-19,100.0,positiu,positiu,positiu,positiu,positiu,risc-on,,0,risc-on,False,risc-on,40.0,55.0,5.0,0.0,0.0,0.0,False,No cal rebalancejar
weekly_friday,2013-12-20,100.0,positiu,positiu,positiu,positiu,positiu,risc-on,,0,risc-on,False,risc-on,40.0,55.0,5.0,0.0,0.0,0.0,False,No cal rebalancejar
weekly_thursday,2013-12-26,100.0,positiu,positiu,positiu,positiu,positiu,risc-on,,0,risc-on,False,risc-on,40.0,55.0,5.0,0.0,0.0,0.0,False,No cal rebalancejar
weekly_friday,2013-12-27,100.0,positiu,positiu,positiu,positiu,positiu,risc-on,,0,risc-on,False,risc-on,40.0,55.0,5.0,0.0,0.0,0.0,False,No cal rebalancejar
weekly_thursday,2014-01-02,100.0,positiu,positiu,positiu,positiu,positiu,risc-on,,0,risc-on,False,risc-on,40.0,55.0,5.0,0.0,0.0,0.0,False,No cal rebalancejar
weekly_friday,2014-01-03,100.0,positiu,positiu,positiu,positiu,positiu,risc-on,,0,risc-on,False,risc-on,40.0,55.0,5.0,0.0,0.0,0.0,False,No cal rebalancejar
weekly_thursday,2014-01-09,100.0,positiu,positiu,positiu,positiu,positiu,risc-on,,0,risc-on,False,risc-on,40.0,55.0,5.0,0.0,0.0,0.0,False,No cal rebalancejar
weekly_friday,2014-01-10,100.0,positiu,positiu,positiu,positiu,positiu,risc-on,,0,risc-on,False,risc-on,40.0,55.0,5.0,0.0,0.0,0.0,False,No cal rebalancejar
weekly_thursday,2014-01-16,100.0,positiu,positiu,positiu,positiu,positiu,risc-on,,0,risc-on,False,risc-on,40.0,55.0,5.0,0.0,0.0,0.0,False,No cal rebalancejar
weekly_friday,2014-01-17,100.0,positiu,positiu,positiu,positiu,positiu,risc-on,,0,risc-on,False,risc-on,40.0,55.0,5.0,0.0,0.0,0.0,False,No cal rebalancejar
weekly_thursday,2014-01-23,100.0,positiu,positiu,positiu,positiu,positiu,risc-on,,0,risc-on,False,risc-on,40.0,55.0,5.0,0.0,0.0,0.0,False,No cal rebalancejar
weekly_friday,2014-01-24,100.0,positiu,positiu,positiu,positiu,positiu,risc-on,,0,risc-on,False,risc-on,40.0,55.0,5.0,0.0,0.0,0.0,False,No cal rebalancejar
weekly_thursday,2014-01-30,100.0,positiu,positiu,positiu,positiu,positiu,risc-on,,0,risc-on,False,risc-on,40.0,55.0,5.0,0.0,0.0,0.0,False,No cal rebalancejar
weekly_friday,2014-01-31,100.0,positiu,positiu,positiu,positiu,positiu,risc-on,,0,risc-on,False,risc-on,40.0,55.0,5.0,0.0,0.0,0.0,False,No cal rebalancejar
weekly_thursday,2014-02-06,100.0,positiu,positiu,positiu,positiu,positiu,risc-on,,0,risc-on,False,risc-on,40.0,55.0,5.0,0.0,0.0,0.0,False,No cal rebalancejar
weekly_friday,2014-02-07,100.0,positiu,positiu,positiu,positiu,positiu,risc-on,,0,risc-on,False,risc-on,40.0,55.0,5.0,0.0,0.0,0.0,False,No cal rebalancejar
weekly_thursday,2014-02-13,100.0,positiu,positiu,positiu,positiu,positiu,risc-on,,0,risc-on,False,risc-on,40.0,55.0,5.0,0.0,0.0,0.0,False,No cal rebalancejar
weekly_friday,2014-02-14,100.0,positiu,positiu,positiu,positiu,positiu,risc-on,,0,risc-on,False,risc-on,40.0,55.0,5.0,0.0,0.0,0.0,False,No cal rebalancejar
weekly_thursday,2014-02-20,100.0,positiu,positiu,positiu,positiu,positiu,risc-on,,0,risc-on,False,risc-on,40.0,55.0,5.0,0.0,0.0,0.0,False,No cal rebalancejar
weekly_friday,2014-02-21,100.0,positiu,positiu,positiu,positiu,positiu,risc-on,,0,risc-on,False,risc-on,40.0,55.0,5.0,0.0,0.0,0.0,False,No cal rebalancejar
weekly_thursday,2014-02-27,100.0,positiu,positiu,positiu,positiu,positiu,risc-on,,0,risc-on,False,risc-on,40.0,55.0,5.0,0.0,0.0,0.0,False,No cal rebalancejar
weekly_friday,2014-02-28,100.0,positiu,positiu,positiu,positiu,positiu,risc-on,,0,risc-on,False,risc-on,40.0,55.0,5.0,0.0,0.0,0.0,False,No cal rebalancejar
weekly_thursday,2014-03-06,100.0,positiu,positiu,positiu,positiu,positiu,risc-on,,0,risc-on,False,risc-on,40.0,55.0,5.0,0.0,0.0,0.0,False,No cal rebalancejar
weekly_friday,2014-03-07,100.0,positiu,positiu,positiu,positiu,positiu,risc-on,,0,risc-on,False,risc-on,40.0,55.0,5.0,0.0,0.0,0.0,False,No cal rebalancejar
weekly_thursday,2014-03-13,100.0,positiu,positiu,positiu,positiu,positiu,risc-on,,0,risc-on,False,risc-on,40.0,55.0,5.0,0.0,0.0,0.0,False,No cal rebalancejar
weekly_friday,2014-03-14,100.0,positiu,positiu,positiu,positiu,positiu,risc-on,,0,risc-on,False,risc-on,40.0,55.0,5.0,0.0,0.0,0.0,False,No cal rebalancejar
weekly_thursday,2014-03-20,100.0,positiu,positiu,positiu,positiu,positiu,risc-on,,0,risc-on,False,risc-on,40.0,55.0,5.0,0.0,0.0,0.0,False,No cal rebalancejar
weekly_friday,2014-03-21,100.0,positiu,positiu,positiu,positiu,positiu,risc-on,,0,risc-on,False,risc-on,40.0,55.0,5.0,0.0,0.0,0.0,False,No cal rebalancejar
weekly_thursday,2014-03-27,100.0,positiu,positiu,positiu,positiu,positiu,risc-on,,0,risc-on,False,risc-on,40.0,55.0,5.0,0.0,0.0,0.0,False,No cal rebalancejar
weekly_friday,2014-03-28,100.0,positiu,positiu,positiu,positiu,positiu,risc-on,,0,risc-on,False,risc-on,40.0,55.0,5.0,0.0,0.0,0.0,False,No cal rebalancejar
weekly_thursday,2014-04-03,100.0,positiu,positiu,positiu,positiu,positiu,risc-on,,0,risc-on,False,risc-on,40.0,55.0,5.0,0.0,0.0,0.0,False,No cal rebalancejar
weekly_friday,2014-04-04,100.0,positiu,positiu,positiu,positiu,positiu,risc-on,,0,risc-on,False,risc-on,40.0,55.0,5.0,0.0,0.0,0.0,False,No cal rebalancejar
weekly_thursday,2014-04-10,100.0,positiu,positiu,positiu,positiu,positiu,risc-on,,0,risc-on,False,risc-on,40.0,55.0,5.0,0.0,0.0,0.0,False,No cal rebalancejar
weekly_friday,2014-04-11,88.89,positiu,neutral,positiu,positiu,positiu,risc-on,,0,risc-on,False,risc-on,40.0,55.0,5.0,0.0,0.0,0.0,False,No cal rebalancejar
weekly_thursday,2014-04-17,100.0,positiu,positiu,positiu,positiu,positiu,risc-on,,0,risc-on,False,risc-on,40.0,55.0,5.0,0.0,0.0,0.0,False,No cal rebalancejar
weekly_friday,2014-04-18,100.0,positiu,positiu,positiu,positiu,positiu,risc-on,,0,risc-on,False,risc-on,40.0,55.0,5.0,0.0,0.0,0.0,False,No cal rebalancejar
weekly_thursday,2014-04-24,100.0,positiu,positiu,positiu,positiu,positiu,risc-on,,0,risc-on,False,risc-on,40.0,55.0,5.0,0.0,0.0,0.0,False,No cal rebalancejar
weekly_friday,2014-04-25,100.0,positiu,positiu,positiu,positiu,positiu,risc-on,,0,risc-on,False,risc-on,40.0,55.0,5.0,0.0,0.0,0.0,False,No cal rebalancejar
weekly_thursday,2014-05-01,100.0,positiu,positiu,positiu,positiu,positiu,risc-on,,0,risc-on,False,risc-on,40.0,55.0,5.0,0.0,0.0,0.0,False,No cal rebalancejar
weekly_friday,2014-05-02,100.0,positiu,positiu,positiu,positiu,positiu,risc-on,,0,risc-on,False,risc-on,40.0,55.0,5.0,0.0,0.0,0.0,False,No cal rebalancejar
weekly_thursday,2014-05-08,100.0,positiu,positiu,positiu,positiu,positiu,risc-on,,0,risc-on,False,risc-on,40.0,55.0,5.0,0.0,0.0,0.0,False,No cal rebalancejar
weekly_friday,2014-05-09,100.0,positiu,positiu,positiu,positiu,positiu,risc-on,,0,risc-on,False,risc-on,40.0,55.0,5.0,0.0,0.0,0.0,False,No cal rebalancejar
weekly_thursday,2014-05-15,100.0,positiu,positiu,positiu,positiu,positiu,risc-on,,0,risc-on,False,risc-on,40.0,55.0,5.0,0.0,0.0,0.0,False,No cal rebalancejar
weekly_friday,2014-05-16,100.0,positiu,positiu,positiu,positiu,positiu,risc-on,,0,risc-on,False,risc-on,40.0,55.0,5.0,0.0,0.0,0.0,False,No cal rebalancejar
weekly_thursday,2014-05-22,100.0,positiu,positiu,positiu,positiu,positiu,risc-on,,0,risc-on,False,risc-on,40.0,55.0,5.0,0.0,0.0,0.0,False,No cal rebalancejar
weekly_friday,2014-05-23,100.0,positiu,positiu,positiu,positiu,positiu,risc-on,,0,risc-on,False,risc-on,40.0,55.0,5.0,0.0,0.0,0.0,False,No cal rebalancejar
weekly_thursday,2014-05-29,100.0,positiu,positiu,positiu,positiu,positiu,risc-on,,0,risc-on,False,risc-on,40.0,55.0,5.0,0.0,0.0,0.0,False,No cal rebalancejar
weekly_friday,2014-05-30,100.0,positiu,positiu,positiu,positiu,positiu,risc-on,,0,risc-on,False,risc-on,40.0,55.0,5.0,0.0,0.0,0.0,False,No cal rebalancejar
weekly_thursday,2014-06-05,100.0,positiu,positiu,positiu,positiu,positiu,risc-on,,0,risc-on,False,risc-on,40.0,55.0,5.0,0.0,0.0,0.0,False,No cal rebalancejar
weekly_friday,2014-06-06,100.0,positiu,positiu,positiu,positiu,positiu,risc-on,,0,risc-on,False,risc-on,40.0,55.0,5.0,0.0,0.0,0.0,False,No cal rebalancejar
weekly_thursday,2014-06-12,100.0,positiu,positiu,positiu,positiu,positiu,risc-on,,0,risc-on,False,risc-on,40.0,55.0,5.0,0.0,0.0,0.0,False,No cal rebalancejar
weekly_friday,2014-06-13,100.0,positiu,positiu,positiu,positiu,positiu,risc-on,,0,risc-on,False,risc-on,40.0,55.0,5.0,0.0,0.0,0.0,False,No cal rebalancejar
weekly_thursday,2014-06-19,100.0,positiu,positiu,positiu,positiu,positiu,risc-on,,0,risc-on,False,risc-on,40.0,55.0,5.0,0.0,0.0,0.0,False,No cal rebalancejar
weekly_friday,2014-06-20,100.0,positiu,positiu,positiu,positiu,positiu,risc-on,,0,risc-on,False,risc-on,40.0,55.0,5.0,0.0,0.0,0.0,False,No cal rebalancejar
weekly_thursday,2014-06-26,100.0,positiu,positiu,positiu,positiu,positiu,risc-on,,0,risc-on,False,risc-on,40.0,55.0,5.0,0.0,0.0,0.0,False,No cal rebalancejar
weekly_friday,2014-06-27,100.0,positiu,positiu,positiu,positiu,positiu,risc-on,,0,risc-on,False,risc-on,40.0,55.0,5.0,0.0,0.0,0.0,False,No cal rebalancejar
weekly_thursday,2014-07-03,100.0,positiu,positiu,positiu,positiu,positiu,risc-on,,0,risc-on,False,risc-on,40.0,55.0,5.0,0.0,0.0,0.0,False,No cal rebalancejar
weekly_friday,2014-07-04,100.0,positiu,positiu,positiu,positiu,positiu,risc-on,,0,risc-on,False,risc-on,40.0,55.0,5.0,0.0,0.0,0.0,False,No cal rebalancejar
weekly_thursday,2014-07-10,100.0,positiu,positiu,positiu,positiu,positiu,risc-on,,0,risc-on,False,risc-on,40.0,55.0,5.0,0.0,0.0,0.0,False,No cal rebalancejar
weekly_friday,2014-07-11,100.0,positiu,positiu,positiu,positiu,positiu,risc-on,,0,risc-on,False,risc-on,40.0,55.0,5.0,0.0,0.0,0.0,False,No cal rebalancejar
weekly_thursday,2014-07-17,100.0,positiu,positiu,positiu,positiu,positiu,risc-on,,0,risc-on,False,risc-on,40.0,55.0,5.0,0.0,0.0,0.0,False,No cal rebalancejar
weekly_friday,2014-07-18,100.0,positiu,positiu,positiu,positiu,positiu,risc-on,,0,risc-on,False,risc-on,40.0,55.0,5.0,0.0,0.0,0.0,False,No cal rebalancejar
weekly_thursday,2014-07-24,100.0,positiu,positiu,positiu,positiu,positiu,risc-on,,0,risc-on,False,risc-on,40.0,55.0,5.0,0.0,0.0,0.0,False,No cal rebalancejar
weekly_friday,2014-07-25,100.0,positiu,positiu,positiu,positiu,positiu,risc-on,,0,risc-on,False,risc-on,40.0,55.0,5.0,0.0,0.0,0.0,False,No cal rebalancejar
weekly_thursday,2014-07-31,100.0,positiu,positiu,positiu,positiu,positiu,risc-on,,0,risc-on,False,risc-on,40.0,55.0,5.0,0.0,0.0,0.0,False,No cal rebalancejar
weekly_friday,2014-08-01,82.22,neutral,positiu,positiu,positiu,positiu,risc-on,,0,risc-on,False,risc-on,40.0,55.0,5.0,0.0,0.0,0.0,False,No cal rebalancejar
weekly_thursday,2014-08-07,82.22,neutral,positiu,positiu,positiu,positiu,risc-on,,0,risc-on,False,risc-on,40.0,55.0,5.0,0.0,0.0,0.0,False,No cal rebalancejar
weekly_friday,2014-08-08,82.22,neutral,positiu,positiu,positiu,positiu,risc-on,,0,risc-on,False,risc-on,40.0,55.0,5.0,0.0,0.0,0.0,False,No cal rebalancejar
weekly_thursday,2014-08-14,82.22,neutral,positiu,positiu,positiu,positiu,risc-on,,0,risc-on,False,risc-on,40.0,55.0,5.0,0.0,0.0,0.0,False,No cal rebalancejar
weekly_friday,2014-08-15,82.22,neutral,positiu,positiu,positiu,positiu,risc-on,,0,risc-on,False,risc-on,40.0,55.0,5.0,0.0,0.0,0.0,False,No cal rebalancejar
weekly_thursday,2014-08-21,100.0,positiu,positiu,positiu,positiu,positiu,risc-on,,0,risc-on,False,risc-on,40.0,55.0,5.0,0.0,0.0,0.0,False,No cal rebalancejar
weekly_friday,2014-08-22,100.0,positiu,positiu,positiu,positiu,positiu,risc-on,,0,risc-on,False,risc-on,40.0,55.0,5.0,0.0,0.0,0.0,False,No cal rebalancejar
weekly_thursday,2014-08-28,100.0,positiu,positiu,positiu,positiu,positiu,risc-on,,0,risc-on,False,risc-on,40.0,55.0,5.0,0.0,0.0,0.0,False,No cal rebalancejar
weekly_friday,2014-08-29,100.0,positiu,positiu,positiu,positiu,positiu,risc-on,,0,risc-on,False,risc-on,40.0,55.0,5.0,0.0,0.0,0.0,False,No cal rebalancejar
weekly_thursday,2014-09-04,100.0,positiu,positiu,positiu,positiu,positiu,risc-on,,0,risc-on,False,risc-on,40.0,55.0,5.0,0.0,0.0,0.0,False,No cal rebalancejar
weekly_friday,2014-09-05,100.0,positiu,positiu,positiu,positiu,positiu,risc-on,,0,risc-on,False,risc-on,40.0,55.0,5.0,0.0,0.0,0.0,False,No cal rebalancejar
weekly_thursday,2014-09-11,100.0,positiu,positiu,positiu,positiu,positiu,risc-on,,0,risc-on,False,risc-on,40.0,55.0,5.0,0.0,0.0,0.0,False,No cal rebalancejar
weekly_friday,2014-09-12,82.22,neutral,positiu,positiu,positiu,positiu,risc-on,,0,risc-on,False,risc-on,40.0,55.0,5.0,0.0,0.0,0.0,False,No cal rebalancejar
weekly_thursday,2014-09-18,100.0,positiu,positiu,positiu,positiu,positiu,risc-on,,0,risc-on,False,risc-on,40.0,55.0,5.0,0.0,0.0,0.0,False,No cal rebalancejar
weekly_friday,2014-09-19,100.0,positiu,positiu,positiu,positiu,positiu,risc-on,,0,risc-on,False,risc-on,40.0,55.0,5.0,0.0,0.0,0.0,False,No cal rebalancejar
weekly_thursday,2014-09-25,82.22,neutral,positiu,positiu,positiu,positiu,risc-on,,0,risc-on,False,risc-on,40.0,55.0,5.0,0.0,0.0,0.0,False,No cal rebalancejar
weekly_friday,2014-09-26,82.22,neutral,positiu,positiu,positiu,positiu,risc-on,,0,risc-on,False,risc-on,40.0,55.0,5.0,0.0,0.0,0.0,False,No cal rebalancejar
weekly_thursday,2014-10-02,82.22,neutral,positiu,positiu,positiu,positiu,risc-on,,0,risc-on,False,risc-on,40.0,55.0,5.0,0.0,0.0,0.0,False,No cal rebalancejar
weekly_friday,2014-10-03,82.22,neutral,positiu,positiu,positiu,positiu,risc-on,,0,risc-on,False,risc-on,40.0,55.0,5.0,0.0,0.0,0.0,False,No cal rebalancejar
weekly_thursday,2014-10-09,82.22,neutral,positiu,positiu,positiu,positiu,risc-on,,0,risc-on,False,risc-on,40.0,55.0,5.0,0.0,0.0,0.0,False,No cal rebalancejar
weekly_friday,2014-10-10,53.33,negatiu,neutral,positiu,positiu,positiu,normal,normal,1,risc-on,False,risc-on,40.0,55.0,5.0,0.0,0.0,0.0,False,No cal rebalancejar
weekly_thursday,2014-10-16,46.66,negatiu,neutral,neutral,positiu,positiu,normal,normal,1,risc-on,False,risc-on,40.0,55.0,5.0,0.0,0.0,0.0,False,No cal rebalancejar
weekly_friday,2014-10-17,46.66,negatiu,neutral,neutral,positiu,positiu,normal,normal,2,risc-on,False,risc-on,40.0,55.0,5.0,0.0,0.0,0.0,False,No cal rebalancejar
weekly_thursday,2014-10-23,75.56,neutral,positiu,neutral,positiu,positiu,risc-on,,0,risc-on,False,risc-on,40.0,55.0,5.0,0.0,0.0,0.0,False,No cal rebalancejar
weekly_friday,2014-10-24,75.56,neutral,positiu,neutral,positiu,positiu,risc-on,,0,risc-on,False,risc-on,40.0,55.0,5.0,0.0,0.0,0.0,False,No cal rebalancejar
weekly_thursday,2014-10-30,75.56,neutral,positiu,neutral,positiu,positiu,risc-on,,0,risc-on,False,risc-on,40.0,55.0,5.0,0.0,0.0,0.0,False,No cal rebalancejar
weekly_friday,2014-10-31,82.22,neutral,positiu,positiu,positiu,positiu,risc-on,,0,risc-on,False,risc-on,40.0,55.0,5.0,0.0,0.0,0.0,False,No cal rebalancejar
weekly_thursday,2014-11-06,82.22,neutral,positiu,positiu,positiu,positiu,risc-on,,0,risc-on,False,risc-on,40.0,55.0,5.0,0.0,0.0,0.0,False,No cal rebalancejar
weekly_friday,2014-11-07,82.22,neutral,positiu,positiu,positiu,positiu,risc-on,,0,risc-on,False,risc-on,40.0,55.0,5.0,0.0,0.0,0.0,False,No cal rebalancejar
weekly_thursday,2014-11-13,82.22,neutral,positiu,positiu,positiu,positiu,risc-on,,0,risc-on,False,risc-on,40.0,55.0,5.0,0.0,0.0,0.0,False,No cal rebalancejar
weekly_friday,2014-11-14,82.22,neutral,positiu,positiu,positiu,positiu,risc-on,,0,risc-on,False,risc-on,40.0,55.0,5.0,0.0,0.0,0.0,False,No cal rebalancejar
weekly_thursday,2014-11-20,82.22,neutral,positiu,positiu,positiu,positiu,risc-on,,0,risc-on,False,risc-on,40.0,55.0,5.0,0.0,0.0,0.0,False,No cal rebalancejar
weekly_friday,2014-11-21,82.22,neutral,positiu,positiu,positiu,positiu,risc-on,,0,risc-on,False,risc-on,40.0,55.0,5.0,0.0,0.0,0.0,False,No cal rebalancejar
weekly_thursday,2014-11-27,82.22,neutral,positiu,positiu,positiu,positiu,risc-on,,0,risc-on,False,risc-on,40.0,55.0,5.0,0.0,0.0,0.0,False,No cal rebalancejar
weekly_friday,2014-11-28,82.22,neutral,positiu,positiu,positiu,positiu,risc-on,,0,risc-on,False,risc-on,40.0,55.0,5.0,0.0,0.0,0.0,False,No cal rebalancejar
weekly_thursday,2014-12-04,82.22,neutral,positiu,positiu,positiu,positiu,risc-on,,0,risc-on,False,risc-on,40.0,55.0,5.0,0.0,0.0,0.0,False,No cal rebalancejar
weekly_friday,2014-12-05,82.22,neutral,positiu,positiu,positiu,positiu,risc-on,,0,risc-on,False,risc-on,40.0,55.0,5.0,0.0,0.0,0.0,False,No cal rebalancejar
weekly_thursday,2014-12-11,82.22,neutral,positiu,positiu,positiu,positiu,risc-on,,0,risc-on,False,risc-on,40.0,55.0,5.0,0.0,0.0,0.0,False,No cal rebalancejar
weekly_friday,2014-12-12,82.22,neutral,positiu,positiu,positiu,positiu,risc-on,,0,risc-on,False,risc-on,40.0,55.0,5.0,0.0,0.0,0.0,False,No cal rebalancejar
weekly_thursday,2014-12-18,82.22,neutral,positiu,positiu,positiu,positiu,risc-on,,0,risc-on,False,risc-on,40.0,55.0,5.0,0.0,0.0,0.0,False,No cal rebalancejar
weekly_friday,2014-12-19,82.22,neutral,positiu,positiu,positiu,positiu,risc-on,,0,risc-on,False,risc-on,40.0,55.0,5.0,0.0,0.0,0.0,False,No cal rebalancejar
weekly_thursday,2014-12-25,82.22,neutral,positiu,positiu,positiu,positiu,risc-on,,0,risc-on,False,risc-on,40.0,55.0,5.0,0.0,0.0,0.0,False,No cal rebalancejar
weekly_friday,2014-12-26,82.22,neutral,positiu,positiu,positiu,positiu,risc-on,,0,risc-on,False,risc-on,40.0,55.0,5.0,0.0,0.0,0.0,False,No cal rebalancejar
weekly_thursday,2015-01-01,75.56,neutral,positiu,neutral,positiu,positiu,risc-on,,0,risc-on,False,risc-on,40.0,55.0,5.0,0.0,0.0,0.0,False,No cal rebalancejar
weekly_friday,2015-01-02,75.56,neutral,positiu,neutral,positiu,positiu,risc-on,,0,risc-on,False,risc-on,40.0,55.0,5.0,0.0,0.0,0.0,False,No cal rebalancejar
weekly_thursday,2015-01-08,75.56,neutral,positiu,neutral,positiu,positiu,risc-on,,0,risc-on,False,risc-on,40.0,55.0,5.0,0.0,0.0,0.0,False,No cal rebalancejar
weekly_friday,2015-01-09,75.56,neutral,positiu,neutral,positiu,positiu,risc-on,,0,risc-on,False,risc-on,40.0,55.0,5.0,0.0,0.0,0.0,False,No cal rebalancejar
weekly_thursday,2015-01-15,75.56,neutral,positiu,neutral,positiu,positiu,risc-on,,0,risc-on,False,risc-on,40.0,55.0,5.0,0.0,0.0,0.0,False,No cal rebalancejar
weekly_friday,2015-01-16,75.56,neutral,positiu,neutral,positiu,positiu,risc-on,,0,risc-on,False,risc-on,40.0,55.0,5.0,0.0,0.0,0.0,False,No cal rebalancejar
weekly_thursday,2015-01-22,75.56,neutral,positiu,neutral,positiu,positiu,risc-on,,0,risc-on,False,risc-on,40.0,55.0,5.0,0.0,0.0,0.0,False,No cal rebalancejar
weekly_friday,2015-01-23,75.56,neutral,positiu,neutral,positiu,positiu,risc-on,,0,risc-on,False,risc-on,40.0,55.0,5.0,0.0,0.0,0.0,False,No cal rebalancejar
weekly_thursday,2015-01-29,82.22,neutral,positiu,positiu,positiu,positiu,risc-on,,0,risc-on,False,risc-on,40.0,55.0,5.0,0.0,0.0,0.0,False,No cal rebalancejar
weekly_friday,2015-01-30,75.56,neutral,positiu,neutral,positiu,positiu,risc-on,,0,risc-on,False,risc-on,40.0,55.0,5.0,0.0,0.0,0.0,False,No cal rebalancejar
weekly_thursday,2015-02-05,82.22,neutral,positiu,positiu,positiu,positiu,risc-on,,0,risc-on,False,risc-on,40.0,55.0,5.0,0.0,0.0,0.0,False,No cal rebalancejar
weekly_friday,2015-02-06,82.22,neutral,positiu,positiu,positiu,positiu,risc-on,,0,risc-on,False,risc-on,40.0,55.0,5.0,0.0,0.0,0.0,False,No cal rebalancejar
weekly_thursday,2015-02-12,82.22,neutral,positiu,positiu,positiu,positiu,risc-on,,0,risc-on,False,risc-on,40.0,55.0,5.0,0.0,0.0,0.0,False,No cal rebalancejar
weekly_friday,2015-02-13,82.22,neutral,positiu,positiu,positiu,positiu,risc-on,,0,risc-on,False,risc-on,40.0,55.0,5.0,0.0,0.0,0.0,False,No cal rebalancejar
weekly_thursday,2015-02-19,82.22,neutral,positiu,positiu,positiu,positiu,risc-on,,0,risc-on,False,risc-on,40.0,55.0,5.0,0.0,0.0,0.0,False,No cal rebalancejar
weekly_friday,2015-02-20,100.0,positiu,positiu,positiu,positiu,positiu,risc-on,,0,risc-on,False,risc-on,40.0,55.0,5.0,0.0,0.0,0.0,False,No cal rebalancejar
weekly_thursday,2015-02-26,100.0,positiu,positiu,positiu,positiu,positiu,risc-on,,0,risc-on,False,risc-on,40.0,55.0,5.0,0.0,0.0,0.0,False,No cal rebalancejar
weekly_friday,2015-02-27,100.0,positiu,positiu,positiu,positiu,positiu,risc-on,,0,risc-on,False,risc-on,40.0,55.0,5.0,0.0,0.0,0.0,False,No cal rebalancejar
weekly_thursday,2015-03-05,82.22,neutral,positiu,positiu,positiu,positiu,risc-on,,0,risc-on,False,risc-on,40.0,55.0,5.0,0.0,0.0,0.0,False,No cal rebalancejar
weekly_friday,2015-03-06,75.56,neutral,positiu,neutral,positiu,positiu,risc-on,,0,risc-on,False,risc-on,40.0,55.0,5.0,0.0,0.0,0.0,False,No cal rebalancejar
weekly_thursday,2015-03-12,75.56,neutral,positiu,neutral,positiu,positiu,risc-on,,0,risc-on,False,risc-on,40.0,55.0,5.0,0.0,0.0,0.0,False,No cal rebalancejar
weekly_friday,2015-03-13,75.56,neutral,positiu,neutral,positiu,positiu,risc-on,,0,risc-on,False,risc-on,40.0,55.0,5.0,0.0,0.0,0.0,False,No cal rebalancejar
weekly_thursday,2015-03-19,82.22,neutral,positiu,positiu,positiu,positiu,risc-on,,0,risc-on,False,risc-on,40.0,55.0,5.0,0.0,0.0,0.0,False,No cal rebalancejar
weekly_friday,2015-03-20,100.0,positiu,positiu,positiu,positiu,positiu,risc-on,,0,risc-on,False,risc-on,40.0,55.0,5.0,0.0,0.0,0.0,False,No cal rebalancejar
weekly_thursday,2015-03-26,82.22,neutral,positiu,positiu,positiu,positiu,risc-on,,0,risc-on,False,risc-on,40.0,55.0,5.0,0.0,0.0,0.0,False,No cal rebalancejar
weekly_friday,2015-03-27,82.22,neutral,positiu,positiu,positiu,positiu,risc-on,,0,risc-on,False,risc-on,40.0,55.0,5.0,0.0,0.0,0.0,False,No cal rebalancejar
weekly_thursday,2015-04-02,75.56,neutral,positiu,neutral,positiu,positiu,risc-on,,0,risc-on,False,risc-on,40.0,55.0,5.0,0.0,0.0,0.0,False,No cal rebalancejar
weekly_friday,2015-04-03,75.56,neutral,positiu,neutral,positiu,positiu,risc-on,,0,risc-on,False,risc-on,40.0,55.0,5.0,0.0,0.0,0.0,False,No cal rebalancejar
weekly_thursday,2015-04-09,100.0,positiu,positiu,positiu,positiu,positiu,risc-on,,0,risc-on,False,risc-on,40.0,55.0,5.0,0.0,0.0,0.0,False,No cal rebalancejar
weekly_friday,2015-04-10,100.0,positiu,positiu,positiu,positiu,positiu,risc-on,,0,risc-on,False,risc-on,40.0,55.0,5.0,0.0,0.0,0.0,False,No cal rebalancejar
weekly_thursday,2015-04-16,100.0,positiu,positiu,positiu,positiu,positiu,risc-on,,0,risc-on,False,risc-on,40.0,55.0,5.0,0.0,0.0,0.0,False,No cal rebalancejar
weekly_friday,2015-04-17,82.22,neutral,positiu,positiu,positiu,positiu,risc-on,,0,risc-on,False,risc-on,40.0,55.0,5.0,0.0,0.0,0.0,False,No cal rebalancejar
weekly_thursday,2015-04-23,100.0,positiu,positiu,positiu,positiu,positiu,risc-on,,0,risc-on,False,risc-on,40.0,55.0,5.0,0.0,0.0,0.0,False,No cal rebalancejar
weekly_friday,2015-04-24,100.0,positiu,positiu,positiu,positiu,positiu,risc-on,,0,risc-on,False,risc-on,40.0,55.0,5.0,0.0,0.0,0.0,False,No cal rebalancejar
weekly_thursday,2015-04-30,100.0,positiu,positiu,positiu,positiu,positiu,risc-on,,0,risc-on,False,risc-on,40.0,55.0,5.0,0.0,0.0,0.0,False,No cal rebalancejar
weekly_friday,2015-05-01,100.0,positiu,positiu,positiu,positiu,positiu,risc-on,,0,risc-on,False,risc-on,40.0,55.0,5.0,0.0,0.0,0.0,False,No cal rebalancejar
weekly_thursday,2015-05-07,82.22,neutral,positiu,positiu,positiu,positiu,risc-on,,0,risc-on,False,risc-on,40.0,55.0,5.0,0.0,0.0,0.0,False,No cal rebalancejar
weekly_friday,2015-05-08,100.0,positiu,positiu,positiu,positiu,positiu,risc-on,,0,risc-on,False,risc-on,40.0,55.0,5.0,0.0,0.0,0.0,False,No cal rebalancejar
weekly_thursday,2015-05-14,100.0,positiu,positiu,positiu,positiu,positiu,risc-on,,0,risc-on,False,risc-on,40.0,55.0,5.0,0.0,0.0,0.0,False,No cal rebalancejar
weekly_friday,2015-05-15,100.0,positiu,positiu,positiu,positiu,positiu,risc-on,,0,risc-on,False,risc-on,40.0,55.0,5.0,0.0,0.0,0.0,False,No cal rebalancejar
weekly_thursday,2015-05-21,100.0,positiu,positiu,positiu,positiu,positiu,risc-on,,0,risc-on,False,risc-on,40.0,55.0,5.0,0.0,0.0,0.0,False,No cal rebalancejar
weekly_friday,2015-05-22,100.0,positiu,positiu,positiu,positiu,positiu,risc-on,,0,risc-on,False,risc-on,40.0,55.0,5.0,0.0,0.0,0.0,False,No cal rebalancejar
weekly_thursday,2015-05-28,93.34,positiu,positiu,neutral,positiu,positiu,risc-on,,0,risc-on,False,risc-on,40.0,55.0,5.0,0.0,0.0,0.0,False,No cal rebalancejar
weekly_friday,2015-05-29,75.56,neutral,positiu,neutral,positiu,positiu,risc-on,,0,risc-on,False,risc-on,40.0,55.0,5.0,0.0,0.0,0.0,False,No cal rebalancejar
weekly_thursday,2015-06-04,75.56,neutral,positiu,neutral,positiu,positiu,risc-on,,0,risc-on,False,risc-on,40.0,55.0,5.0,0.0,0.0,0.0,False,No cal rebalancejar
weekly_friday,2015-06-05,75.56,neutral,positiu,neutral,positiu,positiu,risc-on,,0,risc-on,False,risc-on,40.0,55.0,5.0,0.0,0.0,0.0,False,No cal rebalancejar
weekly_thursday,2015-06-11,75.56,neutral,positiu,neutral,positiu,positiu,risc-on,,0,risc-on,False,risc-on,40.0,55.0,5.0,0.0,0.0,0.0,False,No cal rebalancejar
weekly_friday,2015-06-12,75.56,neutral,positiu,neutral,positiu,positiu,risc-on,,0,risc-on,False,risc-on,40.0,55.0,5.0,0.0,0.0,0.0,False,No cal rebalancejar
weekly_thursday,2015-06-18,75.56,neutral,positiu,neutral,positiu,positiu,risc-on,,0,risc-on,False,risc-on,40.0,55.0,5.0,0.0,0.0,0.0,False,No cal rebalancejar
weekly_friday,2015-06-19,75.56,neutral,positiu,neutral,positiu,positiu,risc-on,,0,risc-on,False,risc-on,40.0,55.0,5.0,0.0,0.0,0.0,False,No cal rebalancejar
weekly_thursday,2015-06-25,75.56,neutral,positiu,neutral,positiu,positiu,risc-on,,0,risc-on,False,risc-on,40.0,55.0,5.0,0.0,0.0,0.0,False,No cal rebalancejar
weekly_friday,2015-06-26,75.56,neutral,positiu,neutral,positiu,positiu,risc-on,,0,risc-on,False,risc-on,40.0,55.0,5.0,0.0,0.0,0.0,False,No cal rebalancejar
weekly_thursday,2015-07-02,75.56,neutral,positiu,neutral,positiu,positiu,risc-on,,0,risc-on,False,risc-on,40.0,55.0,5.0,0.0,0.0,0.0,False,No cal rebalancejar
weekly_friday,2015-07-03,75.56,neutral,positiu,neutral,positiu,positiu,risc-on,,0,risc-on,False,risc-on,40.0,55.0,5.0,0.0,0.0,0.0,False,No cal rebalancejar
weekly_thursday,2015-07-09,64.44,neutral,neutral,neutral,positiu,positiu,normal,normal,1,risc-on,False,risc-on,40.0,55.0,5.0,0.0,0.0,0.0,False,No cal rebalancejar
weekly_friday,2015-07-10,64.44,neutral,neutral,neutral,positiu,positiu,normal,normal,1,risc-on,False,risc-on,40.0,55.0,5.0,0.0,0.0,0.0,False,No cal rebalancejar
weekly_thursday,2015-07-16,75.56,neutral,positiu,neutral,positiu,positiu,risc-on,,0,risc-on,False,risc-on,40.0,55.0,5.0,0.0,0.0,0.0,False,No cal rebalancejar
weekly_friday,2015-07-17,75.56,neutral,positiu,neutral,positiu,positiu,risc-on,,0,risc-on,False,risc-on,40.0,55.0,5.0,0.0,0.0,0.0,False,No cal rebalancejar
weekly_thursday,2015-07-23,75.56,neutral,positiu,neutral,positiu,positiu,risc-on,,0,risc-on,False,risc-on,40.0,55.0,5.0,0.0,0.0,0.0,False,No cal rebalancejar
weekly_friday,2015-07-24,75.56,neutral,positiu,neutral,positiu,positiu,risc-on,,0,risc-on,False,risc-on,40.0,55.0,5.0,0.0,0.0,0.0,False,No cal rebalancejar
weekly_thursday,2015-07-30,75.56,neutral,positiu,neutral,positiu,positiu,risc-on,,0,risc-on,False,risc-on,40.0,55.0,5.0,0.0,0.0,0.0,False,No cal rebalancejar
weekly_friday,2015-07-31,75.56,neutral,positiu,neutral,positiu,positiu,risc-on,,0,risc-on,False,risc-on,40.0,55.0,5.0,0.0,0.0,0.0,False,No cal rebalancejar
weekly_thursday,2015-08-06,75.56,neutral,positiu,neutral,positiu,positiu,risc-on,,0,risc-on,False,risc-on,40.0,55.0,5.0,0.0,0.0,0.0,False,No cal rebalancejar
weekly_friday,2015-08-07,75.56,neutral,positiu,neutral,positiu,positiu,risc-on,,0,risc-on,False,risc-on,40.0,55.0,5.0,0.0,0.0,0.0,False,No cal rebalancejar
weekly_thursday,2015-08-13,75.56,neutral,positiu,neutral,positiu,positiu,risc-on,,0,risc-on,False,risc-on,40.0,55.0,5.0,0.0,0.0,0.0,False,No cal rebalancejar
weekly_friday,2015-08-14,75.56,neutral,positiu,neutral,positiu,positiu,risc-on,,0,risc-on,False,risc-on,40.0,55.0,5.0,0.0,0.0,0.0,False,No cal rebalancejar
weekly_thursday,2015-08-20,64.44,neutral,neutral,neutral,positiu,positiu,normal,normal,1,risc-on,False,risc-on,40.0,55.0,5.0,0.0,0.0,0.0,False,No cal rebalancejar
weekly_friday,2015-08-21,28.89,negatiu,negatiu,negatiu,positiu,positiu,defensiu,defensiu,1,risc-on,False,risc-on,40.0,55.0,5.0,0.0,0.0,0.0,False,No cal rebalancejar
weekly_thursday,2015-08-27,40.0,negatiu,neutral,negatiu,positiu,positiu,normal,normal,2,risc-on,False,risc-on,40.0,55.0,5.0,0.0,0.0,0.0,False,No cal rebalancejar
weekly_friday,2015-08-28,46.66,negatiu,neutral,neutral,positiu,positiu,normal,normal,1,risc-on,False,risc-on,40.0,55.0,5.0,0.0,0.0,0.0,False,No cal rebalancejar
weekly_thursday,2015-09-03,28.89,negatiu,negatiu,negatiu,positiu,positiu,defensiu,defensiu,1,risc-on,False,risc-on,40.0,55.0,5.0,0.0,0.0,0.0,False,No cal rebalancejar
weekly_friday,2015-09-04,28.89,negatiu,negatiu,negatiu,positiu,positiu,defensiu,defensiu,1,risc-on,False,risc-on,40.0,55.0,5.0,0.0,0.0,0.0,False,No cal rebalancejar
weekly_thursday,2015-09-10,40.0,negatiu,neutral,negatiu,positiu,positiu,normal,normal,1,risc-on,False,risc-on,40.0,55.0,5.0,0.0,0.0,0.0,False,No cal rebalancejar
weekly_friday,2015-09-11,40.0,negatiu,neutral,negatiu,positiu,positiu,normal,normal,1,risc-on,False,risc-on,40.0,55.0,5.0,0.0,0.0,0.0,False,No cal rebalancejar
weekly_thursday,2015-09-17,46.66,negatiu,neutral,neutral,positiu,positiu,normal,normal,2,risc-on,False,risc-on,40.0,55.0,5.0,0.0,0.0,0.0,False,No cal rebalancejar
weekly_friday,2015-09-18,40.0,negatiu,neutral,negatiu,positiu,positiu,normal,normal,2,risc-on,False,risc-on,40.0,55.0,5.0,0.0,0.0,0.0,False,No cal rebalancejar
weekly_thursday,2015-09-24,40.0,negatiu,neutral,negatiu,positiu,positiu,normal,normal,3,risc-on,False,risc-on,40.0,55.0,5.0,0.0,0.0,0.0,False,No cal rebalancejar
weekly_friday,2015-09-25,28.89,negatiu,negatiu,negatiu,positiu,positiu,defensiu,defensiu,1,risc-on,False,risc-on,40.0,55.0,5.0,0.0,0.0,0.0,False,No cal rebalancejar
weekly_thursday,2015-10-01,28.89,negatiu,negatiu,negatiu,positiu,positiu,defensiu,defensiu,1,risc-on,False,risc-on,40.0,55.0,5.0,0.0,0.0,0.0,False,No cal rebalancejar
weekly_friday,2015-10-02,46.66,negatiu,neutral,neutral,positiu,positiu,normal,normal,1,risc-on,False,risc-on,40.0,55.0,5.0,0.0,0.0,0.0,False,No cal rebalancejar
weekly_thursday,2015-10-08,46.66,negatiu,neutral,neutral,positiu,positiu,normal,normal,1,risc-on,False,risc-on,40.0,55.0,5.0,0.0,0.0,0.0,False,No cal rebalancejar
weekly_friday,2015-10-09,46.66,negatiu,neutral,neutral,positiu,positiu,normal,normal,2,risc-on,False,risc-on,40.0,55.0,5.0,0.0,0.0,0.0,False,No cal rebalancejar
weekly_thursday,2015-10-15,53.33,negatiu,neutral,positiu,positiu,positiu,normal,normal,2,risc-on,False,risc-on,40.0,55.0,5.0,0.0,0.0,0.0,False,No cal rebalancejar
weekly_friday,2015-10-16,71.11,neutral,neutral,positiu,positiu,positiu,risc-on,,0,risc-on,False,risc-on,40.0,55.0,5.0,0.0,0.0,0.0,False,No cal rebalancejar
weekly_thursday,2015-10-22,64.44,neutral,neutral,neutral,positiu,positiu,normal,normal,3,risc-on,False,risc-on,40.0,55.0,5.0,0.0,0.0,0.0,False,No cal rebalancejar
weekly_friday,2015-10-23,75.56,neutral,positiu,neutral,positiu,positiu,risc-on,,0,risc-on,False,risc-on,40.0,55.0,5.0,0.0,0.0,0.0,False,No cal rebalancejar
weekly_thursday,2015-10-29,75.56,neutral,positiu,neutral,positiu,positiu,risc-on,,0,risc-on,False,risc-on,40.0,55.0,5.0,0.0,0.0,0.0,False,No cal rebalancejar
weekly_friday,2015-10-30,75.56,neutral,positiu,neutral,positiu,positiu,risc-on,,0,risc-on,False,risc-on,40.0,55.0,5.0,0.0,0.0,0.0,False,No cal rebalancejar
weekly_thursday,2015-11-05,75.56,neutral,positiu,neutral,positiu,positiu,risc-on,,0,risc-on,False,risc-on,40.0,55.0,5.0,0.0,0.0,0.0,False,No cal rebalancejar
weekly_friday,2015-11-06,75.56,neutral,positiu,neutral,positiu,positiu,risc-on,,0,risc-on,False,risc-on,40.0,55.0,5.0,0.0,0.0,0.0,False,No cal rebalancejar
weekly_thursday,2015-11-12,57.77,negatiu,positiu,neutral,positiu,positiu,normal,normal,1,risc-on,False,risc-on,40.0,55.0,5.0,0.0,0.0,0.0,False,No cal rebalancejar
weekly_friday,2015-11-13,46.66,negatiu,neutral,neutral,positiu,positiu,normal,normal,1,risc-on,False,risc-on,40.0,55.0,5.0,0.0,0.0,0.0,False,No cal rebalancejar
weekly_thursday,2015-11-19,75.56,neutral,positiu,neutral,positiu,positiu,risc-on,,0,risc-on,False,risc-on,40.0,55.0,5.0,0.0,0.0,0.0,False,No cal rebalancejar
weekly_friday,2015-11-20,75.56,neutral,positiu,neutral,positiu,positiu,risc-on,,0,risc-on,False,risc-on,40.0,55.0,5.0,0.0,0.0,0.0,False,No cal rebalancejar
weekly_thursday,2015-11-26,75.56,neutral,positiu,neutral,positiu,positiu,risc-on,,0,risc-on,False,risc-on,40.0,55.0,5.0,0.0,0.0,0.0,False,No cal rebalancejar
weekly_friday,2015-11-27,75.56,neutral,positiu,neutral,positiu,positiu,risc-on,,0,risc-on,False,risc-on,40.0,55.0,5.0,0.0,0.0,0.0,False,No cal rebalancejar
weekly_thursday,2015-12-03,75.56,neutral,positiu,neutral,positiu,positiu,risc-on,,0,risc-on,False,risc-on,40.0,55.0,5.0,0.0,0.0,0.0,False,No cal rebalancejar
weekly_friday,2015-12-04,75.56,neutral,positiu,neutral,positiu,positiu,risc-on,,0,risc-on,False,risc-on,40.0,55.0,5.0,0.0,0.0,0.0,False,No cal rebalancejar
weekly_thursday,2015-12-10,57.77,negatiu,positiu,neutral,positiu,positiu,normal,normal,1,risc-on,False,risc-on,40.0,55.0,5.0,0.0,0.0,0.0,False,No cal rebalancejar
weekly_friday,2015-12-11,46.66,negatiu,neutral,neutral,positiu,positiu,normal,normal,1,risc-on,False,risc-on,40.0,55.0,5.0,0.0,0.0,0.0,False,No cal rebalancejar
weekly_thursday,2015-12-17,57.77,negatiu,positiu,neutral,positiu,positiu,normal,normal,2,risc-on,False,risc-on,40.0,55.0,5.0,0.0,0.0,0.0,False,No cal rebalancejar
weekly_friday,2015-12-18,46.66,negatiu,neutral,neutral,positiu,positiu,normal,normal,2,risc-on,False,risc-on,40.0,55.0,5.0,0.0,0.0,0.0,False,No cal rebalancejar
weekly_thursday,2015-12-24,75.56,neutral,positiu,neutral,positiu,positiu,risc-on,,0,risc-on,False,risc-on,40.0,55.0,5.0,0.0,0.0,0.0,False,No cal rebalancejar
weekly_friday,2015-12-25,75.56,neutral,positiu,neutral,positiu,positiu,risc-on,,0,risc-on,False,risc-on,40.0,55.0,5.0,0.0,0.0,0.0,False,No cal rebalancejar
weekly_thursday,2015-12-31,46.66,negatiu,neutral,neutral,positiu,positiu,normal,normal,1,risc-on,False,risc-on,40.0,55.0,5.0,0.0,0.0,0.0,False,No cal rebalancejar
weekly_friday,2016-01-01,46.66,negatiu,neutral,neutral,positiu,positiu,normal,normal,1,risc-on,False,risc-on,40.0,55.0,5.0,0.0,0.0,0.0,False,No cal rebalancejar
weekly_thursday,2016-01-07,28.89,negatiu,negatiu,negatiu,positiu,positiu,defensiu,defensiu,1,risc-on,False,risc-on,40.0,55.0,5.0,0.0,0.0,0.0,False,No cal rebalancejar
weekly_friday,2016-01-08,28.89,negatiu,negatiu,negatiu,positiu,positiu,defensiu,defensiu,1,risc-on,False,risc-on,40.0,55.0,5.0,0.0,0.0,0.0,False,No cal rebalancejar
weekly_thursday,2016-01-14,28.89,negatiu,negatiu,negatiu,positiu,positiu,defensiu,defensiu,2,risc-on,False,risc-on,40.0,55.0,5.0,0.0,0.0,0.0,False,No cal rebalancejar
weekly_friday,2016-01-15,28.89,negatiu,negatiu,negatiu,positiu,positiu,defensiu,defensiu,2,risc-on,False,risc-on,40.0,55.0,5.0,0.0,0.0,0.0,False,No cal rebalancejar
weekly_thursday,2016-01-21,28.89,negatiu,negatiu,negatiu,positiu,positiu,defensiu,defensiu,3,risc-on,False,risc-on,40.0,55.0,5.0,0.0,0.0,0.0,False,No cal rebalancejar
weekly_friday,2016-01-22,28.89,negatiu,negatiu,negatiu,positiu,positiu,defensiu,defensiu,3,risc-on,False,risc-on,40.0,55.0,5.0,0.0,0.0,0.0,False,No cal rebalancejar
weekly_thursday,2016-01-28,28.89,negatiu,negatiu,negatiu,positiu,positiu,defensiu,,0,defensiu,False,defensiu,45.0,15.0,40.0,5.0,-40.0,35.0,True,Comprar 5 pp MSCI World; Vendre 40 pp Nasdaq; Comprar 35 pp Monetari
weekly_friday,2016-01-29,28.89,negatiu,negatiu,negatiu,positiu,positiu,defensiu,,0,defensiu,False,defensiu,45.0,15.0,40.0,5.0,-40.0,35.0,True,Comprar 5 pp MSCI World; Vendre 40 pp Nasdaq; Comprar 35 pp Monetari
weekly_thursday,2016-02-04,28.89,negatiu,negatiu,negatiu,positiu,positiu,defensiu,,0,defensiu,False,defensiu,45.0,15.0,40.0,0.0,0.0,0.0,False,No cal rebalancejar
weekly_friday,2016-02-05,28.89,negatiu,negatiu,negatiu,positiu,positiu,defensiu,,0,defensiu,False,defensiu,45.0,15.0,40.0,0.0,0.0,0.0,False,No cal rebalancejar
weekly_thursday,2016-02-11,28.89,negatiu,negatiu,negatiu,positiu,positiu,defensiu,,0,defensiu,False,defensiu,45.0,15.0,40.0,0.0,0.0,0.0,False,No cal rebalancejar
weekly_friday,2016-02-12,28.89,negatiu,negatiu,negatiu,positiu,positiu,defensiu,,0,defensiu,False,defensiu,45.0,15.0,40.0,0.0,0.0,0.0,False,No cal rebalancejar
weekly_thursday,2016-02-18,28.89,negatiu,negatiu,negatiu,positiu,positiu,defensiu,,0,defensiu,False,defensiu,45.0,15.0,40.0,0.0,0.0,0.0,False,No cal rebalancejar
weekly_friday,2016-02-19,28.89,negatiu,negatiu,negatiu,positiu,positiu,defensiu,,0,defensiu,False,defensiu,45.0,15.0,40.0,0.0,0.0,0.0,False,No cal rebalancejar
weekly_thursday,2016-02-25,28.89,negatiu,negatiu,negatiu,positiu,positiu,defensiu,,0,defensiu,False,defensiu,45.0,15.0,40.0,0.0,0.0,0.0,False,No cal rebalancejar
weekly_friday,2016-02-26,28.89,negatiu,negatiu,negatiu,positiu,positiu,defensiu,,0,defensiu,False,defensiu,45.0,15.0,40.0,0.0,0.0,0.0,False,No cal rebalancejar
weekly_thursday,2016-03-03,40.0,negatiu,neutral,negatiu,positiu,positiu,defensiu,,0,defensiu,False,defensiu,45.0,15.0,40.0,0.0,0.0,0.0,False,No cal rebalancejar
weekly_friday,2016-03-04,40.0,negatiu,neutral,negatiu,positiu,positiu,defensiu,,0,defensiu,False,defensiu,45.0,15.0,40.0,0.0,0.0,0.0,False,No cal rebalancejar
weekly_thursday,2016-03-10,28.89,negatiu,negatiu,negatiu,positiu,positiu,defensiu,,0,defensiu,False,defensiu,45.0,15.0,40.0,0.0,0.0,0.0,False,No cal rebalancejar
weekly_friday,2016-03-11,57.78,neutral,neutral,negatiu,positiu,positiu,normal,normal,1,defensiu,False,defensiu,45.0,15.0,40.0,0.0,0.0,0.0,False,No cal rebalancejar
weekly_thursday,2016-03-17,57.78,neutral,neutral,negatiu,positiu,positiu,normal,normal,1,defensiu,False,defensiu,45.0,15.0,40.0,0.0,0.0,0.0,False,No cal rebalancejar
weekly_friday,2016-03-18,57.78,neutral,neutral,negatiu,positiu,positiu,normal,normal,2,defensiu,False,defensiu,45.0,15.0,40.0,0.0,0.0,0.0,False,No cal rebalancejar
weekly_thursday,2016-03-24,57.78,neutral,neutral,negatiu,positiu,positiu,normal,normal,2,defensiu,False,defensiu,45.0,15.0,40.0,0.0,0.0,0.0,False,No cal rebalancejar
weekly_friday,2016-03-25,57.78,neutral,neutral,negatiu,positiu,positiu,normal,normal,3,defensiu,False,defensiu,45.0,15.0,40.0,0.0,0.0,0.0,False,No cal rebalancejar
weekly_thursday,2016-03-31,57.78,neutral,neutral,negatiu,positiu,positiu,normal,normal,3,defensiu,False,defensiu,45.0,15.0,40.0,0.0,0.0,0.0,False,No cal rebalancejar
weekly_friday,2016-04-01,57.78,neutral,neutral,negatiu,positiu,positiu,normal,,0,normal,False,normal,60.0,25.0,15.0,15.0,10.0,-25.0,True,Comprar 15 pp MSCI World; Comprar 10 pp Nasdaq; Vendre 25 pp Monetari
weekly_thursday,2016-04-07,57.78,neutral,neutral,negatiu,positiu,positiu,normal,,0,normal,False,normal,60.0,25.0,15.0,0.0,0.0,0.0,False,No cal rebalancejar
weekly_friday,2016-04-08,57.78,neutral,neutral,negatiu,positiu,positiu,normal,,0,normal,False,normal,60.0,25.0,15.0,0.0,0.0,0.0,False,No cal rebalancejar
weekly_thursday,2016-04-14,68.89,neutral,positiu,negatiu,positiu,positiu,normal,,0,normal,False,normal,60.0,25.0,15.0,0.0,0.0,0.0,False,No cal rebalancejar
weekly_friday,2016-04-15,57.78,neutral,neutral,negatiu,positiu,positiu,normal,,0,normal,False,normal,60.0,25.0,15.0,0.0,0.0,0.0,False,No cal rebalancejar
weekly_thursday,2016-04-21,57.78,neutral,neutral,negatiu,positiu,positiu,normal,,0,normal,False,normal,60.0,25.0,15.0,0.0,0.0,0.0,False,No cal rebalancejar
weekly_friday,2016-04-22,57.78,neutral,neutral,negatiu,positiu,positiu,normal,,0,normal,False,normal,60.0,25.0,15.0,0.0,0.0,0.0,False,No cal rebalancejar
weekly_thursday,2016-04-28,57.78,neutral,neutral,negatiu,positiu,positiu,normal,,0,normal,False,normal,60.0,25.0,15.0,0.0,0.0,0.0,False,No cal rebalancejar
weekly_friday,2016-04-29,57.78,neutral,neutral,negatiu,positiu,positiu,normal,,0,normal,False,normal,60.0,25.0,15.0,0.0,0.0,0.0,False,No cal rebalancejar
weekly_thursday,2016-05-05,57.78,neutral,neutral,negatiu,positiu,positiu,normal,,0,normal,False,normal,60.0,25.0,15.0,0.0,0.0,0.0,False,No cal rebalancejar
weekly_friday,2016-05-06,57.78,neutral,neutral,negatiu,positiu,positiu,normal,,0,normal,False,normal,60.0,25.0,15.0,0.0,0.0,0.0,False,No cal rebalancejar
weekly_thursday,2016-05-12,57.78,neutral,neutral,negatiu,positiu,positiu,normal,,0,normal,False,normal,60.0,25.0,15.0,0.0,0.0,0.0,False,No cal rebalancejar
weekly_friday,2016-05-13,57.78,neutral,neutral,negatiu,positiu,positiu,normal,,0,normal,False,normal,60.0,25.0,15.0,0.0,0.0,0.0,False,No cal rebalancejar
weekly_thursday,2016-05-19,57.78,neutral,neutral,negatiu,positiu,positiu,normal,,0,normal,False,normal,60.0,25.0,15.0,0.0,0.0,0.0,False,No cal rebalancejar
weekly_friday,2016-05-20,57.78,neutral,neutral,negatiu,positiu,positiu,normal,,0,normal,False,normal,60.0,25.0,15.0,0.0,0.0,0.0,False,No cal rebalancejar
weekly_thursday,2016-05-26,57.78,neutral,neutral,negatiu,positiu,positiu,normal,,0,normal,False,normal,60.0,25.0,15.0,0.0,0.0,0.0,False,No cal rebalancejar
weekly_friday,2016-05-27,57.78,neutral,neutral,negatiu,positiu,positiu,normal,,0,normal,False,normal,60.0,25.0,15.0,0.0,0.0,0.0,False,No cal rebalancejar
weekly_thursday,2016-06-02,64.44,neutral,neutral,neutral,positiu,positiu,normal,,0,normal,False,normal,60.0,25.0,15.0,0.0,0.0,0.0,False,No cal rebalancejar
weekly_friday,2016-06-03,82.22,positiu,neutral,neutral,positiu,positiu,risc-on,risc-on,1,normal,False,normal,60.0,25.0,15.0,0.0,0.0,0.0,False,No cal rebalancejar
weekly_thursday,2016-06-09,82.22,positiu,neutral,neutral,positiu,positiu,risc-on,risc-on,1,normal,False,normal,60.0,25.0,15.0,0.0,0.0,0.0,False,No cal rebalancejar
weekly_friday,2016-06-10,57.78,neutral,neutral,negatiu,positiu,positiu,normal,,0,normal,False,normal,60.0,25.0,15.0,0.0,0.0,0.0,False,No cal rebalancejar
weekly_thursday,2016-06-16,57.78,neutral,neutral,negatiu,positiu,positiu,normal,,0,normal,False,normal,60.0,25.0,15.0,0.0,0.0,0.0,False,No cal rebalancejar
weekly_friday,2016-06-17,57.78,neutral,neutral,negatiu,positiu,positiu,normal,,0,normal,False,normal,60.0,25.0,15.0,0.0,0.0,0.0,False,No cal rebalancejar
weekly_thursday,2016-06-23,82.22,positiu,neutral,neutral,positiu,positiu,risc-on,risc-on,1,normal,False,normal,60.0,25.0,15.0,0.0,0.0,0.0,False,No cal rebalancejar
weekly_friday,2016-06-24,57.78,neutral,neutral,negatiu,positiu,positiu,normal,,0,normal,False,normal,60.0,25.0,15.0,0.0,0.0,0.0,False,No cal rebalancejar
weekly_thursday,2016-06-30,64.44,neutral,neutral,neutral,positiu,positiu,normal,,0,normal,False,normal,60.0,25.0,15.0,0.0,0.0,0.0,False,No cal rebalancejar
weekly_friday,2016-07-01,64.44,neutral,neutral,neutral,positiu,positiu,normal,,0,normal,False,normal,60.0,25.0,15.0,0.0,0.0,0.0,False,No cal rebalancejar
weekly_thursday,2016-07-07,57.78,neutral,neutral,negatiu,positiu,positiu,normal,,0,normal,False,normal,60.0,25.0,15.0,0.0,0.0,0.0,False,No cal rebalancejar
weekly_friday,2016-07-08,57.78,neutral,neutral,negatiu,positiu,positiu,normal,,0,normal,False,normal,60.0,25.0,15.0,0.0,0.0,0.0,False,No cal rebalancejar
weekly_thursday,2016-07-14,93.34,positiu,positiu,neutral,positiu,positiu,risc-on,risc-on,1,normal,False,normal,60.0,25.0,15.0,0.0,0.0,0.0,False,No cal rebalancejar
weekly_friday,2016-07-15,93.34,positiu,positiu,neutral,positiu,positiu,risc-on,risc-on,1,normal,False,normal,60.0,25.0,15.0,0.0,0.0,0.0,False,No cal rebalancejar
weekly_thursday,2016-07-21,93.34,positiu,positiu,neutral,positiu,positiu,risc-on,risc-on,2,normal,False,normal,60.0,25.0,15.0,0.0,0.0,0.0,False,No cal rebalancejar
weekly_friday,2016-07-22,93.34,positiu,positiu,neutral,positiu,positiu,risc-on,risc-on,2,normal,False,normal,60.0,25.0,15.0,0.0,0.0,0.0,False,No cal rebalancejar
weekly_thursday,2016-07-28,93.34,positiu,positiu,neutral,positiu,positiu,risc-on,risc-on,3,normal,False,normal,60.0,25.0,15.0,0.0,0.0,0.0,False,No cal rebalancejar
weekly_friday,2016-07-29,93.34,positiu,positiu,neutral,positiu,positiu,risc-on,risc-on,3,normal,False,normal,60.0,25.0,15.0,0.0,0.0,0.0,False,No cal rebalancejar
weekly_thursday,2016-08-04,93.34,positiu,positiu,neutral,positiu,positiu,risc-on,,0,risc-on,False,risc-on,40.0,55.0,5.0,-20.0,30.0,-10.0,True,Vendre 20 pp MSCI World; Comprar 30 pp Nasdaq; Vendre 10 pp Monetari
weekly_friday,2016-08-05,93.34,positiu,positiu,neutral,positiu,positiu,risc-on,,0,risc-on,False,risc-on,40.0,55.0,5.0,-20.0,30.0,-10.0,True,Vendre 20 pp MSCI World; Comprar 30 pp Nasdaq; Vendre 10 pp Monetari
weekly_thursday,2016-08-11,93.34,positiu,positiu,neutral,positiu,positiu,risc-on,,0,risc-on,False,risc-on,40.0,55.0,5.0,0.0,0.0,0.0,False,No cal rebalancejar
weekly_friday,2016-08-12,93.34,positiu,positiu,neutral,positiu,positiu,risc-on,,0,risc-on,False,risc-on,40.0,55.0,5.0,0.0,0.0,0.0,False,No cal rebalancejar
weekly_thursday,2016-08-18,100.0,positiu,positiu,positiu,positiu,positiu,risc-on,,0,risc-on,False,risc-on,40.0,55.0,5.0,0.0,0.0,0.0,False,No cal rebalancejar
weekly_friday,2016-08-19,100.0,positiu,positiu,positiu,positiu,positiu,risc-on,,0,risc-on,False,risc-on,40.0,55.0,5.0,0.0,0.0,0.0,False,No cal rebalancejar
weekly_thursday,2016-08-25,93.34,positiu,positiu,neutral,positiu,positiu,risc-on,,0,risc-on,False,risc-on,40.0,55.0,5.0,0.0,0.0,0.0,False,No cal rebalancejar
weekly_friday,2016-08-26,93.34,positiu,positiu,neutral,positiu,positiu,risc-on,,0,risc-on,False,risc-on,40.0,55.0,5.0,0.0,0.0,0.0,False,No cal rebalancejar
weekly_thursday,2016-09-01,100.0,positiu,positiu,positiu,positiu,positiu,risc-on,,0,risc-on,False,risc-on,40.0,55.0,5.0,0.0,0.0,0.0,False,No cal rebalancejar
weekly_friday,2016-09-02,100.0,positiu,positiu,positiu,positiu,positiu,risc-on,,0,risc-on,False,risc-on,40.0,55.0,5.0,0.0,0.0,0.0,False,No cal rebalancejar
weekly_thursday,2016-09-08,100.0,positiu,positiu,positiu,positiu,positiu,risc-on,,0,risc-on,False,risc-on,40.0,55.0,5.0,0.0,0.0,0.0,False,No cal rebalancejar
weekly_friday,2016-09-09,100.0,positiu,positiu,positiu,positiu,positiu,risc-on,,0,risc-on,False,risc-on,40.0,55.0,5.0,0.0,0.0,0.0,False,No cal rebalancejar
weekly_thursday,2016-09-15,93.34,positiu,positiu,neutral,positiu,positiu,risc-on,,0,risc-on,False,risc-on,40.0,55.0,5.0,0.0,0.0,0.0,False,No cal rebalancejar
weekly_friday,2016-09-16,93.34,positiu,positiu,neutral,positiu,positiu,risc-on,,0,risc-on,False,risc-on,40.0,55.0,5.0,0.0,0.0,0.0,False,No cal rebalancejar
weekly_thursday,2016-09-22,100.0,positiu,positiu,positiu,positiu,positiu,risc-on,,0,risc-on,False,risc-on,40.0,55.0,5.0,0.0,0.0,0.0,False,No cal rebalancejar
weekly_friday,2016-09-23,100.0,positiu,positiu,positiu,positiu,positiu,risc-on,,0,risc-on,False,risc-on,40.0,55.0,5.0,0.0,0.0,0.0,False,No cal rebalancejar
weekly_thursday,2016-09-29,100.0,positiu,positiu,positiu,positiu,positiu,risc-on,,0,risc-on,False,risc-on,40.0,55.0,5.0,0.0,0.0,0.0,False,No cal rebalancejar
weekly_friday,2016-09-30,100.0,positiu,positiu,positiu,positiu,positiu,risc-on,,0,risc-on,False,risc-on,40.0,55.0,5.0,0.0,0.0,0.0,False,No cal rebalancejar
weekly_thursday,2016-10-06,93.34,positiu,positiu,neutral,positiu,positiu,risc-on,,0,risc-on,False,risc-on,40.0,55.0,5.0,0.0,0.0,0.0,False,No cal rebalancejar
weekly_friday,2016-10-07,93.34,positiu,positiu,neutral,positiu,positiu,risc-on,,0,risc-on,False,risc-on,40.0,55.0,5.0,0.0,0.0,0.0,False,No cal rebalancejar
weekly_thursday,2016-10-13,75.56,neutral,positiu,neutral,positiu,positiu,risc-on,,0,risc-on,False,risc-on,40.0,55.0,5.0,0.0,0.0,0.0,False,No cal rebalancejar
weekly_friday,2016-10-14,75.56,neutral,positiu,neutral,positiu,positiu,risc-on,,0,risc-on,False,risc-on,40.0,55.0,5.0,0.0,0.0,0.0,False,No cal rebalancejar
weekly_thursday,2016-10-20,93.34,positiu,positiu,neutral,positiu,positiu,risc-on,,0,risc-on,False,risc-on,40.0,55.0,5.0,0.0,0.0,0.0,False,No cal rebalancejar
weekly_friday,2016-10-21,93.34,positiu,positiu,neutral,positiu,positiu,risc-on,,0,risc-on,False,risc-on,40.0,55.0,5.0,0.0,0.0,0.0,False,No cal rebalancejar
weekly_thursday,2016-10-27,75.56,neutral,positiu,neutral,positiu,positiu,risc-on,,0,risc-on,False,risc-on,40.0,55.0,5.0,0.0,0.0,0.0,False,No cal rebalancejar
weekly_friday,2016-10-28,75.56,neutral,positiu,neutral,positiu,positiu,risc-on,,0,risc-on,False,risc-on,40.0,55.0,5.0,0.0,0.0,0.0,False,No cal rebalancejar
weekly_thursday,2016-11-03,75.56,neutral,positiu,neutral,positiu,positiu,risc-on,,0,risc-on,False,risc-on,40.0,55.0,5.0,0.0,0.0,0.0,False,No cal rebalancejar
weekly_friday,2016-11-04,64.44,neutral,neutral,neutral,positiu,positiu,normal,normal,1,risc-on,False,risc-on,40.0,55.0,5.0,0.0,0.0,0.0,False,No cal rebalancejar
weekly_thursday,2016-11-10,75.56,neutral,positiu,neutral,positiu,positiu,risc-on,,0,risc-on,False,risc-on,40.0,55.0,5.0,0.0,0.0,0.0,False,No cal rebalancejar
weekly_friday,2016-11-11,75.56,neutral,positiu,neutral,positiu,positiu,risc-on,,0,risc-on,False,risc-on,40.0,55.0,5.0,0.0,0.0,0.0,False,No cal rebalancejar
weekly_thursday,2016-11-17,75.56,neutral,positiu,neutral,positiu,positiu,risc-on,,0,risc-on,False,risc-on,40.0,55.0,5.0,0.0,0.0,0.0,False,No cal rebalancejar
weekly_friday,2016-11-18,75.56,neutral,positiu,neutral,positiu,positiu,risc-on,,0,risc-on,False,risc-on,40.0,55.0,5.0,0.0,0.0,0.0,False,No cal rebalancejar
weekly_thursday,2016-11-24,75.56,neutral,positiu,neutral,positiu,positiu,risc-on,,0,risc-on,False,risc-on,40.0,55.0,5.0,0.0,0.0,0.0,False,No cal rebalancejar
weekly_friday,2016-11-25,93.34,positiu,positiu,neutral,positiu,positiu,risc-on,,0,risc-on,False,risc-on,40.0,55.0,5.0,0.0,0.0,0.0,False,No cal rebalancejar
weekly_thursday,2016-12-01,64.44,neutral,neutral,neutral,positiu,positiu,normal,normal,1,risc-on,False,risc-on,40.0,55.0,5.0,0.0,0.0,0.0,False,No cal rebalancejar
weekly_friday,2016-12-02,75.56,neutral,positiu,neutral,positiu,positiu,risc-on,,0,risc-on,False,risc-on,40.0,55.0,5.0,0.0,0.0,0.0,False,No cal rebalancejar
weekly_thursday,2016-12-08,100.0,positiu,positiu,positiu,positiu,positiu,risc-on,,0,risc-on,False,risc-on,40.0,55.0,5.0,0.0,0.0,0.0,False,No cal rebalancejar
weekly_friday,2016-12-09,100.0,positiu,positiu,positiu,positiu,positiu,risc-on,,0,risc-on,False,risc-on,40.0,55.0,5.0,0.0,0.0,0.0,False,No cal rebalancejar
weekly_thursday,2016-12-15,100.0,positiu,positiu,positiu,positiu,positiu,risc-on,,0,risc-on,False,risc-on,40.0,55.0,5.0,0.0,0.0,0.0,False,No cal rebalancejar
weekly_friday,2016-12-16,100.0,positiu,positiu,positiu,positiu,positiu,risc-on,,0,risc-on,False,risc-on,40.0,55.0,5.0,0.0,0.0,0.0,False,No cal rebalancejar
weekly_thursday,2016-12-22,100.0,positiu,positiu,positiu,positiu,positiu,risc-on,,0,risc-on,False,risc-on,40.0,55.0,5.0,0.0,0.0,0.0,False,No cal rebalancejar
weekly_friday,2016-12-23,100.0,positiu,positiu,positiu,positiu,positiu,risc-on,,0,risc-on,False,risc-on,40.0,55.0,5.0,0.0,0.0,0.0,False,No cal rebalancejar
weekly_thursday,2016-12-29,93.34,positiu,positiu,neutral,positiu,positiu,risc-on,,0,risc-on,False,risc-on,40.0,55.0,5.0,0.0,0.0,0.0,False,No cal rebalancejar
weekly_friday,2016-12-30,100.0,positiu,positiu,positiu,positiu,positiu,risc-on,,0,risc-on,False,risc-on,40.0,55.0,5.0,0.0,0.0,0.0,False,No cal rebalancejar
weekly_thursday,2017-01-05,100.0,positiu,positiu,positiu,positiu,positiu,risc-on,,0,risc-on,False,risc-on,40.0,55.0,5.0,0.0,0.0,0.0,False,No cal rebalancejar
weekly_friday,2017-01-06,100.0,positiu,positiu,positiu,positiu,positiu,risc-on,,0,risc-on,False,risc-on,40.0,55.0,5.0,0.0,0.0,0.0,False,No cal rebalancejar
weekly_thursday,2017-01-12,100.0,positiu,positiu,positiu,positiu,positiu,risc-on,,0,risc-on,False,risc-on,40.0,55.0,5.0,0.0,0.0,0.0,False,No cal rebalancejar
weekly_friday,2017-01-13,100.0,positiu,positiu,positiu,positiu,positiu,risc-on,,0,risc-on,False,risc-on,40.0,55.0,5.0,0.0,0.0,0.0,False,No cal rebalancejar
weekly_thursday,2017-01-19,100.0,positiu,positiu,positiu,positiu,positiu,risc-on,,0,risc-on,False,risc-on,40.0,55.0,5.0,0.0,0.0,0.0,False,No cal rebalancejar
weekly_friday,2017-01-20,100.0,positiu,positiu,positiu,positiu,positiu,risc-on,,0,risc-on,False,risc-on,40.0,55.0,5.0,0.0,0.0,0.0,False,No cal rebalancejar
weekly_thursday,2017-01-26,100.0,positiu,positiu,positiu,positiu,positiu,risc-on,,0,risc-on,False,risc-on,40.0,55.0,5.0,0.0,0.0,0.0,False,No cal rebalancejar
weekly_friday,2017-01-27,100.0,positiu,positiu,positiu,positiu,positiu,risc-on,,0,risc-on,False,risc-on,40.0,55.0,5.0,0.0,0.0,0.0,False,No cal rebalancejar
weekly_thursday,2017-02-02,100.0,positiu,positiu,positiu,positiu,positiu,risc-on,,0,risc-on,False,risc-on,40.0,55.0,5.0,0.0,0.0,0.0,False,No cal rebalancejar
weekly_friday,2017-02-03,100.0,positiu,positiu,positiu,positiu,positiu,risc-on,,0,risc-on,False,risc-on,40.0,55.0,5.0,0.0,0.0,0.0,False,No cal rebalancejar
weekly_thursday,2017-02-09,100.0,positiu,positiu,positiu,positiu,positiu,risc-on,,0,risc-on,False,risc-on,40.0,55.0,5.0,0.0,0.0,0.0,False,No cal rebalancejar
weekly_friday,2017-02-10,100.0,positiu,positiu,positiu,positiu,positiu,risc-on,,0,risc-on,False,risc-on,40.0,55.0,5.0,0.0,0.0,0.0,False,No cal rebalancejar
weekly_thursday,2017-02-16,100.0,positiu,positiu,positiu,positiu,positiu,risc-on,,0,risc-on,False,risc-on,40.0,55.0,5.0,0.0,0.0,0.0,False,No cal rebalancejar
weekly_friday,2017-02-17,100.0,positiu,positiu,positiu,positiu,positiu,risc-on,,0,risc-on,False,risc-on,40.0,55.0,5.0,0.0,0.0,0.0,False,No cal rebalancejar
weekly_thursday,2017-02-23,100.0,positiu,positiu,positiu,positiu,positiu,risc-on,,0,risc-on,False,risc-on,40.0,55.0,5.0,0.0,0.0,0.0,False,No cal rebalancejar
weekly_friday,2017-02-24,100.0,positiu,positiu,positiu,positiu,positiu,risc-on,,0,risc-on,False,risc-on,40.0,55.0,5.0,0.0,0.0,0.0,False,No cal rebalancejar
weekly_thursday,2017-03-02,100.0,positiu,positiu,positiu,positiu,positiu,risc-on,,0,risc-on,False,risc-on,40.0,55.0,5.0,0.0,0.0,0.0,False,No cal rebalancejar
weekly_friday,2017-03-03,100.0,positiu,positiu,positiu,positiu,positiu,risc-on,,0,risc-on,False,risc-on,40.0,55.0,5.0,0.0,0.0,0.0,False,No cal rebalancejar
weekly_thursday,2017-03-09,100.0,positiu,positiu,positiu,positiu,positiu,risc-on,,0,risc-on,False,risc-on,40.0,55.0,5.0,0.0,0.0,0.0,False,No cal rebalancejar
weekly_friday,2017-03-10,100.0,positiu,positiu,positiu,positiu,positiu,risc-on,,0,risc-on,False,risc-on,40.0,55.0,5.0,0.0,0.0,0.0,False,No cal rebalancejar
weekly_thursday,2017-03-16,100.0,positiu,positiu,positiu,positiu,positiu,risc-on,,0,risc-on,False,risc-on,40.0,55.0,5.0,0.0,0.0,0.0,False,No cal rebalancejar
weekly_friday,2017-03-17,100.0,positiu,positiu,positiu,positiu,positiu,risc-on,,0,risc-on,False,risc-on,40.0,55.0,5.0,0.0,0.0,0.0,False,No cal rebalancejar
weekly_thursday,2017-03-23,100.0,positiu,positiu,positiu,positiu,positiu,risc-on,,0,risc-on,False,risc-on,40.0,55.0,5.0,0.0,0.0,0.0,False,No cal rebalancejar
weekly_friday,2017-03-24,100.0,positiu,positiu,positiu,positiu,positiu,risc-on,,0,risc-on,False,risc-on,40.0,55.0,5.0,0.0,0.0,0.0,False,No cal rebalancejar
weekly_thursday,2017-03-30,100.0,positiu,positiu,positiu,positiu,positiu,risc-on,,0,risc-on,False,risc-on,40.0,55.0,5.0,0.0,0.0,0.0,False,No cal rebalancejar
weekly_friday,2017-03-31,100.0,positiu,positiu,positiu,positiu,positiu,risc-on,,0,risc-on,False,risc-on,40.0,55.0,5.0,0.0,0.0,0.0,False,No cal rebalancejar
weekly_thursday,2017-04-06,100.0,positiu,positiu,positiu,positiu,positiu,risc-on,,0,risc-on,False,risc-on,40.0,55.0,5.0,0.0,0.0,0.0,False,No cal rebalancejar
weekly_friday,2017-04-07,100.0,positiu,positiu,positiu,positiu,positiu,risc-on,,0,risc-on,False,risc-on,40.0,55.0,5.0,0.0,0.0,0.0,False,No cal rebalancejar
weekly_thursday,2017-04-13,100.0,positiu,positiu,positiu,positiu,positiu,risc-on,,0,risc-on,False,risc-on,40.0,55.0,5.0,0.0,0.0,0.0,False,No cal rebalancejar
weekly_friday,2017-04-14,100.0,positiu,positiu,positiu,positiu,positiu,risc-on,,0,risc-on,False,risc-on,40.0,55.0,5.0,0.0,0.0,0.0,False,No cal rebalancejar
weekly_thursday,2017-04-20,100.0,positiu,positiu,positiu,positiu,positiu,risc-on,,0,risc-on,False,risc-on,40.0,55.0,5.0,0.0,0.0,0.0,False,No cal rebalancejar
weekly_friday,2017-04-21,100.0,positiu,positiu,positiu,positiu,positiu,risc-on,,0,risc-on,False,risc-on,40.0,55.0,5.0,0.0,0.0,0.0,False,No cal rebalancejar
weekly_thursday,2017-04-27,100.0,positiu,positiu,positiu,positiu,positiu,risc-on,,0,risc-on,False,risc-on,40.0,55.0,5.0,0.0,0.0,0.0,False,No cal rebalancejar
weekly_friday,2017-04-28,100.0,positiu,positiu,positiu,positiu,positiu,risc-on,,0,risc-on,False,risc-on,40.0,55.0,5.0,0.0,0.0,0.0,False,No cal rebalancejar
weekly_thursday,2017-05-04,100.0,positiu,positiu,positiu,positiu,positiu,risc-on,,0,risc-on,False,risc-on,40.0,55.0,5.0,0.0,0.0,0.0,False,No cal rebalancejar
weekly_friday,2017-05-05,100.0,positiu,positiu,positiu,positiu,positiu,risc-on,,0,risc-on,False,risc-on,40.0,55.0,5.0,0.0,0.0,0.0,False,No cal rebalancejar
weekly_thursday,2017-05-11,100.0,positiu,positiu,positiu,positiu,positiu,risc-on,,0,risc-on,False,risc-on,40.0,55.0,5.0,0.0,0.0,0.0,False,No cal rebalancejar
weekly_friday,2017-05-12,100.0,positiu,positiu,positiu,positiu,positiu,risc-on,,0,risc-on,False,risc-on,40.0,55.0,5.0,0.0,0.0,0.0,False,No cal rebalancejar
weekly_thursday,2017-05-18,100.0,positiu,positiu,positiu,positiu,positiu,risc-on,,0,risc-on,False,risc-on,40.0,55.0,5.0,0.0,0.0,0.0,False,No cal rebalancejar
weekly_friday,2017-05-19,100.0,positiu,positiu,positiu,positiu,positiu,risc-on,,0,risc-on,False,risc-on,40.0,55.0,5.0,0.0,0.0,0.0,False,No cal rebalancejar
weekly_thursday,2017-05-25,100.0,positiu,positiu,positiu,positiu,positiu,risc-on,,0,risc-on,False,risc-on,40.0,55.0,5.0,0.0,0.0,0.0,False,No cal rebalancejar
weekly_friday,2017-05-26,100.0,positiu,positiu,positiu,positiu,positiu,risc-on,,0,risc-on,False,risc-on,40.0,55.0,5.0,0.0,0.0,0.0,False,No cal rebalancejar
weekly_thursday,2017-06-01,100.0,positiu,positiu,positiu,positiu,positiu,risc-on,,0,risc-on,False,risc-on,40.0,55.0,5.0,0.0,0.0,0.0,False,No cal rebalancejar
weekly_friday,2017-06-02,100.0,positiu,positiu,positiu,positiu,positiu,risc-on,,0,risc-on,False,risc-on,40.0,55.0,5.0,0.0,0.0,0.0,False,No cal rebalancejar
weekly_thursday,2017-06-08,100.0,positiu,positiu,positiu,positiu,positiu,risc-on,,0,risc-on,False,risc-on,40.0,55.0,5.0,0.0,0.0,0.0,False,No cal rebalancejar
weekly_friday,2017-06-09,100.0,positiu,positiu,positiu,positiu,positiu,risc-on,,0,risc-on,False,risc-on,40.0,55.0,5.0,0.0,0.0,0.0,False,No cal rebalancejar
weekly_thursday,2017-06-15,100.0,positiu,positiu,positiu,positiu,positiu,risc-on,,0,risc-on,False,risc-on,40.0,55.0,5.0,0.0,0.0,0.0,False,No cal rebalancejar
weekly_friday,2017-06-16,100.0,positiu,positiu,positiu,positiu,positiu,risc-on,,0,risc-on,False,risc-on,40.0,55.0,5.0,0.0,0.0,0.0,False,No cal rebalancejar
weekly_thursday,2017-06-22,100.0,positiu,positiu,positiu,positiu,positiu,risc-on,,0,risc-on,False,risc-on,40.0,55.0,5.0,0.0,0.0,0.0,False,No cal rebalancejar
weekly_friday,2017-06-23,100.0,positiu,positiu,positiu,positiu,positiu,risc-on,,0,risc-on,False,risc-on,40.0,55.0,5.0,0.0,0.0,0.0,False,No cal rebalancejar
weekly_thursday,2017-06-29,100.0,positiu,positiu,positiu,positiu,positiu,risc-on,,0,risc-on,False,risc-on,40.0,55.0,5.0,0.0,0.0,0.0,False,No cal rebalancejar
weekly_friday,2017-06-30,100.0,positiu,positiu,positiu,positiu,positiu,risc-on,,0,risc-on,False,risc-on,40.0,55.0,5.0,0.0,0.0,0.0,False,No cal rebalancejar
weekly_thursday,2017-07-06,100.0,positiu,positiu,positiu,positiu,positiu,risc-on,,0,risc-on,False,risc-on,40.0,55.0,5.0,0.0,0.0,0.0,False,No cal rebalancejar
weekly_friday,2017-07-07,100.0,positiu,positiu,positiu,positiu,positiu,risc-on,,0,risc-on,False,risc-on,40.0,55.0,5.0,0.0,0.0,0.0,False,No cal rebalancejar
weekly_thursday,2017-07-13,100.0,positiu,positiu,positiu,positiu,positiu,risc-on,,0,risc-on,False,risc-on,40.0,55.0,5.0,0.0,0.0,0.0,False,No cal rebalancejar
weekly_friday,2017-07-14,100.0,positiu,positiu,positiu,positiu,positiu,risc-on,,0,risc-on,False,risc-on,40.0,55.0,5.0,0.0,0.0,0.0,False,No cal rebalancejar
weekly_thursday,2017-07-20,100.0,positiu,positiu,positiu,positiu,positiu,risc-on,,0,risc-on,False,risc-on,40.0,55.0,5.0,0.0,0.0,0.0,False,No cal rebalancejar
weekly_friday,2017-07-21,100.0,positiu,positiu,positiu,positiu,positiu,risc-on,,0,risc-on,False,risc-on,40.0,55.0,5.0,0.0,0.0,0.0,False,No cal rebalancejar
weekly_thursday,2017-07-27,100.0,positiu,positiu,positiu,positiu,positiu,risc-on,,0,risc-on,False,risc-on,40.0,55.0,5.0,0.0,0.0,0.0,False,No cal rebalancejar
weekly_friday,2017-07-28,100.0,positiu,positiu,positiu,positiu,positiu,risc-on,,0,risc-on,False,risc-on,40.0,55.0,5.0,0.0,0.0,0.0,False,No cal rebalancejar
weekly_thursday,2017-08-03,100.0,positiu,positiu,positiu,positiu,positiu,risc-on,,0,risc-on,False,risc-on,40.0,55.0,5.0,0.0,0.0,0.0,False,No cal rebalancejar
weekly_friday,2017-08-04,100.0,positiu,positiu,positiu,positiu,positiu,risc-on,,0,risc-on,False,risc-on,40.0,55.0,5.0,0.0,0.0,0.0,False,No cal rebalancejar
weekly_thursday,2017-08-10,100.0,positiu,positiu,positiu,positiu,positiu,risc-on,,0,risc-on,False,risc-on,40.0,55.0,5.0,0.0,0.0,0.0,False,No cal rebalancejar
weekly_friday,2017-08-11,100.0,positiu,positiu,positiu,positiu,positiu,risc-on,,0,risc-on,False,risc-on,40.0,55.0,5.0,0.0,0.0,0.0,False,No cal rebalancejar
weekly_thursday,2017-08-17,100.0,positiu,positiu,positiu,positiu,positiu,risc-on,,0,risc-on,False,risc-on,40.0,55.0,5.0,0.0,0.0,0.0,False,No cal rebalancejar
weekly_friday,2017-08-18,100.0,positiu,positiu,positiu,positiu,positiu,risc-on,,0,risc-on,False,risc-on,40.0,55.0,5.0,0.0,0.0,0.0,False,No cal rebalancejar
weekly_thursday,2017-08-24,100.0,positiu,positiu,positiu,positiu,positiu,risc-on,,0,risc-on,False,risc-on,40.0,55.0,5.0,0.0,0.0,0.0,False,No cal rebalancejar
weekly_friday,2017-08-25,100.0,positiu,positiu,positiu,positiu,positiu,risc-on,,0,risc-on,False,risc-on,40.0,55.0,5.0,0.0,0.0,0.0,False,No cal rebalancejar
weekly_thursday,2017-08-31,100.0,positiu,positiu,positiu,positiu,positiu,risc-on,,0,risc-on,False,risc-on,40.0,55.0,5.0,0.0,0.0,0.0,False,No cal rebalancejar
weekly_friday,2017-09-01,100.0,positiu,positiu,positiu,positiu,positiu,risc-on,,0,risc-on,False,risc-on,40.0,55.0,5.0,0.0,0.0,0.0,False,No cal rebalancejar
weekly_thursday,2017-09-07,100.0,positiu,positiu,positiu,positiu,positiu,risc-on,,0,risc-on,False,risc-on,40.0,55.0,5.0,0.0,0.0,0.0,False,No cal rebalancejar
weekly_friday,2017-09-08,100.0,positiu,positiu,positiu,positiu,positiu,risc-on,,0,risc-on,False,risc-on,40.0,55.0,5.0,0.0,0.0,0.0,False,No cal rebalancejar
weekly_thursday,2017-09-14,100.0,positiu,positiu,positiu,positiu,positiu,risc-on,,0,risc-on,False,risc-on,40.0,55.0,5.0,0.0,0.0,0.0,False,No cal rebalancejar
weekly_friday,2017-09-15,100.0,positiu,positiu,positiu,positiu,positiu,risc-on,,0,risc-on,False,risc-on,40.0,55.0,5.0,0.0,0.0,0.0,False,No cal rebalancejar
weekly_thursday,2017-09-21,100.0,positiu,positiu,positiu,positiu,positiu,risc-on,,0,risc-on,False,risc-on,40.0,55.0,5.0,0.0,0.0,0.0,False,No cal rebalancejar
weekly_friday,2017-09-22,100.0,positiu,positiu,positiu,positiu,positiu,risc-on,,0,risc-on,False,risc-on,40.0,55.0,5.0,0.0,0.0,0.0,False,No cal rebalancejar
weekly_thursday,2017-09-28,100.0,positiu,positiu,positiu,positiu,positiu,risc-on,,0,risc-on,False,risc-on,40.0,55.0,5.0,0.0,0.0,0.0,False,No cal rebalancejar
weekly_friday,2017-09-29,100.0,positiu,positiu,positiu,positiu,positiu,risc-on,,0,risc-on,False,risc-on,40.0,55.0,5.0,0.0,0.0,0.0,False,No cal rebalancejar
weekly_thursday,2017-10-05,100.0,positiu,positiu,positiu,positiu,positiu,risc-on,,0,risc-on,False,risc-on,40.0,55.0,5.0,0.0,0.0,0.0,False,No cal rebalancejar
weekly_friday,2017-10-06,100.0,positiu,positiu,positiu,positiu,positiu,risc-on,,0,risc-on,False,risc-on,40.0,55.0,5.0,0.0,0.0,0.0,False,No cal rebalancejar
weekly_thursday,2017-10-12,100.0,positiu,positiu,positiu,positiu,positiu,risc-on,,0,risc-on,False,risc-on,40.0,55.0,5.0,0.0,0.0,0.0,False,No cal rebalancejar
weekly_friday,2017-10-13,100.0,positiu,positiu,positiu,positiu,positiu,risc-on,,0,risc-on,False,risc-on,40.0,55.0,5.0,0.0,0.0,0.0,False,No cal rebalancejar
weekly_thursday,2017-10-19,100.0,positiu,positiu,positiu,positiu,positiu,risc-on,,0,risc-on,False,risc-on,40.0,55.0,5.0,0.0,0.0,0.0,False,No cal rebalancejar
weekly_friday,2017-10-20,100.0,positiu,positiu,positiu,positiu,positiu,risc-on,,0,risc-on,False,risc-on,40.0,55.0,5.0,0.0,0.0,0.0,False,No cal rebalancejar
weekly_thursday,2017-10-26,100.0,positiu,positiu,positiu,positiu,positiu,risc-on,,0,risc-on,False,risc-on,40.0,55.0,5.0,0.0,0.0,0.0,False,No cal rebalancejar
weekly_friday,2017-10-27,100.0,positiu,positiu,positiu,positiu,positiu,risc-on,,0,risc-on,False,risc-on,40.0,55.0,5.0,0.0,0.0,0.0,False,No cal rebalancejar
weekly_thursday,2017-11-02,100.0,positiu,positiu,positiu,positiu,positiu,risc-on,,0,risc-on,False,risc-on,40.0,55.0,5.0,0.0,0.0,0.0,False,No cal rebalancejar
weekly_friday,2017-11-03,100.0,positiu,positiu,positiu,positiu,positiu,risc-on,,0,risc-on,False,risc-on,40.0,55.0,5.0,0.0,0.0,0.0,False,No cal rebalancejar
weekly_thursday,2017-11-09,100.0,positiu,positiu,positiu,positiu,positiu,risc-on,,0,risc-on,False,risc-on,40.0,55.0,5.0,0.0,0.0,0.0,False,No cal rebalancejar
weekly_friday,2017-11-10,100.0,positiu,positiu,positiu,positiu,positiu,risc-on,,0,risc-on,False,risc-on,40.0,55.0,5.0,0.0,0.0,0.0,False,No cal rebalancejar
weekly_thursday,2017-11-16,100.0,positiu,positiu,positiu,positiu,positiu,risc-on,,0,risc-on,False,risc-on,40.0,55.0,5.0,0.0,0.0,0.0,False,No cal rebalancejar
weekly_friday,2017-11-17,100.0,positiu,positiu,positiu,positiu,positiu,risc-on,,0,risc-on,False,risc-on,40.0,55.0,5.0,0.0,0.0,0.0,False,No cal rebalancejar
weekly_thursday,2017-11-23,100.0,positiu,positiu,positiu,positiu,positiu,risc-on,,0,risc-on,False,risc-on,40.0,55.0,5.0,0.0,0.0,0.0,False,No cal rebalancejar
weekly_friday,2017-11-24,100.0,positiu,positiu,positiu,positiu,positiu,risc-on,,0,risc-on,False,risc-on,40.0,55.0,5.0,0.0,0.0,0.0,False,No cal rebalancejar
weekly_thursday,2017-11-30,100.0,positiu,positiu,positiu,positiu,positiu,risc-on,,0,risc-on,False,risc-on,40.0,55.0,5.0,0.0,0.0,0.0,False,No cal rebalancejar
weekly_friday,2017-12-01,100.0,positiu,positiu,positiu,positiu,positiu,risc-on,,0,risc-on,False,risc-on,40.0,55.0,5.0,0.0,0.0,0.0,False,No cal rebalancejar
weekly_thursday,2017-12-07,100.0,positiu,positiu,positiu,positiu,positiu,risc-on,,0,risc-on,False,risc-on,40.0,55.0,5.0,0.0,0.0,0.0,False,No cal rebalancejar
weekly_friday,2017-12-08,100.0,positiu,positiu,positiu,positiu,positiu,risc-on,,0,risc-on,False,risc-on,40.0,55.0,5.0,0.0,0.0,0.0,False,No cal rebalancejar
weekly_thursday,2017-12-14,100.0,positiu,positiu,positiu,positiu,positiu,risc-on,,0,risc-on,False,risc-on,40.0,55.0,5.0,0.0,0.0,0.0,False,No cal rebalancejar
weekly_friday,2017-12-15,100.0,positiu,positiu,positiu,positiu,positiu,risc-on,,0,risc-on,False,risc-on,40.0,55.0,5.0,0.0,0.0,0.0,False,No cal rebalancejar
weekly_thursday,2017-12-21,100.0,positiu,positiu,positiu,positiu,positiu,risc-on,,0,risc-on,False,risc-on,40.0,55.0,5.0,0.0,0.0,0.0,False,No cal rebalancejar
weekly_friday,2017-12-22,100.0,positiu,positiu,positiu,positiu,positiu,risc-on,,0,risc-on,False,risc-on,40.0,55.0,5.0,0.0,0.0,0.0,False,No cal rebalancejar
weekly_thursday,2017-12-28,100.0,positiu,positiu,positiu,positiu,positiu,risc-on,,0,risc-on,False,risc-on,40.0,55.0,5.0,0.0,0.0,0.0,False,No cal rebalancejar
weekly_friday,2017-12-29,100.0,positiu,positiu,positiu,positiu,positiu,risc-on,,0,risc-on,False,risc-on,40.0,55.0,5.0,0.0,0.0,0.0,False,No cal rebalancejar
weekly_thursday,2018-01-04,100.0,positiu,positiu,positiu,positiu,positiu,risc-on,,0,risc-on,False,risc-on,40.0,55.0,5.0,0.0,0.0,0.0,False,No cal rebalancejar
weekly_friday,2018-01-05,100.0,positiu,positiu,positiu,positiu,positiu,risc-on,,0,risc-on,False,risc-on,40.0,55.0,5.0,0.0,0.0,0.0,False,No cal rebalancejar
weekly_thursday,2018-01-11,100.0,positiu,positiu,positiu,positiu,positiu,risc-on,,0,risc-on,False,risc-on,40.0,55.0,5.0,0.0,0.0,0.0,False,No cal rebalancejar
weekly_friday,2018-01-12,100.0,positiu,positiu,positiu,positiu,positiu,risc-on,,0,risc-on,False,risc-on,40.0,55.0,5.0,0.0,0.0,0.0,False,No cal rebalancejar
weekly_thursday,2018-01-18,100.0,positiu,positiu,positiu,positiu,positiu,risc-on,,0,risc-on,False,risc-on,40.0,55.0,5.0,0.0,0.0,0.0,False,No cal rebalancejar
weekly_friday,2018-01-19,100.0,positiu,positiu,positiu,positiu,positiu,risc-on,,0,risc-on,False,risc-on,40.0,55.0,5.0,0.0,0.0,0.0,False,No cal rebalancejar
weekly_thursday,2018-01-25,100.0,positiu,positiu,positiu,positiu,positiu,risc-on,,0,risc-on,False,risc-on,40.0,55.0,5.0,0.0,0.0,0.0,False,No cal rebalancejar
weekly_friday,2018-01-26,100.0,positiu,positiu,positiu,positiu,positiu,risc-on,,0,risc-on,False,risc-on,40.0,55.0,5.0,0.0,0.0,0.0,False,No cal rebalancejar
weekly_thursday,2018-02-01,100.0,positiu,positiu,positiu,positiu,positiu,risc-on,,0,risc-on,False,risc-on,40.0,55.0,5.0,0.0,0.0,0.0,False,No cal rebalancejar
weekly_friday,2018-02-02,100.0,positiu,positiu,positiu,positiu,positiu,risc-on,,0,risc-on,False,risc-on,40.0,55.0,5.0,0.0,0.0,0.0,False,No cal rebalancejar
weekly_thursday,2018-02-08,82.22,neutral,positiu,positiu,positiu,positiu,risc-on,,0,risc-on,False,risc-on,40.0,55.0,5.0,0.0,0.0,0.0,False,No cal rebalancejar
weekly_friday,2018-02-09,82.22,neutral,positiu,positiu,positiu,positiu,risc-on,,0,risc-on,False,risc-on,40.0,55.0,5.0,0.0,0.0,0.0,False,No cal rebalancejar
weekly_thursday,2018-02-15,100.0,positiu,positiu,positiu,positiu,positiu,risc-on,,0,risc-on,False,risc-on,40.0,55.0,5.0,0.0,0.0,0.0,False,No cal rebalancejar
weekly_friday,2018-02-16,100.0,positiu,positiu,positiu,positiu,positiu,risc-on,,0,risc-on,False,risc-on,40.0,55.0,5.0,0.0,0.0,0.0,False,No cal rebalancejar
weekly_thursday,2018-02-22,100.0,positiu,positiu,positiu,positiu,positiu,risc-on,,0,risc-on,False,risc-on,40.0,55.0,5.0,0.0,0.0,0.0,False,No cal rebalancejar
weekly_friday,2018-02-23,100.0,positiu,positiu,positiu,positiu,positiu,risc-on,,0,risc-on,False,risc-on,40.0,55.0,5.0,0.0,0.0,0.0,False,No cal rebalancejar
weekly_thursday,2018-03-01,100.0,positiu,positiu,positiu,positiu,positiu,risc-on,,0,risc-on,False,risc-on,40.0,55.0,5.0,0.0,0.0,0.0,False,No cal rebalancejar
weekly_friday,2018-03-02,100.0,positiu,positiu,positiu,positiu,positiu,risc-on,,0,risc-on,False,risc-on,40.0,55.0,5.0,0.0,0.0,0.0,False,No cal rebalancejar
weekly_thursday,2018-03-08,100.0,positiu,positiu,positiu,positiu,positiu,risc-on,,0,risc-on,False,risc-on,40.0,55.0,5.0,0.0,0.0,0.0,False,No cal rebalancejar
weekly_friday,2018-03-09,100.0,positiu,positiu,positiu,positiu,positiu,risc-on,,0,risc-on,False,risc-on,40.0,55.0,5.0,0.0,0.0,0.0,False,No cal rebalancejar
weekly_thursday,2018-03-15,100.0,positiu,positiu,positiu,positiu,positiu,risc-on,,0,risc-on,False,risc-on,40.0,55.0,5.0,0.0,0.0,0.0,False,No cal rebalancejar
weekly_friday,2018-03-16,100.0,positiu,positiu,positiu,positiu,positiu,risc-on,,0,risc-on,False,risc-on,40.0,55.0,5.0,0.0,0.0,0.0,False,No cal rebalancejar
weekly_thursday,2018-03-22,82.22,neutral,positiu,positiu,positiu,positiu,risc-on,,0,risc-on,False,risc-on,40.0,55.0,5.0,0.0,0.0,0.0,False,No cal rebalancejar
weekly_friday,2018-03-23,82.22,neutral,positiu,positiu,positiu,positiu,risc-on,,0,risc-on,False,risc-on,40.0,55.0,5.0,0.0,0.0,0.0,False,No cal rebalancejar
weekly_thursday,2018-03-29,82.22,neutral,positiu,positiu,positiu,positiu,risc-on,,0,risc-on,False,risc-on,40.0,55.0,5.0,0.0,0.0,0.0,False,No cal rebalancejar
weekly_friday,2018-03-30,82.22,neutral,positiu,positiu,positiu,positiu,risc-on,,0,risc-on,False,risc-on,40.0,55.0,5.0,0.0,0.0,0.0,False,No cal rebalancejar
weekly_thursday,2018-04-05,82.22,neutral,positiu,positiu,positiu,positiu,risc-on,,0,risc-on,False,risc-on,40.0,55.0,5.0,0.0,0.0,0.0,False,No cal rebalancejar
weekly_friday,2018-04-06,71.11,neutral,neutral,positiu,positiu,positiu,risc-on,,0,risc-on,False,risc-on,40.0,55.0,5.0,0.0,0.0,0.0,False,No cal rebalancejar
weekly_thursday,2018-04-12,82.22,neutral,positiu,positiu,positiu,positiu,risc-on,,0,risc-on,False,risc-on,40.0,55.0,5.0,0.0,0.0,0.0,False,No cal rebalancejar
weekly_friday,2018-04-13,82.22,neutral,positiu,positiu,positiu,positiu,risc-on,,0,risc-on,False,risc-on,40.0,55.0,5.0,0.0,0.0,0.0,False,No cal rebalancejar
weekly_thursday,2018-04-19,100.0,positiu,positiu,positiu,positiu,positiu,risc-on,,0,risc-on,False,risc-on,40.0,55.0,5.0,0.0,0.0,0.0,False,No cal rebalancejar
weekly_friday,2018-04-20,82.22,neutral,positiu,positiu,positiu,positiu,risc-on,,0,risc-on,False,risc-on,40.0,55.0,5.0,0.0,0.0,0.0,False,No cal rebalancejar
weekly_thursday,2018-04-26,82.22,neutral,positiu,positiu,positiu,positiu,risc-on,,0,risc-on,False,risc-on,40.0,55.0,5.0,0.0,0.0,0.0,False,No cal rebalancejar
weekly_friday,2018-04-27,82.22,neutral,positiu,positiu,positiu,positiu,risc-on,,0,risc-on,False,risc-on,40.0,55.0,5.0,0.0,0.0,0.0,False,No cal rebalancejar
weekly_thursday,2018-05-03,82.22,neutral,positiu,positiu,positiu,positiu,risc-on,,0,risc-on,False,risc-on,40.0,55.0,5.0,0.0,0.0,0.0,False,No cal rebalancejar
weekly_friday,2018-05-04,82.22,neutral,positiu,positiu,positiu,positiu,risc-on,,0,risc-on,False,risc-on,40.0,55.0,5.0,0.0,0.0,0.0,False,No cal rebalancejar
weekly_thursday,2018-05-10,82.22,neutral,positiu,positiu,positiu,positiu,risc-on,,0,risc-on,False,risc-on,40.0,55.0,5.0,0.0,0.0,0.0,False,No cal rebalancejar
weekly_friday,2018-05-11,100.0,positiu,positiu,positiu,positiu,positiu,risc-on,,0,risc-on,False,risc-on,40.0,55.0,5.0,0.0,0.0,0.0,False,No cal rebalancejar
weekly_thursday,2018-05-17,82.22,neutral,positiu,positiu,positiu,positiu,risc-on,,0,risc-on,False,risc-on,40.0,55.0,5.0,0.0,0.0,0.0,False,No cal rebalancejar
weekly_friday,2018-05-18,82.22,neutral,positiu,positiu,positiu,positiu,risc-on,,0,risc-on,False,risc-on,40.0,55.0,5.0,0.0,0.0,0.0,False,No cal rebalancejar
weekly_thursday,2018-05-24,82.22,neutral,positiu,positiu,positiu,positiu,risc-on,,0,risc-on,False,risc-on,40.0,55.0,5.0,0.0,0.0,0.0,False,No cal rebalancejar
weekly_friday,2018-05-25,82.22,neutral,positiu,positiu,positiu,positiu,risc-on,,0,risc-on,False,risc-on,40.0,55.0,5.0,0.0,0.0,0.0,False,No cal rebalancejar
weekly_thursday,2018-05-31,82.22,neutral,positiu,positiu,positiu,positiu,risc-on,,0,risc-on,False,risc-on,40.0,55.0,5.0,0.0,0.0,0.0,False,No cal rebalancejar
weekly_friday,2018-06-01,82.22,neutral,positiu,positiu,positiu,positiu,risc-on,,0,risc-on,False,risc-on,40.0,55.0,5.0,0.0,0.0,0.0,False,No cal rebalancejar
weekly_thursday,2018-06-07,82.22,neutral,positiu,positiu,positiu,positiu,risc-on,,0,risc-on,False,risc-on,40.0,55.0,5.0,0.0,0.0,0.0,False,No cal rebalancejar
weekly_friday,2018-06-08,82.22,neutral,positiu,positiu,positiu,positiu,risc-on,,0,risc-on,False,risc-on,40.0,55.0,5.0,0.0,0.0,0.0,False,No cal rebalancejar
weekly_thursday,2018-06-14,82.22,neutral,positiu,positiu,positiu,positiu,risc-on,,0,risc-on,False,risc-on,40.0,55.0,5.0,0.0,0.0,0.0,False,No cal rebalancejar
weekly_friday,2018-06-15,82.22,neutral,positiu,positiu,positiu,positiu,risc-on,,0,risc-on,False,risc-on,40.0,55.0,5.0,0.0,0.0,0.0,False,No cal rebalancejar
weekly_thursday,2018-06-21,82.22,neutral,positiu,positiu,positiu,positiu,risc-on,,0,risc-on,False,risc-on,40.0,55.0,5.0,0.0,0.0,0.0,False,No cal rebalancejar
weekly_friday,2018-06-22,82.22,neutral,positiu,positiu,positiu,positiu,risc-on,,0,risc-on,False,risc-on,40.0,55.0,5.0,0.0,0.0,0.0,False,No cal rebalancejar
weekly_thursday,2018-06-28,82.22,neutral,positiu,positiu,positiu,positiu,risc-on,,0,risc-on,False,risc-on,40.0,55.0,5.0,0.0,0.0,0.0,False,No cal rebalancejar
weekly_friday,2018-06-29,82.22,neutral,positiu,positiu,positiu,positiu,risc-on,,0,risc-on,False,risc-on,40.0,55.0,5.0,0.0,0.0,0.0,False,No cal rebalancejar
weekly_thursday,2018-07-05,82.22,neutral,positiu,positiu,positiu,positiu,risc-on,,0,risc-on,False,risc-on,40.0,55.0,5.0,0.0,0.0,0.0,False,No cal rebalancejar
weekly_friday,2018-07-06,82.22,neutral,positiu,positiu,positiu,positiu,risc-on,,0,risc-on,False,risc-on,40.0,55.0,5.0,0.0,0.0,0.0,False,No cal rebalancejar
weekly_thursday,2018-07-12,82.22,neutral,positiu,positiu,positiu,positiu,risc-on,,0,risc-on,False,risc-on,40.0,55.0,5.0,0.0,0.0,0.0,False,No cal rebalancejar
weekly_friday,2018-07-13,82.22,neutral,positiu,positiu,positiu,positiu,risc-on,,0,risc-on,False,risc-on,40.0,55.0,5.0,0.0,0.0,0.0,False,No cal rebalancejar
weekly_thursday,2018-07-19,82.22,neutral,positiu,positiu,positiu,positiu,risc-on,,0,risc-on,False,risc-on,40.0,55.0,5.0,0.0,0.0,0.0,False,No cal rebalancejar
weekly_friday,2018-07-20,82.22,neutral,positiu,positiu,positiu,positiu,risc-on,,0,risc-on,False,risc-on,40.0,55.0,5.0,0.0,0.0,0.0,False,No cal rebalancejar
weekly_thursday,2018-07-26,82.22,neutral,positiu,positiu,positiu,positiu,risc-on,,0,risc-on,False,risc-on,40.0,55.0,5.0,0.0,0.0,0.0,False,No cal rebalancejar
weekly_friday,2018-07-27,82.22,neutral,positiu,positiu,positiu,positiu,risc-on,,0,risc-on,False,risc-on,40.0,55.0,5.0,0.0,0.0,0.0,False,No cal rebalancejar
weekly_thursday,2018-08-02,82.22,neutral,positiu,positiu,positiu,positiu,risc-on,,0,risc-on,False,risc-on,40.0,55.0,5.0,0.0,0.0,0.0,False,No cal rebalancejar
weekly_friday,2018-08-03,82.22,neutral,positiu,positiu,positiu,positiu,risc-on,,0,risc-on,False,risc-on,40.0,55.0,5.0,0.0,0.0,0.0,False,No cal rebalancejar
weekly_thursday,2018-08-09,82.22,neutral,positiu,positiu,positiu,positiu,risc-on,,0,risc-on,False,risc-on,40.0,55.0,5.0,0.0,0.0,0.0,False,No cal rebalancejar
weekly_friday,2018-08-10,82.22,neutral,positiu,positiu,positiu,positiu,risc-on,,0,risc-on,False,risc-on,40.0,55.0,5.0,0.0,0.0,0.0,False,No cal rebalancejar
weekly_thursday,2018-08-16,82.22,neutral,positiu,positiu,positiu,positiu,risc-on,,0,risc-on,False,risc-on,40.0,55.0,5.0,0.0,0.0,0.0,False,No cal rebalancejar
weekly_friday,2018-08-17,82.22,neutral,positiu,positiu,positiu,positiu,risc-on,,0,risc-on,False,risc-on,40.0,55.0,5.0,0.0,0.0,0.0,False,No cal rebalancejar
weekly_thursday,2018-08-23,82.22,neutral,positiu,positiu,positiu,positiu,risc-on,,0,risc-on,False,risc-on,40.0,55.0,5.0,0.0,0.0,0.0,False,No cal rebalancejar
weekly_friday,2018-08-24,82.22,neutral,positiu,positiu,positiu,positiu,risc-on,,0,risc-on,False,risc-on,40.0,55.0,5.0,0.0,0.0,0.0,False,No cal rebalancejar
weekly_thursday,2018-08-30,100.0,positiu,positiu,positiu,positiu,positiu,risc-on,,0,risc-on,False,risc-on,40.0,55.0,5.0,0.0,0.0,0.0,False,No cal rebalancejar
weekly_friday,2018-08-31,82.22,neutral,positiu,positiu,positiu,positiu,risc-on,,0,risc-on,False,risc-on,40.0,55.0,5.0,0.0,0.0,0.0,False,No cal rebalancejar
weekly_thursday,2018-09-06,82.22,neutral,positiu,positiu,positiu,positiu,risc-on,,0,risc-on,False,risc-on,40.0,55.0,5.0,0.0,0.0,0.0,False,No cal rebalancejar
weekly_friday,2018-09-07,82.22,neutral,positiu,positiu,positiu,positiu,risc-on,,0,risc-on,False,risc-on,40.0,55.0,5.0,0.0,0.0,0.0,False,No cal rebalancejar
weekly_thursday,2018-09-13,82.22,neutral,positiu,positiu,positiu,positiu,risc-on,,0,risc-on,False,risc-on,40.0,55.0,5.0,0.0,0.0,0.0,False,No cal rebalancejar
weekly_friday,2018-09-14,82.22,neutral,positiu,positiu,positiu,positiu,risc-on,,0,risc-on,False,risc-on,40.0,55.0,5.0,0.0,0.0,0.0,False,No cal rebalancejar
weekly_thursday,2018-09-20,100.0,positiu,positiu,positiu,positiu,positiu,risc-on,,0,risc-on,False,risc-on,40.0,55.0,5.0,0.0,0.0,0.0,False,No cal rebalancejar
weekly_friday,2018-09-21,100.0,positiu,positiu,positiu,positiu,positiu,risc-on,,0,risc-on,False,risc-on,40.0,55.0,5.0,0.0,0.0,0.0,False,No cal rebalancejar
weekly_thursday,2018-09-27,82.22,neutral,positiu,positiu,positiu,positiu,risc-on,,0,risc-on,False,risc-on,40.0,55.0,5.0,0.0,0.0,0.0,False,No cal rebalancejar
weekly_friday,2018-09-28,82.22,neutral,positiu,positiu,positiu,positiu,risc-on,,0,risc-on,False,risc-on,40.0,55.0,5.0,0.0,0.0,0.0,False,No cal rebalancejar
weekly_thursday,2018-10-04,82.22,neutral,positiu,positiu,positiu,positiu,risc-on,,0,risc-on,False,risc-on,40.0,55.0,5.0,0.0,0.0,0.0,False,No cal rebalancejar
weekly_friday,2018-10-05,82.22,neutral,positiu,positiu,positiu,positiu,risc-on,,0,risc-on,False,risc-on,40.0,55.0,5.0,0.0,0.0,0.0,False,No cal rebalancejar
weekly_thursday,2018-10-11,46.66,negatiu,neutral,neutral,positiu,positiu,normal,normal,1,risc-on,False,risc-on,40.0,55.0,5.0,0.0,0.0,0.0,False,No cal rebalancejar
weekly_friday,2018-10-12,46.66,negatiu,neutral,neutral,positiu,positiu,normal,normal,1,risc-on,False,risc-on,40.0,55.0,5.0,0.0,0.0,0.0,False,No cal rebalancejar
weekly_thursday,2018-10-18,46.66,negatiu,neutral,neutral,positiu,positiu,normal,normal,2,risc-on,False,risc-on,40.0,55.0,5.0,0.0,0.0,0.0,False,No cal rebalancejar
weekly_friday,2018-10-19,46.66,negatiu,neutral,neutral,positiu,positiu,normal,normal,2,risc-on,False,risc-on,40.0,55.0,5.0,0.0,0.0,0.0,False,No cal rebalancejar
weekly_thursday,2018-10-25,46.66,negatiu,neutral,neutral,positiu,positiu,normal,normal,3,risc-on,False,risc-on,40.0,55.0,5.0,0.0,0.0,0.0,False,No cal rebalancejar
weekly_friday,2018-10-26,35.55,negatiu,negatiu,neutral,positiu,positiu,defensiu,defensiu,1,risc-on,False,risc-on,40.0,55.0,5.0,0.0,0.0,0.0,False,No cal rebalancejar
weekly_thursday,2018-11-01,46.66,negatiu,neutral,neutral,positiu,positiu,normal,,0,normal,False,normal,60.0,25.0,15.0,20.0,-30.0,10.0,True,Comprar 20 pp MSCI World; Vendre 30 pp Nasdaq; Comprar 10 pp Monetari
weekly_friday,2018-11-02,46.66,negatiu,neutral,neutral,positiu,positiu,normal,normal,1,risc-on,False,risc-on,40.0,55.0,5.0,0.0,0.0,0.0,False,No cal rebalancejar
weekly_thursday,2018-11-08,64.44,neutral,neutral,neutral,positiu,positiu,normal,,0,normal,False,normal,60.0,25.0,15.0,20.0,-30.0,10.0,True,Comprar 20 pp MSCI World; Vendre 30 pp Nasdaq; Comprar 10 pp Monetari
weekly_friday,2018-11-09,64.44,neutral,neutral,neutral,positiu,positiu,normal,normal,2,risc-on,False,risc-on,40.0,55.0,5.0,0.0,0.0,0.0,False,No cal rebalancejar
weekly_thursday,2018-11-15,46.66,negatiu,neutral,neutral,positiu,positiu,normal,,0,normal,False,normal,60.0,25.0,15.0,20.0,-30.0,10.0,True,Comprar 20 pp MSCI World; Vendre 30 pp Nasdaq; Comprar 10 pp Monetari
weekly_friday,2018-11-16,46.66,negatiu,neutral,neutral,positiu,positiu,normal,normal,3,risc-on,False,risc-on,40.0,55.0,5.0,0.0,0.0,0.0,False,No cal rebalancejar
weekly_thursday,2018-11-22,35.55,negatiu,negatiu,neutral,positiu,positiu,defensiu,defensiu,1,normal,False,normal,60.0,25.0,15.0,20.0,-30.0,10.0,True,Comprar 20 pp MSCI World; Vendre 30 pp Nasdaq; Comprar 10 pp Monetari
weekly_friday,2018-11-23,35.55,negatiu,negatiu,neutral,positiu,positiu,defensiu,defensiu,1,risc-on,False,risc-on,40.0,55.0,5.0,0.0,0.0,0.0,False,No cal rebalancejar
weekly_thursday,2018-11-29,46.66,negatiu,neutral,neutral,positiu,positiu,normal,,0,normal,False,normal,60.0,25.0,15.0,20.0,-30.0,10.0,True,Comprar 20 pp MSCI World; Vendre 30 pp Nasdaq; Comprar 10 pp Monetari
weekly_friday,2018-11-30,46.66,negatiu,neutral,neutral,positiu,positiu,normal,normal,1,risc-on,False,risc-on,40.0,55.0,5.0,0.0,0.0,0.0,False,No cal rebalancejar
weekly_thursday,2018-12-06,35.55,negatiu,negatiu,neutral,positiu,positiu,defensiu,defensiu,1,normal,False,normal,60.0,25.0,15.0,20.0,-30.0,10.0,True,Comprar 20 pp MSCI World; Vendre 30 pp Nasdaq; Comprar 10 pp Monetari
weekly_friday,2018-12-07,35.55,negatiu,negatiu,neutral,positiu,positiu,defensiu,defensiu,1,risc-on,False,risc-on,40.0,55.0,5.0,0.0,0.0,0.0,False,No cal rebalancejar
weekly_thursday,2018-12-13,28.89,negatiu,negatiu,negatiu,positiu,positiu,defensiu,defensiu,2,normal,False,normal,60.0,25.0,15.0,20.0,-30.0,10.0,True,Comprar 20 pp MSCI World; Vendre 30 pp Nasdaq; Comprar 10 pp Monetari
weekly_friday,2018-12-14,28.89,negatiu,negatiu,negatiu,positiu,positiu,defensiu,defensiu,2,risc-on,False,risc-on,40.0,55.0,5.0,0.0,0.0,0.0,False,No cal rebalancejar
weekly_thursday,2018-12-20,28.89,negatiu,negatiu,negatiu,positiu,positiu,defensiu,defensiu,3,normal,False,normal,60.0,25.0,15.0,20.0,-30.0,10.0,True,Comprar 20 pp MSCI World; Vendre 30 pp Nasdaq; Comprar 10 pp Monetari
weekly_friday,2018-12-21,28.89,negatiu,negatiu,negatiu,positiu,positiu,defensiu,defensiu,3,risc-on,False,risc-on,40.0,55.0,5.0,0.0,0.0,0.0,False,No cal rebalancejar
weekly_thursday,2018-12-27,28.89,negatiu,negatiu,negatiu,positiu,positiu,defensiu,,0,defensiu,False,defensiu,45.0,15.0,40.0,5.0,-40.0,35.0,True,Comprar 5 pp MSCI World; Vendre 40 pp Nasdaq; Comprar 35 pp Monetari
weekly_friday,2018-12-28,28.89,negatiu,negatiu,negatiu,positiu,positiu,defensiu,,0,defensiu,False,defensiu,45.0,15.0,40.0,5.0,-40.0,35.0,True,Comprar 5 pp MSCI World; Vendre 40 pp Nasdaq; Comprar 35 pp Monetari
weekly_thursday,2019-01-03,28.89,negatiu,negatiu,negatiu,positiu,positiu,defensiu,,0,defensiu,False,defensiu,45.0,15.0,40.0,0.0,0.0,0.0,False,No cal rebalancejar
weekly_friday,2019-01-04,28.89,negatiu,negatiu,negatiu,positiu,positiu,defensiu,,0,defensiu,False,defensiu,45.0,15.0,40.0,0.0,0.0,0.0,False,No cal rebalancejar
weekly_thursday,2019-01-10,28.89,negatiu,negatiu,negatiu,positiu,positiu,defensiu,,0,defensiu,False,defensiu,45.0,15.0,40.0,0.0,0.0,0.0,False,No cal rebalancejar
weekly_friday,2019-01-11,28.89,negatiu,negatiu,negatiu,positiu,positiu,defensiu,,0,defensiu,False,defensiu,45.0,15.0,40.0,0.0,0.0,0.0,False,No cal rebalancejar
weekly_thursday,2019-01-17,28.89,negatiu,negatiu,negatiu,positiu,positiu,defensiu,,0,defensiu,False,defensiu,45.0,15.0,40.0,0.0,0.0,0.0,False,No cal rebalancejar
weekly_friday,2019-01-18,28.89,negatiu,negatiu,negatiu,positiu,positiu,defensiu,,0,defensiu,False,defensiu,45.0,15.0,40.0,0.0,0.0,0.0,False,No cal rebalancejar
weekly_thursday,2019-01-24,28.89,negatiu,negatiu,negatiu,positiu,positiu,defensiu,,0,defensiu,False,defensiu,45.0,15.0,40.0,0.0,0.0,0.0,False,No cal rebalancejar
weekly_friday,2019-01-25,28.89,negatiu,negatiu,negatiu,positiu,positiu,defensiu,,0,defensiu,False,defensiu,45.0,15.0,40.0,0.0,0.0,0.0,False,No cal rebalancejar
weekly_thursday,2019-01-31,57.78,neutral,neutral,negatiu,positiu,positiu,normal,normal,1,defensiu,False,defensiu,45.0,15.0,40.0,0.0,0.0,0.0,False,No cal rebalancejar
weekly_friday,2019-02-01,57.78,neutral,neutral,negatiu,positiu,positiu,normal,normal,1,defensiu,False,defensiu,45.0,15.0,40.0,0.0,0.0,0.0,False,No cal rebalancejar
weekly_thursday,2019-02-07,64.44,neutral,neutral,neutral,positiu,positiu,normal,normal,2,defensiu,False,defensiu,45.0,15.0,40.0,0.0,0.0,0.0,False,No cal rebalancejar
weekly_friday,2019-02-08,64.44,neutral,neutral,neutral,positiu,positiu,normal,normal,2,defensiu,False,defensiu,45.0,15.0,40.0,0.0,0.0,0.0,False,No cal rebalancejar
weekly_thursday,2019-02-14,64.44,neutral,neutral,neutral,positiu,positiu,normal,normal,3,defensiu,False,defensiu,45.0,15.0,40.0,0.0,0.0,0.0,False,No cal rebalancejar
weekly_friday,2019-02-15,64.44,neutral,neutral,neutral,positiu,positiu,normal,normal,3,defensiu,False,defensiu,45.0,15.0,40.0,0.0,0.0,0.0,False,No cal rebalancejar
weekly_thursday,2019-02-21,64.44,neutral,neutral,neutral,positiu,positiu,normal,,0,normal,False,normal,60.0,25.0,15.0,15.0,10.0,-25.0,True,Comprar 15 pp MSCI World; Comprar 10 pp Nasdaq; Vendre 25 pp Monetari
weekly_friday,2019-02-22,64.44,neutral,neutral,neutral,positiu,positiu,normal,,0,normal,False,normal,60.0,25.0,15.0,15.0,10.0,-25.0,True,Comprar 15 pp MSCI World; Comprar 10 pp Nasdaq; Vendre 25 pp Monetari
weekly_thursday,2019-02-28,64.44,neutral,neutral,neutral,positiu,positiu,normal,,0,normal,False,normal,60.0,25.0,15.0,0.0,0.0,0.0,False,No cal rebalancejar
weekly_friday,2019-03-01,64.44,neutral,neutral,neutral,positiu,positiu,normal,,0,normal,False,normal,60.0,25.0,15.0,0.0,0.0,0.0,False,No cal rebalancejar
weekly_thursday,2019-03-07,64.44,neutral,neutral,neutral,positiu,positiu,normal,,0,normal,False,normal,60.0,25.0,15.0,0.0,0.0,0.0,False,No cal rebalancejar
weekly_friday,2019-03-08,64.44,neutral,neutral,neutral,positiu,positiu,normal,,0,normal,False,normal,60.0,25.0,15.0,0.0,0.0,0.0,False,No cal rebalancejar
weekly_thursday,2019-03-14,64.44,neutral,neutral,neutral,positiu,positiu,normal,,0,normal,False,normal,60.0,25.0,15.0,0.0,0.0,0.0,False,No cal rebalancejar
weekly_friday,2019-03-15,75.56,neutral,positiu,neutral,positiu,positiu,risc-on,risc-on,1,normal,False,normal,60.0,25.0,15.0,0.0,0.0,0.0,False,No cal rebalancejar
weekly_thursday,2019-03-21,75.56,neutral,positiu,neutral,positiu,positiu,risc-on,risc-on,1,normal,False,normal,60.0,25.0,15.0,0.0,0.0,0.0,False,No cal rebalancejar
weekly_friday,2019-03-22,75.56,neutral,positiu,neutral,positiu,positiu,risc-on,risc-on,2,normal,False,normal,60.0,25.0,15.0,0.0,0.0,0.0,False,No cal rebalancejar
weekly_thursday,2019-03-28,75.56,neutral,positiu,neutral,positiu,positiu,risc-on,risc-on,2,normal,False,normal,60.0,25.0,15.0,0.0,0.0,0.0,False,No cal rebalancejar
weekly_friday,2019-03-29,75.56,neutral,positiu,neutral,positiu,positiu,risc-on,risc-on,3,normal,False,normal,60.0,25.0,15.0,0.0,0.0,0.0,False,No cal rebalancejar
weekly_thursday,2019-04-04,93.34,positiu,positiu,neutral,positiu,positiu,risc-on,risc-on,3,normal,False,normal,60.0,25.0,15.0,0.0,0.0,0.0,False,No cal rebalancejar
weekly_friday,2019-04-05,93.34,positiu,positiu,neutral,positiu,positiu,risc-on,,0,risc-on,False,risc-on,40.0,55.0,5.0,-20.0,30.0,-10.0,True,Vendre 20 pp MSCI World; Comprar 30 pp Nasdaq; Vendre 10 pp Monetari
weekly_thursday,2019-04-11,93.34,positiu,positiu,neutral,positiu,positiu,risc-on,,0,risc-on,False,risc-on,40.0,55.0,5.0,0.0,0.0,0.0,False,No cal rebalancejar
weekly_friday,2019-04-12,93.34,positiu,positiu,neutral,positiu,positiu,risc-on,,0,risc-on,False,risc-on,40.0,55.0,5.0,0.0,0.0,0.0,False,No cal rebalancejar
weekly_thursday,2019-04-18,93.34,positiu,positiu,neutral,positiu,positiu,risc-on,,0,risc-on,False,risc-on,40.0,55.0,5.0,0.0,0.0,0.0,False,No cal rebalancejar
weekly_friday,2019-04-19,93.34,positiu,positiu,neutral,positiu,positiu,risc-on,,0,risc-on,False,risc-on,40.0,55.0,5.0,0.0,0.0,0.0,False,No cal rebalancejar
weekly_thursday,2019-04-25,93.34,positiu,positiu,neutral,positiu,positiu,risc-on,,0,risc-on,False,risc-on,40.0,55.0,5.0,0.0,0.0,0.0,False,No cal rebalancejar
weekly_friday,2019-04-26,93.34,positiu,positiu,neutral,positiu,positiu,risc-on,,0,risc-on,False,risc-on,40.0,55.0,5.0,0.0,0.0,0.0,False,No cal rebalancejar
weekly_thursday,2019-05-02,93.34,positiu,positiu,neutral,positiu,positiu,risc-on,,0,risc-on,False,risc-on,40.0,55.0,5.0,0.0,0.0,0.0,False,No cal rebalancejar
weekly_friday,2019-05-03,93.34,positiu,positiu,neutral,positiu,positiu,risc-on,,0,risc-on,False,risc-on,40.0,55.0,5.0,0.0,0.0,0.0,False,No cal rebalancejar
weekly_thursday,2019-05-09,75.56,neutral,positiu,neutral,positiu,positiu,risc-on,,0,risc-on,False,risc-on,40.0,55.0,5.0,0.0,0.0,0.0,False,No cal rebalancejar
weekly_friday,2019-05-10,75.56,neutral,positiu,neutral,positiu,positiu,risc-on,,0,risc-on,False,risc-on,40.0,55.0,5.0,0.0,0.0,0.0,False,No cal rebalancejar
weekly_thursday,2019-05-16,75.56,neutral,positiu,neutral,positiu,positiu,risc-on,,0,risc-on,False,risc-on,40.0,55.0,5.0,0.0,0.0,0.0,False,No cal rebalancejar
weekly_friday,2019-05-17,75.56,neutral,positiu,neutral,positiu,positiu,risc-on,,0,risc-on,False,risc-on,40.0,55.0,5.0,0.0,0.0,0.0,False,No cal rebalancejar
weekly_thursday,2019-05-23,64.44,neutral,neutral,neutral,positiu,positiu,normal,normal,1,risc-on,False,risc-on,40.0,55.0,5.0,0.0,0.0,0.0,False,No cal rebalancejar
weekly_friday,2019-05-24,64.44,neutral,neutral,neutral,positiu,positiu,normal,normal,1,risc-on,False,risc-on,40.0,55.0,5.0,0.0,0.0,0.0,False,No cal rebalancejar
weekly_thursday,2019-05-30,64.44,neutral,neutral,neutral,positiu,positiu,normal,normal,2,risc-on,False,risc-on,40.0,55.0,5.0,0.0,0.0,0.0,False,No cal rebalancejar
weekly_friday,2019-05-31,64.44,neutral,neutral,neutral,positiu,positiu,normal,normal,2,risc-on,False,risc-on,40.0,55.0,5.0,0.0,0.0,0.0,False,No cal rebalancejar
weekly_thursday,2019-06-06,64.44,neutral,neutral,neutral,positiu,positiu,normal,normal,3,risc-on,False,risc-on,40.0,55.0,5.0,0.0,0.0,0.0,False,No cal rebalancejar
weekly_friday,2019-06-07,75.56,neutral,positiu,neutral,positiu,positiu,risc-on,,0,risc-on,False,risc-on,40.0,55.0,5.0,0.0,0.0,0.0,False,No cal rebalancejar
weekly_thursday,2019-06-13,93.34,positiu,positiu,neutral,positiu,positiu,risc-on,,0,risc-on,False,risc-on,40.0,55.0,5.0,0.0,0.0,0.0,False,No cal rebalancejar
weekly_friday,2019-06-14,75.56,neutral,positiu,neutral,positiu,positiu,risc-on,,0,risc-on,False,risc-on,40.0,55.0,5.0,0.0,0.0,0.0,False,No cal rebalancejar
weekly_thursday,2019-06-20,93.34,positiu,positiu,neutral,positiu,positiu,risc-on,,0,risc-on,False,risc-on,40.0,55.0,5.0,0.0,0.0,0.0,False,No cal rebalancejar
weekly_friday,2019-06-21,93.34,positiu,positiu,neutral,positiu,positiu,risc-on,,0,risc-on,False,risc-on,40.0,55.0,5.0,0.0,0.0,0.0,False,No cal rebalancejar
weekly_thursday,2019-06-27,93.34,positiu,positiu,neutral,positiu,positiu,risc-on,,0,risc-on,False,risc-on,40.0,55.0,5.0,0.0,0.0,0.0,False,No cal rebalancejar
weekly_friday,2019-06-28,93.34,positiu,positiu,neutral,positiu,positiu,risc-on,,0,risc-on,False,risc-on,40.0,55.0,5.0,0.0,0.0,0.0,False,No cal rebalancejar
weekly_thursday,2019-07-04,100.0,positiu,positiu,positiu,positiu,positiu,risc-on,,0,risc-on,False,risc-on,40.0,55.0,5.0,0.0,0.0,0.0,False,No cal rebalancejar
weekly_friday,2019-07-05,100.0,positiu,positiu,positiu,positiu,positiu,risc-on,,0,risc-on,False,risc-on,40.0,55.0,5.0,0.0,0.0,0.0,False,No cal rebalancejar
weekly_thursday,2019-07-11,93.34,positiu,positiu,neutral,positiu,positiu,risc-on,,0,risc-on,False,risc-on,40.0,55.0,5.0,0.0,0.0,0.0,False,No cal rebalancejar
weekly_friday,2019-07-12,93.34,positiu,positiu,neutral,positiu,positiu,risc-on,,0,risc-on,False,risc-on,40.0,55.0,5.0,0.0,0.0,0.0,False,No cal rebalancejar
weekly_thursday,2019-07-18,93.34,positiu,positiu,neutral,positiu,positiu,risc-on,,0,risc-on,False,risc-on,40.0,55.0,5.0,0.0,0.0,0.0,False,No cal rebalancejar
weekly_friday,2019-07-19,93.34,positiu,positiu,neutral,positiu,positiu,risc-on,,0,risc-on,False,risc-on,40.0,55.0,5.0,0.0,0.0,0.0,False,No cal rebalancejar
weekly_thursday,2019-07-25,93.34,positiu,positiu,neutral,positiu,positiu,risc-on,,0,risc-on,False,risc-on,40.0,55.0,5.0,0.0,0.0,0.0,False,No cal rebalancejar
weekly_friday,2019-07-26,93.34,positiu,positiu,neutral,positiu,positiu,risc-on,,0,risc-on,False,risc-on,40.0,55.0,5.0,0.0,0.0,0.0,False,No cal rebalancejar
weekly_thursday,2019-08-01,93.34,positiu,positiu,neutral,positiu,positiu,risc-on,,0,risc-on,False,risc-on,40.0,55.0,5.0,0.0,0.0,0.0,False,No cal rebalancejar
weekly_friday,2019-08-02,93.34,positiu,positiu,neutral,positiu,positiu,risc-on,,0,risc-on,False,risc-on,40.0,55.0,5.0,0.0,0.0,0.0,False,No cal rebalancejar
weekly_thursday,2019-08-08,93.34,positiu,positiu,neutral,positiu,positiu,risc-on,,0,risc-on,False,risc-on,40.0,55.0,5.0,0.0,0.0,0.0,False,No cal rebalancejar
weekly_friday,2019-08-09,75.56,neutral,positiu,neutral,positiu,positiu,risc-on,,0,risc-on,False,risc-on,40.0,55.0,5.0,0.0,0.0,0.0,False,No cal rebalancejar
weekly_thursday,2019-08-15,75.56,neutral,positiu,neutral,positiu,positiu,risc-on,,0,risc-on,False,risc-on,40.0,55.0,5.0,0.0,0.0,0.0,False,No cal rebalancejar
weekly_friday,2019-08-16,75.56,neutral,positiu,neutral,positiu,positiu,risc-on,,0,risc-on,False,risc-on,40.0,55.0,5.0,0.0,0.0,0.0,False,No cal rebalancejar
weekly_thursday,2019-08-22,75.56,neutral,positiu,neutral,positiu,positiu,risc-on,,0,risc-on,False,risc-on,40.0,55.0,5.0,0.0,0.0,0.0,False,No cal rebalancejar
weekly_friday,2019-08-23,64.44,neutral,neutral,neutral,positiu,positiu,normal,normal,1,risc-on,False,risc-on,40.0,55.0,5.0,0.0,0.0,0.0,False,No cal rebalancejar
weekly_thursday,2019-08-29,75.56,neutral,positiu,neutral,positiu,positiu,risc-on,,0,risc-on,False,risc-on,40.0,55.0,5.0,0.0,0.0,0.0,False,No cal rebalancejar
weekly_friday,2019-08-30,75.56,neutral,positiu,neutral,positiu,positiu,risc-on,,0,risc-on,False,risc-on,40.0,55.0,5.0,0.0,0.0,0.0,False,No cal rebalancejar
weekly_thursday,2019-09-05,93.34,positiu,positiu,neutral,positiu,positiu,risc-on,,0,risc-on,False,risc-on,40.0,55.0,5.0,0.0,0.0,0.0,False,No cal rebalancejar
weekly_friday,2019-09-06,93.34,positiu,positiu,neutral,positiu,positiu,risc-on,,0,risc-on,False,risc-on,40.0,55.0,5.0,0.0,0.0,0.0,False,No cal rebalancejar
weekly_thursday,2019-09-12,93.34,positiu,positiu,neutral,positiu,positiu,risc-on,,0,risc-on,False,risc-on,40.0,55.0,5.0,0.0,0.0,0.0,False,No cal rebalancejar
weekly_friday,2019-09-13,93.34,positiu,positiu,neutral,positiu,positiu,risc-on,,0,risc-on,False,risc-on,40.0,55.0,5.0,0.0,0.0,0.0,False,No cal rebalancejar
weekly_thursday,2019-09-19,93.34,positiu,positiu,neutral,positiu,positiu,risc-on,,0,risc-on,False,risc-on,40.0,55.0,5.0,0.0,0.0,0.0,False,No cal rebalancejar
weekly_friday,2019-09-20,93.34,positiu,positiu,neutral,positiu,positiu,risc-on,,0,risc-on,False,risc-on,40.0,55.0,5.0,0.0,0.0,0.0,False,No cal rebalancejar
weekly_thursday,2019-09-26,93.34,positiu,positiu,neutral,positiu,positiu,risc-on,,0,risc-on,False,risc-on,40.0,55.0,5.0,0.0,0.0,0.0,False,No cal rebalancejar
weekly_friday,2019-09-27,93.34,positiu,positiu,neutral,positiu,positiu,risc-on,,0,risc-on,False,risc-on,40.0,55.0,5.0,0.0,0.0,0.0,False,No cal rebalancejar
weekly_thursday,2019-10-03,75.56,neutral,positiu,neutral,positiu,positiu,risc-on,,0,risc-on,False,risc-on,40.0,55.0,5.0,0.0,0.0,0.0,False,No cal rebalancejar
weekly_friday,2019-10-04,75.56,neutral,positiu,neutral,positiu,positiu,risc-on,,0,risc-on,False,risc-on,40.0,55.0,5.0,0.0,0.0,0.0,False,No cal rebalancejar
weekly_thursday,2019-10-10,75.56,neutral,positiu,neutral,positiu,positiu,risc-on,,0,risc-on,False,risc-on,40.0,55.0,5.0,0.0,0.0,0.0,False,No cal rebalancejar
weekly_friday,2019-10-11,93.34,positiu,positiu,neutral,positiu,positiu,risc-on,,0,risc-on,False,risc-on,40.0,55.0,5.0,0.0,0.0,0.0,False,No cal rebalancejar
weekly_thursday,2019-10-17,100.0,positiu,positiu,positiu,positiu,positiu,risc-on,,0,risc-on,False,risc-on,40.0,55.0,5.0,0.0,0.0,0.0,False,No cal rebalancejar
weekly_friday,2019-10-18,100.0,positiu,positiu,positiu,positiu,positiu,risc-on,,0,risc-on,False,risc-on,40.0,55.0,5.0,0.0,0.0,0.0,False,No cal rebalancejar
weekly_thursday,2019-10-24,100.0,positiu,positiu,positiu,positiu,positiu,risc-on,,0,risc-on,False,risc-on,40.0,55.0,5.0,0.0,0.0,0.0,False,No cal rebalancejar
weekly_friday,2019-10-25,100.0,positiu,positiu,positiu,positiu,positiu,risc-on,,0,risc-on,False,risc-on,40.0,55.0,5.0,0.0,0.0,0.0,False,No cal rebalancejar
weekly_thursday,2019-10-31,100.0,positiu,positiu,positiu,positiu,positiu,risc-on,,0,risc-on,False,risc-on,40.0,55.0,5.0,0.0,0.0,0.0,False,No cal rebalancejar
weekly_friday,2019-11-01,100.0,positiu,positiu,positiu,positiu,positiu,risc-on,,0,risc-on,False,risc-on,40.0,55.0,5.0,0.0,0.0,0.0,False,No cal rebalancejar
weekly_thursday,2019-11-07,100.0,positiu,positiu,positiu,positiu,positiu,risc-on,,0,risc-on,False,risc-on,40.0,55.0,5.0,0.0,0.0,0.0,False,No cal rebalancejar
weekly_friday,2019-11-08,100.0,positiu,positiu,positiu,positiu,positiu,risc-on,,0,risc-on,False,risc-on,40.0,55.0,5.0,0.0,0.0,0.0,False,No cal rebalancejar
weekly_thursday,2019-11-14,100.0,positiu,positiu,positiu,positiu,positiu,risc-on,,0,risc-on,False,risc-on,40.0,55.0,5.0,0.0,0.0,0.0,False,No cal rebalancejar
weekly_friday,2019-11-15,100.0,positiu,positiu,positiu,positiu,positiu,risc-on,,0,risc-on,False,risc-on,40.0,55.0,5.0,0.0,0.0,0.0,False,No cal rebalancejar
weekly_thursday,2019-11-21,100.0,positiu,positiu,positiu,positiu,positiu,risc-on,,0,risc-on,False,risc-on,40.0,55.0,5.0,0.0,0.0,0.0,False,No cal rebalancejar
weekly_friday,2019-11-22,100.0,positiu,positiu,positiu,positiu,positiu,risc-on,,0,risc-on,False,risc-on,40.0,55.0,5.0,0.0,0.0,0.0,False,No cal rebalancejar
weekly_thursday,2019-11-28,100.0,positiu,positiu,positiu,positiu,positiu,risc-on,,0,risc-on,False,risc-on,40.0,55.0,5.0,0.0,0.0,0.0,False,No cal rebalancejar
weekly_friday,2019-11-29,100.0,positiu,positiu,positiu,positiu,positiu,risc-on,,0,risc-on,False,risc-on,40.0,55.0,5.0,0.0,0.0,0.0,False,No cal rebalancejar
weekly_thursday,2019-12-05,100.0,positiu,positiu,positiu,positiu,positiu,risc-on,,0,risc-on,False,risc-on,40.0,55.0,5.0,0.0,0.0,0.0,False,No cal rebalancejar
weekly_friday,2019-12-06,100.0,positiu,positiu,positiu,positiu,positiu,risc-on,,0,risc-on,False,risc-on,40.0,55.0,5.0,0.0,0.0,0.0,False,No cal rebalancejar
weekly_thursday,2019-12-12,100.0,positiu,positiu,positiu,positiu,positiu,risc-on,,0,risc-on,False,risc-on,40.0,55.0,5.0,0.0,0.0,0.0,False,No cal rebalancejar
weekly_friday,2019-12-13,100.0,positiu,positiu,positiu,positiu,positiu,risc-on,,0,risc-on,False,risc-on,40.0,55.0,5.0,0.0,0.0,0.0,False,No cal rebalancejar
weekly_thursday,2019-12-19,100.0,positiu,positiu,positiu,positiu,positiu,risc-on,,0,risc-on,False,risc-on,40.0,55.0,5.0,0.0,0.0,0.0,False,No cal rebalancejar
weekly_friday,2019-12-20,100.0,positiu,positiu,positiu,positiu,positiu,risc-on,,0,risc-on,False,risc-on,40.0,55.0,5.0,0.0,0.0,0.0,False,No cal rebalancejar
weekly_thursday,2019-12-26,100.0,positiu,positiu,positiu,positiu,positiu,risc-on,,0,risc-on,False,risc-on,40.0,55.0,5.0,0.0,0.0,0.0,False,No cal rebalancejar
weekly_friday,2019-12-27,100.0,positiu,positiu,positiu,positiu,positiu,risc-on,,0,risc-on,False,risc-on,40.0,55.0,5.0,0.0,0.0,0.0,False,No cal rebalancejar
weekly_thursday,2020-01-02,100.0,positiu,positiu,positiu,positiu,positiu,risc-on,,0,risc-on,False,risc-on,40.0,55.0,5.0,0.0,0.0,0.0,False,No cal rebalancejar
weekly_friday,2020-01-03,100.0,positiu,positiu,positiu,positiu,positiu,risc-on,,0,risc-on,False,risc-on,40.0,55.0,5.0,0.0,0.0,0.0,False,No cal rebalancejar
weekly_thursday,2020-01-09,100.0,positiu,positiu,positiu,positiu,positiu,risc-on,,0,risc-on,False,risc-on,40.0,55.0,5.0,0.0,0.0,0.0,False,No cal rebalancejar
weekly_friday,2020-01-10,100.0,positiu,positiu,positiu,positiu,positiu,risc-on,,0,risc-on,False,risc-on,40.0,55.0,5.0,0.0,0.0,0.0,False,No cal rebalancejar
weekly_thursday,2020-01-16,100.0,positiu,positiu,positiu,positiu,positiu,risc-on,,0,risc-on,False,risc-on,40.0,55.0,5.0,0.0,0.0,0.0,False,No cal rebalancejar
weekly_friday,2020-01-17,100.0,positiu,positiu,positiu,positiu,positiu,risc-on,,0,risc-on,False,risc-on,40.0,55.0,5.0,0.0,0.0,0.0,False,No cal rebalancejar
weekly_thursday,2020-01-23,100.0,positiu,positiu,positiu,positiu,positiu,risc-on,,0,risc-on,False,risc-on,40.0,55.0,5.0,0.0,0.0,0.0,False,No cal rebalancejar
weekly_friday,2020-01-24,100.0,positiu,positiu,positiu,positiu,positiu,risc-on,,0,risc-on,False,risc-on,40.0,55.0,5.0,0.0,0.0,0.0,False,No cal rebalancejar
weekly_thursday,2020-01-30,100.0,positiu,positiu,positiu,positiu,positiu,risc-on,,0,risc-on,False,risc-on,40.0,55.0,5.0,0.0,0.0,0.0,False,No cal rebalancejar
weekly_friday,2020-01-31,100.0,positiu,positiu,positiu,positiu,positiu,risc-on,,0,risc-on,False,risc-on,40.0,55.0,5.0,0.0,0.0,0.0,False,No cal rebalancejar
weekly_thursday,2020-02-06,100.0,positiu,positiu,positiu,positiu,positiu,risc-on,,0,risc-on,False,risc-on,40.0,55.0,5.0,0.0,0.0,0.0,False,No cal rebalancejar
weekly_friday,2020-02-07,100.0,positiu,positiu,positiu,positiu,positiu,risc-on,,0,risc-on,False,risc-on,40.0,55.0,5.0,0.0,0.0,0.0,False,No cal rebalancejar
weekly_thursday,2020-02-13,100.0,positiu,positiu,positiu,positiu,positiu,risc-on,,0,risc-on,False,risc-on,40.0,55.0,5.0,0.0,0.0,0.0,False,No cal rebalancejar
weekly_friday,2020-02-14,100.0,positiu,positiu,positiu,positiu,positiu,risc-on,,0,risc-on,False,risc-on,40.0,55.0,5.0,0.0,0.0,0.0,False,No cal rebalancejar
weekly_thursday,2020-02-20,100.0,positiu,positiu,positiu,positiu,positiu,risc-on,,0,risc-on,False,risc-on,40.0,55.0,5.0,0.0,0.0,0.0,False,No cal rebalancejar
weekly_friday,2020-02-21,100.0,positiu,positiu,positiu,positiu,positiu,risc-on,,0,risc-on,False,risc-on,40.0,55.0,5.0,0.0,0.0,0.0,False,No cal rebalancejar
weekly_thursday,2020-02-27,75.56,neutral,positiu,neutral,positiu,positiu,risc-on,,0,risc-on,False,risc-on,40.0,55.0,5.0,0.0,0.0,0.0,False,No cal rebalancejar
weekly_friday,2020-02-28,57.77,negatiu,positiu,neutral,positiu,positiu,normal,normal,1,risc-on,False,risc-on,40.0,55.0,5.0,0.0,0.0,0.0,False,No cal rebalancejar
weekly_thursday,2020-03-05,82.22,neutral,positiu,positiu,positiu,positiu,risc-on,,0,risc-on,False,risc-on,40.0,55.0,5.0,0.0,0.0,0.0,False,No cal rebalancejar
weekly_friday,2020-03-06,57.77,negatiu,positiu,neutral,positiu,positiu,normal,normal,2,risc-on,False,risc-on,40.0,55.0,5.0,0.0,0.0,0.0,False,No cal rebalancejar
weekly_thursday,2020-03-12,20.0,negatiu,negatiu,negatiu,negatiu,positiu,defensiu,defensiu,1,risc-on,True,risc-on,40.0,55.0,5.0,0.0,0.0,0.0,False,No cal rebalancejar
weekly_friday,2020-03-13,31.11,negatiu,neutral,negatiu,negatiu,positiu,defensiu,defensiu,1,risc-on,True,risc-on,40.0,55.0,5.0,0.0,0.0,0.0,False,No cal rebalancejar
weekly_thursday,2020-03-19,20.0,negatiu,negatiu,negatiu,negatiu,positiu,defensiu,defensiu,2,risc-on,True,risc-on,40.0,55.0,5.0,0.0,0.0,0.0,False,No cal rebalancejar
weekly_friday,2020-03-20,20.0,negatiu,negatiu,negatiu,negatiu,positiu,defensiu,defensiu,2,risc-on,True,risc-on,40.0,55.0,5.0,0.0,0.0,0.0,False,No cal rebalancejar
weekly_thursday,2020-03-26,20.0,negatiu,negatiu,negatiu,negatiu,positiu,defensiu,defensiu,3,risc-on,True,risc-on,40.0,55.0,5.0,0.0,0.0,0.0,False,No cal rebalancejar
weekly_friday,2020-03-27,20.0,negatiu,negatiu,negatiu,negatiu,positiu,defensiu,defensiu,3,risc-on,True,risc-on,40.0,55.0,5.0,0.0,0.0,0.0,False,No cal rebalancejar
weekly_thursday,2020-04-02,20.0,negatiu,negatiu,negatiu,negatiu,positiu,defensiu,,0,defensiu,True,semi-defensiu,55.0,20.0,25.0,15.0,-35.0,20.0,True,Comprar 15 pp MSCI World; Vendre 35 pp Nasdaq; Comprar 20 pp Monetari
weekly_friday,2020-04-03,20.0,negatiu,negatiu,negatiu,negatiu,positiu,defensiu,,0,defensiu,True,semi-defensiu,55.0,20.0,25.0,15.0,-35.0,20.0,True,Comprar 15 pp MSCI World; Vendre 35 pp Nasdaq; Comprar 20 pp Monetari
weekly_thursday,2020-04-09,31.11,negatiu,neutral,negatiu,negatiu,positiu,defensiu,,0,defensiu,True,semi-defensiu,55.0,20.0,25.0,0.0,0.0,0.0,False,No cal rebalancejar
weekly_friday,2020-04-10,31.11,negatiu,neutral,negatiu,negatiu,positiu,defensiu,,0,defensiu,True,semi-defensiu,55.0,20.0,25.0,0.0,0.0,0.0,False,No cal rebalancejar
weekly_thursday,2020-04-16,42.22,negatiu,positiu,negatiu,negatiu,positiu,defensiu,,0,defensiu,True,semi-defensiu,55.0,20.0,25.0,0.0,0.0,0.0,False,No cal rebalancejar
weekly_friday,2020-04-17,42.22,negatiu,positiu,negatiu,negatiu,positiu,defensiu,,0,defensiu,True,semi-defensiu,55.0,20.0,25.0,0.0,0.0,0.0,False,No cal rebalancejar
weekly_thursday,2020-04-23,42.22,negatiu,positiu,negatiu,negatiu,positiu,defensiu,,0,defensiu,True,semi-defensiu,55.0,20.0,25.0,0.0,0.0,0.0,False,No cal rebalancejar
weekly_friday,2020-04-24,42.22,negatiu,positiu,negatiu,negatiu,positiu,defensiu,,0,defensiu,True,semi-defensiu,55.0,20.0,25.0,0.0,0.0,0.0,False,No cal rebalancejar
weekly_thursday,2020-04-30,42.22,negatiu,positiu,negatiu,negatiu,positiu,defensiu,,0,defensiu,True,semi-defensiu,55.0,20.0,25.0,0.0,0.0,0.0,False,No cal rebalancejar
weekly_friday,2020-05-01,42.22,negatiu,positiu,negatiu,negatiu,positiu,defensiu,,0,defensiu,True,semi-defensiu,55.0,20.0,25.0,0.0,0.0,0.0,False,No cal rebalancejar
weekly_thursday,2020-05-07,48.88,negatiu,positiu,neutral,negatiu,positiu,defensiu,,0,defensiu,True,semi-defensiu,55.0,20.0,25.0,0.0,0.0,0.0,False,No cal rebalancejar
weekly_friday,2020-05-08,48.88,negatiu,positiu,neutral,negatiu,positiu,defensiu,,0,defensiu,True,semi-defensiu,55.0,20.0,25.0,0.0,0.0,0.0,False,No cal rebalancejar
weekly_thursday,2020-05-14,42.22,negatiu,positiu,negatiu,negatiu,positiu,defensiu,,0,defensiu,True,semi-defensiu,55.0,20.0,25.0,0.0,0.0,0.0,False,No cal rebalancejar
weekly_friday,2020-05-15,42.22,negatiu,positiu,negatiu,negatiu,positiu,defensiu,,0,defensiu,True,semi-defensiu,55.0,20.0,25.0,0.0,0.0,0.0,False,No cal rebalancejar
weekly_thursday,2020-05-21,48.88,negatiu,positiu,neutral,negatiu,positiu,defensiu,,0,defensiu,True,semi-defensiu,55.0,20.0,25.0,0.0,0.0,0.0,False,No cal rebalancejar
weekly_friday,2020-05-22,48.88,negatiu,positiu,neutral,negatiu,positiu,defensiu,,0,defensiu,True,semi-defensiu,55.0,20.0,25.0,0.0,0.0,0.0,False,No cal rebalancejar
weekly_thursday,2020-05-28,66.66,neutral,positiu,neutral,negatiu,positiu,normal,normal,1,defensiu,True,normal,60.0,25.0,15.0,5.0,5.0,-10.0,True,Comprar 5 pp MSCI World; Comprar 5 pp Nasdaq; Vendre 10 pp Monetari
weekly_friday,2020-05-29,66.66,neutral,positiu,neutral,negatiu,positiu,normal,normal,1,defensiu,True,normal,60.0,25.0,15.0,5.0,5.0,-10.0,True,Comprar 5 pp MSCI World; Comprar 5 pp Nasdaq; Vendre 10 pp Monetari
weekly_thursday,2020-06-04,73.33,neutral,positiu,positiu,negatiu,positiu,normal,normal,2,defensiu,True,normal,60.0,25.0,15.0,0.0,0.0,0.0,False,No cal rebalancejar
weekly_friday,2020-06-05,91.11,positiu,positiu,positiu,negatiu,positiu,risc-on,risc-on,1,defensiu,True,normal,60.0,25.0,15.0,0.0,0.0,0.0,False,No cal rebalancejar
weekly_thursday,2020-06-11,66.66,neutral,positiu,neutral,negatiu,positiu,normal,normal,3,defensiu,True,normal,60.0,25.0,15.0,0.0,0.0,0.0,False,No cal rebalancejar
weekly_friday,2020-06-12,66.66,neutral,positiu,neutral,negatiu,positiu,normal,normal,1,defensiu,True,normal,60.0,25.0,15.0,0.0,0.0,0.0,False,No cal rebalancejar
weekly_thursday,2020-06-18,66.66,neutral,positiu,neutral,negatiu,positiu,normal,,0,normal,True,normal,60.0,25.0,15.0,0.0,0.0,0.0,False,No cal rebalancejar
weekly_friday,2020-06-19,66.66,neutral,positiu,neutral,negatiu,positiu,normal,normal,2,defensiu,True,normal,60.0,25.0,15.0,0.0,0.0,0.0,False,No cal rebalancejar
weekly_thursday,2020-06-25,71.11,neutral,positiu,neutral,neutral,positiu,normal,,0,normal,True,normal,60.0,25.0,15.0,0.0,0.0,0.0,False,No cal rebalancejar
weekly_friday,2020-06-26,71.11,neutral,positiu,neutral,neutral,positiu,normal,normal,3,defensiu,True,normal,60.0,25.0,15.0,0.0,0.0,0.0,False,No cal rebalancejar
weekly_thursday,2020-07-02,71.11,neutral,positiu,neutral,neutral,positiu,normal,,0,normal,True,normal,60.0,25.0,15.0,0.0,0.0,0.0,False,No cal rebalancejar
weekly_friday,2020-07-03,71.11,neutral,positiu,neutral,neutral,positiu,normal,,0,normal,True,normal,60.0,25.0,15.0,0.0,0.0,0.0,False,No cal rebalancejar
weekly_thursday,2020-07-09,71.11,neutral,positiu,neutral,neutral,positiu,normal,,0,normal,True,normal,60.0,25.0,15.0,0.0,0.0,0.0,False,No cal rebalancejar
weekly_friday,2020-07-10,88.89,positiu,positiu,neutral,neutral,positiu,risc-on,risc-on,1,normal,True,normal,60.0,25.0,15.0,0.0,0.0,0.0,False,No cal rebalancejar
weekly_thursday,2020-07-16,88.89,positiu,positiu,neutral,neutral,positiu,risc-on,risc-on,1,normal,True,normal,60.0,25.0,15.0,0.0,0.0,0.0,False,No cal rebalancejar
weekly_friday,2020-07-17,88.89,positiu,positiu,neutral,neutral,positiu,risc-on,risc-on,2,normal,True,normal,60.0,25.0,15.0,0.0,0.0,0.0,False,No cal rebalancejar
weekly_thursday,2020-07-23,88.89,positiu,positiu,neutral,neutral,positiu,risc-on,risc-on,2,normal,True,normal,60.0,25.0,15.0,0.0,0.0,0.0,False,No cal rebalancejar
weekly_friday,2020-07-24,88.89,positiu,positiu,neutral,neutral,positiu,risc-on,risc-on,3,normal,True,normal,60.0,25.0,15.0,0.0,0.0,0.0,False,No cal rebalancejar
weekly_thursday,2020-07-30,100.0,positiu,positiu,positiu,positiu,positiu,risc-on,risc-on,3,normal,True,normal,60.0,25.0,15.0,0.0,0.0,0.0,False,No cal rebalancejar
weekly_friday,2020-07-31,100.0,positiu,positiu,positiu,positiu,positiu,risc-on,,0,risc-on,True,risc-on,40.0,55.0,5.0,-20.0,30.0,-10.0,True,Vendre 20 pp MSCI World; Comprar 30 pp Nasdaq; Vendre 10 pp Monetari
weekly_thursday,2020-08-06,100.0,positiu,positiu,positiu,positiu,positiu,risc-on,,0,risc-on,False,risc-on,40.0,55.0,5.0,0.0,0.0,0.0,False,No cal rebalancejar
weekly_friday,2020-08-07,100.0,positiu,positiu,positiu,positiu,positiu,risc-on,,0,risc-on,False,risc-on,40.0,55.0,5.0,0.0,0.0,0.0,False,No cal rebalancejar
weekly_thursday,2020-08-13,100.0,positiu,positiu,positiu,positiu,positiu,risc-on,,0,risc-on,False,risc-on,40.0,55.0,5.0,0.0,0.0,0.0,False,No cal rebalancejar
weekly_friday,2020-08-14,100.0,positiu,positiu,positiu,positiu,positiu,risc-on,,0,risc-on,False,risc-on,40.0,55.0,5.0,0.0,0.0,0.0,False,No cal rebalancejar
weekly_thursday,2020-08-20,100.0,positiu,positiu,positiu,positiu,positiu,risc-on,,0,risc-on,False,risc-on,40.0,55.0,5.0,0.0,0.0,0.0,False,No cal rebalancejar
weekly_friday,2020-08-21,100.0,positiu,positiu,positiu,positiu,positiu,risc-on,,0,risc-on,False,risc-on,40.0,55.0,5.0,0.0,0.0,0.0,False,No cal rebalancejar
weekly_thursday,2020-08-27,100.0,positiu,positiu,positiu,positiu,positiu,risc-on,,0,risc-on,False,risc-on,40.0,55.0,5.0,0.0,0.0,0.0,False,No cal rebalancejar
weekly_friday,2020-08-28,100.0,positiu,positiu,positiu,positiu,positiu,risc-on,,0,risc-on,False,risc-on,40.0,55.0,5.0,0.0,0.0,0.0,False,No cal rebalancejar
weekly_thursday,2020-09-03,100.0,positiu,positiu,positiu,positiu,positiu,risc-on,,0,risc-on,False,risc-on,40.0,55.0,5.0,0.0,0.0,0.0,False,No cal rebalancejar
weekly_friday,2020-09-04,100.0,positiu,positiu,positiu,positiu,positiu,risc-on,,0,risc-on,False,risc-on,40.0,55.0,5.0,0.0,0.0,0.0,False,No cal rebalancejar
weekly_thursday,2020-09-10,100.0,positiu,positiu,positiu,positiu,positiu,risc-on,,0,risc-on,False,risc-on,40.0,55.0,5.0,0.0,0.0,0.0,False,No cal rebalancejar
weekly_friday,2020-09-11,100.0,positiu,positiu,positiu,positiu,positiu,risc-on,,0,risc-on,False,risc-on,40.0,55.0,5.0,0.0,0.0,0.0,False,No cal rebalancejar
weekly_thursday,2020-09-17,100.0,positiu,positiu,positiu,positiu,positiu,risc-on,,0,risc-on,False,risc-on,40.0,55.0,5.0,0.0,0.0,0.0,False,No cal rebalancejar
weekly_friday,2020-09-18,100.0,positiu,positiu,positiu,positiu,positiu,risc-on,,0,risc-on,False,risc-on,40.0,55.0,5.0,0.0,0.0,0.0,False,No cal rebalancejar
weekly_thursday,2020-09-24,100.0,positiu,positiu,positiu,positiu,positiu,risc-on,,0,risc-on,False,risc-on,40.0,55.0,5.0,0.0,0.0,0.0,False,No cal rebalancejar
weekly_friday,2020-09-25,100.0,positiu,positiu,positiu,positiu,positiu,risc-on,,0,risc-on,False,risc-on,40.0,55.0,5.0,0.0,0.0,0.0,False,No cal rebalancejar
weekly_thursday,2020-10-01,100.0,positiu,positiu,positiu,positiu,positiu,risc-on,,0,risc-on,False,risc-on,40.0,55.0,5.0,0.0,0.0,0.0,False,No cal rebalancejar
weekly_friday,2020-10-02,100.0,positiu,positiu,positiu,positiu,positiu,risc-on,,0,risc-on,False,risc-on,40.0,55.0,5.0,0.0,0.0,0.0,False,No cal rebalancejar
weekly_thursday,2020-10-08,100.0,positiu,positiu,positiu,positiu,positiu,risc-on,,0,risc-on,False,risc-on,40.0,55.0,5.0,0.0,0.0,0.0,False,No cal rebalancejar
weekly_friday,2020-10-09,100.0,positiu,positiu,positiu,positiu,positiu,risc-on,,0,risc-on,False,risc-on,40.0,55.0,5.0,0.0,0.0,0.0,False,No cal rebalancejar
weekly_thursday,2020-10-15,100.0,positiu,positiu,positiu,positiu,positiu,risc-on,,0,risc-on,False,risc-on,40.0,55.0,5.0,0.0,0.0,0.0,False,No cal rebalancejar
weekly_friday,2020-10-16,100.0,positiu,positiu,positiu,positiu,positiu,risc-on,,0,risc-on,False,risc-on,40.0,55.0,5.0,0.0,0.0,0.0,False,No cal rebalancejar
weekly_thursday,2020-10-22,100.0,positiu,positiu,positiu,positiu,positiu,risc-on,,0,risc-on,False,risc-on,40.0,55.0,5.0,0.0,0.0,0.0,False,No cal rebalancejar
weekly_friday,2020-10-23,100.0,positiu,positiu,positiu,positiu,positiu,risc-on,,0,risc-on,False,risc-on,40.0,55.0,5.0,0.0,0.0,0.0,False,No cal rebalancejar
weekly_thursday,2020-10-29,93.34,positiu,positiu,neutral,positiu,positiu,risc-on,,0,risc-on,False,risc-on,40.0,55.0,5.0,0.0,0.0,0.0,False,No cal rebalancejar
weekly_friday,2020-10-30,93.34,positiu,positiu,neutral,positiu,positiu,risc-on,,0,risc-on,False,risc-on,40.0,55.0,5.0,0.0,0.0,0.0,False,No cal rebalancejar
weekly_thursday,2020-11-05,100.0,positiu,positiu,positiu,positiu,positiu,risc-on,,0,risc-on,False,risc-on,40.0,55.0,5.0,0.0,0.0,0.0,False,No cal rebalancejar
weekly_friday,2020-11-06,100.0,positiu,positiu,positiu,positiu,positiu,risc-on,,0,risc-on,False,risc-on,40.0,55.0,5.0,0.0,0.0,0.0,False,No cal rebalancejar
weekly_thursday,2020-11-12,100.0,positiu,positiu,positiu,positiu,positiu,risc-on,,0,risc-on,False,risc-on,40.0,55.0,5.0,0.0,0.0,0.0,False,No cal rebalancejar
weekly_friday,2020-11-13,100.0,positiu,positiu,positiu,positiu,positiu,risc-on,,0,risc-on,False,risc-on,40.0,55.0,5.0,0.0,0.0,0.0,False,No cal rebalancejar
weekly_thursday,2020-11-19,100.0,positiu,positiu,positiu,positiu,positiu,risc-on,,0,risc-on,False,risc-on,40.0,55.0,5.0,0.0,0.0,0.0,False,No cal rebalancejar
weekly_friday,2020-11-20,100.0,positiu,positiu,positiu,positiu,positiu,risc-on,,0,risc-on,False,risc-on,40.0,55.0,5.0,0.0,0.0,0.0,False,No cal rebalancejar
weekly_thursday,2020-11-26,100.0,positiu,positiu,positiu,positiu,positiu,risc-on,,0,risc-on,False,risc-on,40.0,55.0,5.0,0.0,0.0,0.0,False,No cal rebalancejar
weekly_friday,2020-11-27,100.0,positiu,positiu,positiu,positiu,positiu,risc-on,,0,risc-on,False,risc-on,40.0,55.0,5.0,0.0,0.0,0.0,False,No cal rebalancejar
weekly_thursday,2020-12-03,100.0,positiu,positiu,positiu,positiu,positiu,risc-on,,0,risc-on,False,risc-on,40.0,55.0,5.0,0.0,0.0,0.0,False,No cal rebalancejar
weekly_friday,2020-12-04,100.0,positiu,positiu,positiu,positiu,positiu,risc-on,,0,risc-on,False,risc-on,40.0,55.0,5.0,0.0,0.0,0.0,False,No cal rebalancejar
weekly_thursday,2020-12-10,100.0,positiu,positiu,positiu,positiu,positiu,risc-on,,0,risc-on,False,risc-on,40.0,55.0,5.0,0.0,0.0,0.0,False,No cal rebalancejar
weekly_friday,2020-12-11,100.0,positiu,positiu,positiu,positiu,positiu,risc-on,,0,risc-on,False,risc-on,40.0,55.0,5.0,0.0,0.0,0.0,False,No cal rebalancejar
weekly_thursday,2020-12-17,100.0,positiu,positiu,positiu,positiu,positiu,risc-on,,0,risc-on,False,risc-on,40.0,55.0,5.0,0.0,0.0,0.0,False,No cal rebalancejar
weekly_friday,2020-12-18,100.0,positiu,positiu,positiu,positiu,positiu,risc-on,,0,risc-on,False,risc-on,40.0,55.0,5.0,0.0,0.0,0.0,False,No cal rebalancejar
weekly_thursday,2020-12-24,100.0,positiu,positiu,positiu,positiu,positiu,risc-on,,0,risc-on,False,risc-on,40.0,55.0,5.0,0.0,0.0,0.0,False,No cal rebalancejar
weekly_friday,2020-12-25,100.0,positiu,positiu,positiu,positiu,positiu,risc-on,,0,risc-on,False,risc-on,40.0,55.0,5.0,0.0,0.0,0.0,False,No cal rebalancejar
weekly_thursday,2020-12-31,100.0,positiu,positiu,positiu,positiu,positiu,risc-on,,0,risc-on,False,risc-on,40.0,55.0,5.0,0.0,0.0,0.0,False,No cal rebalancejar
weekly_friday,2021-01-01,100.0,positiu,positiu,positiu,positiu,positiu,risc-on,,0,risc-on,False,risc-on,40.0,55.0,5.0,0.0,0.0,0.0,False,No cal rebalancejar
weekly_thursday,2021-01-07,100.0,positiu,positiu,positiu,positiu,positiu,risc-on,,0,risc-on,False,risc-on,40.0,55.0,5.0,0.0,0.0,0.0,False,No cal rebalancejar
weekly_friday,2021-01-08,100.0,positiu,positiu,positiu,positiu,positiu,risc-on,,0,risc-on,False,risc-on,40.0,55.0,5.0,0.0,0.0,0.0,False,No cal rebalancejar
weekly_thursday,2021-01-14,100.0,positiu,positiu,positiu,positiu,positiu,risc-on,,0,risc-on,False,risc-on,40.0,55.0,5.0,0.0,0.0,0.0,False,No cal rebalancejar
weekly_friday,2021-01-15,100.0,positiu,positiu,positiu,positiu,positiu,risc-on,,0,risc-on,False,risc-on,40.0,55.0,5.0,0.0,0.0,0.0,False,No cal rebalancejar
weekly_thursday,2021-01-21,100.0,positiu,positiu,positiu,positiu,positiu,risc-on,,0,risc-on,False,risc-on,40.0,55.0,5.0,0.0,0.0,0.0,False,No cal rebalancejar
weekly_friday,2021-01-22,100.0,positiu,positiu,positiu,positiu,positiu,risc-on,,0,risc-on,False,risc-on,40.0,55.0,5.0,0.0,0.0,0.0,False,No cal rebalancejar
weekly_thursday,2021-01-28,100.0,positiu,positiu,positiu,positiu,positiu,risc-on,,0,risc-on,False,risc-on,40.0,55.0,5.0,0.0,0.0,0.0,False,No cal rebalancejar
weekly_friday,2021-01-29,100.0,positiu,positiu,positiu,positiu,positiu,risc-on,,0,risc-on,False,risc-on,40.0,55.0,5.0,0.0,0.0,0.0,False,No cal rebalancejar
weekly_thursday,2021-02-04,100.0,positiu,positiu,positiu,positiu,positiu,risc-on,,0,risc-on,False,risc-on,40.0,55.0,5.0,0.0,0.0,0.0,False,No cal rebalancejar
weekly_friday,2021-02-05,100.0,positiu,positiu,positiu,positiu,positiu,risc-on,,0,risc-on,False,risc-on,40.0,55.0,5.0,0.0,0.0,0.0,False,No cal rebalancejar
weekly_thursday,2021-02-11,100.0,positiu,positiu,positiu,positiu,positiu,risc-on,,0,risc-on,False,risc-on,40.0,55.0,5.0,0.0,0.0,0.0,False,No cal rebalancejar
weekly_friday,2021-02-12,100.0,positiu,positiu,positiu,positiu,positiu,risc-on,,0,risc-on,False,risc-on,40.0,55.0,5.0,0.0,0.0,0.0,False,No cal rebalancejar
weekly_thursday,2021-02-18,100.0,positiu,positiu,positiu,positiu,positiu,risc-on,,0,risc-on,False,risc-on,40.0,55.0,5.0,0.0,0.0,0.0,False,No cal rebalancejar
weekly_friday,2021-02-19,100.0,positiu,positiu,positiu,positiu,positiu,risc-on,,0,risc-on,False,risc-on,40.0,55.0,5.0,0.0,0.0,0.0,False,No cal rebalancejar
weekly_thursday,2021-02-25,100.0,positiu,positiu,positiu,positiu,positiu,risc-on,,0,risc-on,False,risc-on,40.0,55.0,5.0,0.0,0.0,0.0,False,No cal rebalancejar
weekly_friday,2021-02-26,100.0,positiu,positiu,positiu,positiu,positiu,risc-on,,0,risc-on,False,risc-on,40.0,55.0,5.0,0.0,0.0,0.0,False,No cal rebalancejar
weekly_thursday,2021-03-04,100.0,positiu,positiu,positiu,positiu,positiu,risc-on,,0,risc-on,False,risc-on,40.0,55.0,5.0,0.0,0.0,0.0,False,No cal rebalancejar
weekly_friday,2021-03-05,100.0,positiu,positiu,positiu,positiu,positiu,risc-on,,0,risc-on,False,risc-on,40.0,55.0,5.0,0.0,0.0,0.0,False,No cal rebalancejar
weekly_thursday,2021-03-11,100.0,positiu,positiu,positiu,positiu,positiu,risc-on,,0,risc-on,False,risc-on,40.0,55.0,5.0,0.0,0.0,0.0,False,No cal rebalancejar
weekly_friday,2021-03-12,100.0,positiu,positiu,positiu,positiu,positiu,risc-on,,0,risc-on,False,risc-on,40.0,55.0,5.0,0.0,0.0,0.0,False,No cal rebalancejar
weekly_thursday,2021-03-18,100.0,positiu,positiu,positiu,positiu,positiu,risc-on,,0,risc-on,False,risc-on,40.0,55.0,5.0,0.0,0.0,0.0,False,No cal rebalancejar
weekly_friday,2021-03-19,100.0,positiu,positiu,positiu,positiu,positiu,risc-on,,0,risc-on,False,risc-on,40.0,55.0,5.0,0.0,0.0,0.0,False,No cal rebalancejar
weekly_thursday,2021-03-25,100.0,positiu,positiu,positiu,positiu,positiu,risc-on,,0,risc-on,False,risc-on,40.0,55.0,5.0,0.0,0.0,0.0,False,No cal rebalancejar
weekly_friday,2021-03-26,100.0,positiu,positiu,positiu,positiu,positiu,risc-on,,0,risc-on,False,risc-on,40.0,55.0,5.0,0.0,0.0,0.0,False,No cal rebalancejar
weekly_thursday,2021-04-01,100.0,positiu,positiu,positiu,positiu,positiu,risc-on,,0,risc-on,False,risc-on,40.0,55.0,5.0,0.0,0.0,0.0,False,No cal rebalancejar
weekly_friday,2021-04-02,100.0,positiu,positiu,positiu,positiu,positiu,risc-on,,0,risc-on,False,risc-on,40.0,55.0,5.0,0.0,0.0,0.0,False,No cal rebalancejar
weekly_thursday,2021-04-08,100.0,positiu,positiu,positiu,positiu,positiu,risc-on,,0,risc-on,False,risc-on,40.0,55.0,5.0,0.0,0.0,0.0,False,No cal rebalancejar
weekly_friday,2021-04-09,100.0,positiu,positiu,positiu,positiu,positiu,risc-on,,0,risc-on,False,risc-on,40.0,55.0,5.0,0.0,0.0,0.0,False,No cal rebalancejar
weekly_thursday,2021-04-15,100.0,positiu,positiu,positiu,positiu,positiu,risc-on,,0,risc-on,False,risc-on,40.0,55.0,5.0,0.0,0.0,0.0,False,No cal rebalancejar
weekly_friday,2021-04-16,100.0,positiu,positiu,positiu,positiu,positiu,risc-on,,0,risc-on,False,risc-on,40.0,55.0,5.0,0.0,0.0,0.0,False,No cal rebalancejar
weekly_thursday,2021-04-22,100.0,positiu,positiu,positiu,positiu,positiu,risc-on,,0,risc-on,False,risc-on,40.0,55.0,5.0,0.0,0.0,0.0,False,No cal rebalancejar
weekly_friday,2021-04-23,100.0,positiu,positiu,positiu,positiu,positiu,risc-on,,0,risc-on,False,risc-on,40.0,55.0,5.0,0.0,0.0,0.0,False,No cal rebalancejar
weekly_thursday,2021-04-29,100.0,positiu,positiu,positiu,positiu,positiu,risc-on,,0,risc-on,False,risc-on,40.0,55.0,5.0,0.0,0.0,0.0,False,No cal rebalancejar
weekly_friday,2021-04-30,100.0,positiu,positiu,positiu,positiu,positiu,risc-on,,0,risc-on,False,risc-on,40.0,55.0,5.0,0.0,0.0,0.0,False,No cal rebalancejar
weekly_thursday,2021-05-06,100.0,positiu,positiu,positiu,positiu,positiu,risc-on,,0,risc-on,False,risc-on,40.0,55.0,5.0,0.0,0.0,0.0,False,No cal rebalancejar
weekly_friday,2021-05-07,100.0,positiu,positiu,positiu,positiu,positiu,risc-on,,0,risc-on,False,risc-on,40.0,55.0,5.0,0.0,0.0,0.0,False,No cal rebalancejar
weekly_thursday,2021-05-13,100.0,positiu,positiu,positiu,positiu,positiu,risc-on,,0,risc-on,False,risc-on,40.0,55.0,5.0,0.0,0.0,0.0,False,No cal rebalancejar
weekly_friday,2021-05-14,100.0,positiu,positiu,positiu,positiu,positiu,risc-on,,0,risc-on,False,risc-on,40.0,55.0,5.0,0.0,0.0,0.0,False,No cal rebalancejar
weekly_thursday,2021-05-20,100.0,positiu,positiu,positiu,positiu,positiu,risc-on,,0,risc-on,False,risc-on,40.0,55.0,5.0,0.0,0.0,0.0,False,No cal rebalancejar
weekly_friday,2021-05-21,100.0,positiu,positiu,positiu,positiu,positiu,risc-on,,0,risc-on,False,risc-on,40.0,55.0,5.0,0.0,0.0,0.0,False,No cal rebalancejar
weekly_thursday,2021-05-27,100.0,positiu,positiu,positiu,positiu,positiu,risc-on,,0,risc-on,False,risc-on,40.0,55.0,5.0,0.0,0.0,0.0,False,No cal rebalancejar
weekly_friday,2021-05-28,100.0,positiu,positiu,positiu,positiu,positiu,risc-on,,0,risc-on,False,risc-on,40.0,55.0,5.0,0.0,0.0,0.0,False,No cal rebalancejar
weekly_thursday,2021-06-03,100.0,positiu,positiu,positiu,positiu,positiu,risc-on,,0,risc-on,False,risc-on,40.0,55.0,5.0,0.0,0.0,0.0,False,No cal rebalancejar
weekly_friday,2021-06-04,100.0,positiu,positiu,positiu,positiu,positiu,risc-on,,0,risc-on,False,risc-on,40.0,55.0,5.0,0.0,0.0,0.0,False,No cal rebalancejar
weekly_thursday,2021-06-10,100.0,positiu,positiu,positiu,positiu,positiu,risc-on,,0,risc-on,False,risc-on,40.0,55.0,5.0,0.0,0.0,0.0,False,No cal rebalancejar
weekly_friday,2021-06-11,100.0,positiu,positiu,positiu,positiu,positiu,risc-on,,0,risc-on,False,risc-on,40.0,55.0,5.0,0.0,0.0,0.0,False,No cal rebalancejar
weekly_thursday,2021-06-17,100.0,positiu,positiu,positiu,positiu,positiu,risc-on,,0,risc-on,False,risc-on,40.0,55.0,5.0,0.0,0.0,0.0,False,No cal rebalancejar
weekly_friday,2021-06-18,100.0,positiu,positiu,positiu,positiu,positiu,risc-on,,0,risc-on,False,risc-on,40.0,55.0,5.0,0.0,0.0,0.0,False,No cal rebalancejar
weekly_thursday,2021-06-24,100.0,positiu,positiu,positiu,positiu,positiu,risc-on,,0,risc-on,False,risc-on,40.0,55.0,5.0,0.0,0.0,0.0,False,No cal rebalancejar
weekly_friday,2021-06-25,100.0,positiu,positiu,positiu,positiu,positiu,risc-on,,0,risc-on,False,risc-on,40.0,55.0,5.0,0.0,0.0,0.0,False,No cal rebalancejar
weekly_thursday,2021-07-01,100.0,positiu,positiu,positiu,positiu,positiu,risc-on,,0,risc-on,False,risc-on,40.0,55.0,5.0,0.0,0.0,0.0,False,No cal rebalancejar
weekly_friday,2021-07-02,100.0,positiu,positiu,positiu,positiu,positiu,risc-on,,0,risc-on,False,risc-on,40.0,55.0,5.0,0.0,0.0,0.0,False,No cal rebalancejar
weekly_thursday,2021-07-08,100.0,positiu,positiu,positiu,positiu,positiu,risc-on,,0,risc-on,False,risc-on,40.0,55.0,5.0,0.0,0.0,0.0,False,No cal rebalancejar
weekly_friday,2021-07-09,100.0,positiu,positiu,positiu,positiu,positiu,risc-on,,0,risc-on,False,risc-on,40.0,55.0,5.0,0.0,0.0,0.0,False,No cal rebalancejar
weekly_thursday,2021-07-15,100.0,positiu,positiu,positiu,positiu,positiu,risc-on,,0,risc-on,False,risc-on,40.0,55.0,5.0,0.0,0.0,0.0,False,No cal rebalancejar
weekly_friday,2021-07-16,100.0,positiu,positiu,positiu,positiu,positiu,risc-on,,0,risc-on,False,risc-on,40.0,55.0,5.0,0.0,0.0,0.0,False,No cal rebalancejar
weekly_thursday,2021-07-22,100.0,positiu,positiu,positiu,positiu,positiu,risc-on,,0,risc-on,False,risc-on,40.0,55.0,5.0,0.0,0.0,0.0,False,No cal rebalancejar
weekly_friday,2021-07-23,100.0,positiu,positiu,positiu,positiu,positiu,risc-on,,0,risc-on,False,risc-on,40.0,55.0,5.0,0.0,0.0,0.0,False,No cal rebalancejar
weekly_thursday,2021-07-29,100.0,positiu,positiu,positiu,positiu,positiu,risc-on,,0,risc-on,False,risc-on,40.0,55.0,5.0,0.0,0.0,0.0,False,No cal rebalancejar
weekly_friday,2021-07-30,100.0,positiu,positiu,positiu,positiu,positiu,risc-on,,0,risc-on,False,risc-on,40.0,55.0,5.0,0.0,0.0,0.0,False,No cal rebalancejar
weekly_thursday,2021-08-05,100.0,positiu,positiu,positiu,positiu,positiu,risc-on,,0,risc-on,False,risc-on,40.0,55.0,5.0,0.0,0.0,0.0,False,No cal rebalancejar
weekly_friday,2021-08-06,100.0,positiu,positiu,positiu,positiu,positiu,risc-on,,0,risc-on,False,risc-on,40.0,55.0,5.0,0.0,0.0,0.0,False,No cal rebalancejar
weekly_thursday,2021-08-12,100.0,positiu,positiu,positiu,positiu,positiu,risc-on,,0,risc-on,False,risc-on,40.0,55.0,5.0,0.0,0.0,0.0,False,No cal rebalancejar
weekly_friday,2021-08-13,100.0,positiu,positiu,positiu,positiu,positiu,risc-on,,0,risc-on,False,risc-on,40.0,55.0,5.0,0.0,0.0,0.0,False,No cal rebalancejar
weekly_thursday,2021-08-19,100.0,positiu,positiu,positiu,positiu,positiu,risc-on,,0,risc-on,False,risc-on,40.0,55.0,5.0,0.0,0.0,0.0,False,No cal rebalancejar
weekly_friday,2021-08-20,100.0,positiu,positiu,positiu,positiu,positiu,risc-on,,0,risc-on,False,risc-on,40.0,55.0,5.0,0.0,0.0,0.0,False,No cal rebalancejar
weekly_thursday,2021-08-26,100.0,positiu,positiu,positiu,positiu,positiu,risc-on,,0,risc-on,False,risc-on,40.0,55.0,5.0,0.0,0.0,0.0,False,No cal rebalancejar
weekly_friday,2021-08-27,100.0,positiu,positiu,positiu,positiu,positiu,risc-on,,0,risc-on,False,risc-on,40.0,55.0,5.0,0.0,0.0,0.0,False,No cal rebalancejar
weekly_thursday,2021-09-02,100.0,positiu,positiu,positiu,positiu,positiu,risc-on,,0,risc-on,False,risc-on,40.0,55.0,5.0,0.0,0.0,0.0,False,No cal rebalancejar
weekly_friday,2021-09-03,100.0,positiu,positiu,positiu,positiu,positiu,risc-on,,0,risc-on,False,risc-on,40.0,55.0,5.0,0.0,0.0,0.0,False,No cal rebalancejar
weekly_thursday,2021-09-09,100.0,positiu,positiu,positiu,positiu,positiu,risc-on,,0,risc-on,False,risc-on,40.0,55.0,5.0,0.0,0.0,0.0,False,No cal rebalancejar
weekly_friday,2021-09-10,100.0,positiu,positiu,positiu,positiu,positiu,risc-on,,0,risc-on,False,risc-on,40.0,55.0,5.0,0.0,0.0,0.0,False,No cal rebalancejar
weekly_thursday,2021-09-16,100.0,positiu,positiu,positiu,positiu,positiu,risc-on,,0,risc-on,False,risc-on,40.0,55.0,5.0,0.0,0.0,0.0,False,No cal rebalancejar
weekly_friday,2021-09-17,100.0,positiu,positiu,positiu,positiu,positiu,risc-on,,0,risc-on,False,risc-on,40.0,55.0,5.0,0.0,0.0,0.0,False,No cal rebalancejar
weekly_thursday,2021-09-23,100.0,positiu,positiu,positiu,positiu,positiu,risc-on,,0,risc-on,False,risc-on,40.0,55.0,5.0,0.0,0.0,0.0,False,No cal rebalancejar
weekly_friday,2021-09-24,100.0,positiu,positiu,positiu,positiu,positiu,risc-on,,0,risc-on,False,risc-on,40.0,55.0,5.0,0.0,0.0,0.0,False,No cal rebalancejar
weekly_thursday,2021-09-30,82.22,neutral,positiu,positiu,positiu,positiu,risc-on,,0,risc-on,False,risc-on,40.0,55.0,5.0,0.0,0.0,0.0,False,No cal rebalancejar
weekly_friday,2021-10-01,100.0,positiu,positiu,positiu,positiu,positiu,risc-on,,0,risc-on,False,risc-on,40.0,55.0,5.0,0.0,0.0,0.0,False,No cal rebalancejar
weekly_thursday,2021-10-07,100.0,positiu,positiu,positiu,positiu,positiu,risc-on,,0,risc-on,False,risc-on,40.0,55.0,5.0,0.0,0.0,0.0,False,No cal rebalancejar
weekly_friday,2021-10-08,100.0,positiu,positiu,positiu,positiu,positiu,risc-on,,0,risc-on,False,risc-on,40.0,55.0,5.0,0.0,0.0,0.0,False,No cal rebalancejar
weekly_thursday,2021-10-14,100.0,positiu,positiu,positiu,positiu,positiu,risc-on,,0,risc-on,False,risc-on,40.0,55.0,5.0,0.0,0.0,0.0,False,No cal rebalancejar
weekly_friday,2021-10-15,100.0,positiu,positiu,positiu,positiu,positiu,risc-on,,0,risc-on,False,risc-on,40.0,55.0,5.0,0.0,0.0,0.0,False,No cal rebalancejar
weekly_thursday,2021-10-21,100.0,positiu,positiu,positiu,positiu,positiu,risc-on,,0,risc-on,False,risc-on,40.0,55.0,5.0,0.0,0.0,0.0,False,No cal rebalancejar
weekly_friday,2021-10-22,100.0,positiu,positiu,positiu,positiu,positiu,risc-on,,0,risc-on,False,risc-on,40.0,55.0,5.0,0.0,0.0,0.0,False,No cal rebalancejar
weekly_thursday,2021-10-28,100.0,positiu,positiu,positiu,positiu,positiu,risc-on,,0,risc-on,False,risc-on,40.0,55.0,5.0,0.0,0.0,0.0,False,No cal rebalancejar
weekly_friday,2021-10-29,100.0,positiu,positiu,positiu,positiu,positiu,risc-on,,0,risc-on,False,risc-on,40.0,55.0,5.0,0.0,0.0,0.0,False,No cal rebalancejar
weekly_thursday,2021-11-04,100.0,positiu,positiu,positiu,positiu,positiu,risc-on,,0,risc-on,False,risc-on,40.0,55.0,5.0,0.0,0.0,0.0,False,No cal rebalancejar
weekly_friday,2021-11-05,100.0,positiu,positiu,positiu,positiu,positiu,risc-on,,0,risc-on,False,risc-on,40.0,55.0,5.0,0.0,0.0,0.0,False,No cal rebalancejar
weekly_thursday,2021-11-11,100.0,positiu,positiu,positiu,positiu,positiu,risc-on,,0,risc-on,False,risc-on,40.0,55.0,5.0,0.0,0.0,0.0,False,No cal rebalancejar
weekly_friday,2021-11-12,100.0,positiu,positiu,positiu,positiu,positiu,risc-on,,0,risc-on,False,risc-on,40.0,55.0,5.0,0.0,0.0,0.0,False,No cal rebalancejar
weekly_thursday,2021-11-18,100.0,positiu,positiu,positiu,positiu,positiu,risc-on,,0,risc-on,False,risc-on,40.0,55.0,5.0,0.0,0.0,0.0,False,No cal rebalancejar
weekly_friday,2021-11-19,100.0,positiu,positiu,positiu,positiu,positiu,risc-on,,0,risc-on,False,risc-on,40.0,55.0,5.0,0.0,0.0,0.0,False,No cal rebalancejar
weekly_thursday,2021-11-25,100.0,positiu,positiu,positiu,positiu,positiu,risc-on,,0,risc-on,False,risc-on,40.0,55.0,5.0,0.0,0.0,0.0,False,No cal rebalancejar
weekly_friday,2021-11-26,100.0,positiu,positiu,positiu,positiu,positiu,risc-on,,0,risc-on,False,risc-on,40.0,55.0,5.0,0.0,0.0,0.0,False,No cal rebalancejar
weekly_thursday,2021-12-02,100.0,positiu,positiu,positiu,positiu,positiu,risc-on,,0,risc-on,False,risc-on,40.0,55.0,5.0,0.0,0.0,0.0,False,No cal rebalancejar
weekly_friday,2021-12-03,82.22,neutral,positiu,positiu,positiu,positiu,risc-on,,0,risc-on,False,risc-on,40.0,55.0,5.0,0.0,0.0,0.0,False,No cal rebalancejar
weekly_thursday,2021-12-09,100.0,positiu,positiu,positiu,positiu,positiu,risc-on,,0,risc-on,False,risc-on,40.0,55.0,5.0,0.0,0.0,0.0,False,No cal rebalancejar
weekly_friday,2021-12-10,100.0,positiu,positiu,positiu,positiu,positiu,risc-on,,0,risc-on,False,risc-on,40.0,55.0,5.0,0.0,0.0,0.0,False,No cal rebalancejar
weekly_thursday,2021-12-16,100.0,positiu,positiu,positiu,positiu,positiu,risc-on,,0,risc-on,False,risc-on,40.0,55.0,5.0,0.0,0.0,0.0,False,No cal rebalancejar
weekly_friday,2021-12-17,100.0,positiu,positiu,positiu,positiu,positiu,risc-on,,0,risc-on,False,risc-on,40.0,55.0,5.0,0.0,0.0,0.0,False,No cal rebalancejar
weekly_thursday,2021-12-23,100.0,positiu,positiu,positiu,positiu,positiu,risc-on,,0,risc-on,False,risc-on,40.0,55.0,5.0,0.0,0.0,0.0,False,No cal rebalancejar
weekly_friday,2021-12-24,100.0,positiu,positiu,positiu,positiu,positiu,risc-on,,0,risc-on,False,risc-on,40.0,55.0,5.0,0.0,0.0,0.0,False,No cal rebalancejar
weekly_thursday,2021-12-30,100.0,positiu,positiu,positiu,positiu,positiu,risc-on,,0,risc-on,False,risc-on,40.0,55.0,5.0,0.0,0.0,0.0,False,No cal rebalancejar
weekly_friday,2021-12-31,100.0,positiu,positiu,positiu,positiu,positiu,risc-on,,0,risc-on,False,risc-on,40.0,55.0,5.0,0.0,0.0,0.0,False,No cal rebalancejar
weekly_thursday,2022-01-06,100.0,positiu,positiu,positiu,positiu,positiu,risc-on,,0,risc-on,False,risc-on,40.0,55.0,5.0,0.0,0.0,0.0,False,No cal rebalancejar
weekly_friday,2022-01-07,100.0,positiu,positiu,positiu,positiu,positiu,risc-on,,0,risc-on,False,risc-on,40.0,55.0,5.0,0.0,0.0,0.0,False,No cal rebalancejar
weekly_thursday,2022-01-13,100.0,positiu,positiu,positiu,positiu,positiu,risc-on,,0,risc-on,False,risc-on,40.0,55.0,5.0,0.0,0.0,0.0,False,No cal rebalancejar
weekly_friday,2022-01-14,100.0,positiu,positiu,positiu,positiu,positiu,risc-on,,0,risc-on,False,risc-on,40.0,55.0,5.0,0.0,0.0,0.0,False,No cal rebalancejar
weekly_thursday,2022-01-20,71.11,neutral,neutral,positiu,positiu,positiu,risc-on,,0,risc-on,False,risc-on,40.0,55.0,5.0,0.0,0.0,0.0,False,No cal rebalancejar
weekly_friday,2022-01-21,60.0,neutral,negatiu,positiu,positiu,positiu,normal,normal,1,risc-on,False,risc-on,40.0,55.0,5.0,0.0,0.0,0.0,False,No cal rebalancejar
weekly_thursday,2022-01-27,42.22,negatiu,negatiu,positiu,positiu,positiu,normal,normal,1,risc-on,False,risc-on,40.0,55.0,5.0,0.0,0.0,0.0,False,No cal rebalancejar
weekly_friday,2022-01-28,60.0,neutral,negatiu,positiu,positiu,positiu,normal,normal,2,risc-on,False,risc-on,40.0,55.0,5.0,0.0,0.0,0.0,False,No cal rebalancejar
weekly_thursday,2022-02-03,60.0,neutral,negatiu,positiu,positiu,positiu,normal,normal,2,risc-on,False,risc-on,40.0,55.0,5.0,0.0,0.0,0.0,False,No cal rebalancejar
weekly_friday,2022-02-04,71.11,neutral,neutral,positiu,positiu,positiu,risc-on,,0,risc-on,False,risc-on,40.0,55.0,5.0,0.0,0.0,0.0,False,No cal rebalancejar
weekly_thursday,2022-02-10,71.11,neutral,neutral,positiu,positiu,positiu,risc-on,,0,risc-on,False,risc-on,40.0,55.0,5.0,0.0,0.0,0.0,False,No cal rebalancejar
weekly_friday,2022-02-11,60.0,neutral,negatiu,positiu,positiu,positiu,normal,normal,1,risc-on,False,risc-on,40.0,55.0,5.0,0.0,0.0,0.0,False,No cal rebalancejar
weekly_thursday,2022-02-17,60.0,neutral,negatiu,positiu,positiu,positiu,normal,normal,1,risc-on,False,risc-on,40.0,55.0,5.0,0.0,0.0,0.0,False,No cal rebalancejar
weekly_friday,2022-02-18,42.22,negatiu,negatiu,positiu,positiu,positiu,normal,normal,2,risc-on,False,risc-on,40.0,55.0,5.0,0.0,0.0,0.0,False,No cal rebalancejar
weekly_thursday,2022-02-24,35.55,negatiu,negatiu,neutral,positiu,positiu,defensiu,defensiu,1,risc-on,False,risc-on,40.0,55.0,5.0,0.0,0.0,0.0,False,No cal rebalancejar
weekly_friday,2022-02-25,42.22,negatiu,negatiu,positiu,positiu,positiu,normal,normal,3,risc-on,False,risc-on,40.0,55.0,5.0,0.0,0.0,0.0,False,No cal rebalancejar
weekly_thursday,2022-03-03,42.22,negatiu,negatiu,positiu,positiu,positiu,normal,normal,1,risc-on,False,risc-on,40.0,55.0,5.0,0.0,0.0,0.0,False,No cal rebalancejar
weekly_friday,2022-03-04,42.22,negatiu,negatiu,positiu,positiu,positiu,normal,,0,normal,False,normal,60.0,25.0,15.0,20.0,-30.0,10.0,True,Comprar 20 pp MSCI World; Vendre 30 pp Nasdaq; Comprar 10 pp Monetari
weekly_thursday,2022-03-10,35.55,negatiu,negatiu,neutral,positiu,positiu,defensiu,defensiu,1,risc-on,False,risc-on,40.0,55.0,5.0,-20.0,30.0,-10.0,True,Vendre 20 pp MSCI World; Comprar 30 pp Nasdaq; Vendre 10 pp Monetari
weekly_friday,2022-03-11,35.55,negatiu,negatiu,neutral,positiu,positiu,defensiu,defensiu,1,normal,False,normal,60.0,25.0,15.0,0.0,0.0,0.0,False,No cal rebalancejar
weekly_thursday,2022-03-17,42.22,negatiu,negatiu,positiu,positiu,positiu,normal,normal,1,risc-on,False,risc-on,40.0,55.0,5.0,-20.0,30.0,-10.0,True,Vendre 20 pp MSCI World; Comprar 30 pp Nasdaq; Vendre 10 pp Monetari
weekly_friday,2022-03-18,60.0,neutral,negatiu,positiu,positiu,positiu,normal,,0,normal,False,normal,60.0,25.0,15.0,0.0,0.0,0.0,False,No cal rebalancejar
weekly_thursday,2022-03-24,71.11,neutral,neutral,positiu,positiu,positiu,risc-on,,0,risc-on,False,risc-on,40.0,55.0,5.0,-20.0,30.0,-10.0,True,Vendre 20 pp MSCI World; Comprar 30 pp Nasdaq; Vendre 10 pp Monetari
weekly_friday,2022-03-25,71.11,neutral,neutral,positiu,positiu,positiu,normal,,0,normal,False,normal,60.0,25.0,15.0,0.0,0.0,0.0,False,No cal rebalancejar
weekly_thursday,2022-03-31,71.11,neutral,neutral,positiu,positiu,positiu,risc-on,,0,risc-on,False,risc-on,40.0,55.0,5.0,-20.0,30.0,-10.0,True,Vendre 20 pp MSCI World; Comprar 30 pp Nasdaq; Vendre 10 pp Monetari
weekly_friday,2022-04-01,71.11,neutral,neutral,positiu,positiu,positiu,normal,,0,normal,False,normal,60.0,25.0,15.0,0.0,0.0,0.0,False,No cal rebalancejar
weekly_thursday,2022-04-07,53.34,neutral,negatiu,neutral,positiu,positiu,normal,normal,1,risc-on,False,risc-on,40.0,55.0,5.0,-20.0,30.0,-10.0,True,Vendre 20 pp MSCI World; Comprar 30 pp Nasdaq; Vendre 10 pp Monetari
weekly_friday,2022-04-08,53.34,neutral,negatiu,neutral,positiu,positiu,normal,,0,normal,False,normal,60.0,25.0,15.0,0.0,0.0,0.0,False,No cal rebalancejar
weekly_thursday,2022-04-14,35.55,negatiu,negatiu,neutral,positiu,positiu,defensiu,defensiu,1,risc-on,False,risc-on,40.0,55.0,5.0,-20.0,30.0,-10.0,True,Vendre 20 pp MSCI World; Comprar 30 pp Nasdaq; Vendre 10 pp Monetari
weekly_friday,2022-04-15,35.55,negatiu,negatiu,neutral,positiu,positiu,defensiu,defensiu,1,normal,False,normal,60.0,25.0,15.0,0.0,0.0,0.0,False,No cal rebalancejar
weekly_thursday,2022-04-21,35.55,negatiu,negatiu,neutral,positiu,positiu,defensiu,defensiu,2,risc-on,False,risc-on,40.0,55.0,5.0,-20.0,30.0,-10.0,True,Vendre 20 pp MSCI World; Comprar 30 pp Nasdaq; Vendre 10 pp Monetari
weekly_friday,2022-04-22,31.11,negatiu,negatiu,neutral,neutral,positiu,defensiu,defensiu,2,normal,False,normal,60.0,25.0,15.0,0.0,0.0,0.0,False,No cal rebalancejar
weekly_thursday,2022-04-28,31.11,negatiu,negatiu,neutral,neutral,positiu,defensiu,defensiu,3,risc-on,False,risc-on,40.0,55.0,5.0,-20.0,30.0,-10.0,True,Vendre 20 pp MSCI World; Comprar 30 pp Nasdaq; Vendre 10 pp Monetari
weekly_friday,2022-04-29,24.45,negatiu,negatiu,negatiu,neutral,positiu,defensiu,defensiu,3,normal,False,normal,60.0,25.0,15.0,0.0,0.0,0.0,False,No cal rebalancejar
weekly_thursday,2022-05-05,24.45,negatiu,negatiu,negatiu,neutral,positiu,defensiu,,0,defensiu,False,defensiu,45.0,15.0,40.0,-15.0,-10.0,25.0,True,Vendre 15 pp MSCI World; Vendre 10 pp Nasdaq; Comprar 25 pp Monetari
weekly_friday,2022-05-06,24.45,negatiu,negatiu,negatiu,neutral,positiu,defensiu,,0,defensiu,False,defensiu,45.0,15.0,40.0,-15.0,-10.0,25.0,True,Vendre 15 pp MSCI World; Vendre 10 pp Nasdaq; Comprar 25 pp Monetari
weekly_thursday,2022-05-12,24.45,negatiu,negatiu,negatiu,neutral,positiu,defensiu,,0,defensiu,False,defensiu,45.0,15.0,40.0,0.0,0.0,0.0,False,No cal rebalancejar
weekly_friday,2022-05-13,24.45,negatiu,negatiu,negatiu,neutral,positiu,defensiu,,0,defensiu,False,defensiu,45.0,15.0,40.0,0.0,0.0,0.0,False,No cal rebalancejar
weekly_thursday,2022-05-19,24.45,negatiu,negatiu,negatiu,neutral,positiu,defensiu,,0,defensiu,False,defensiu,45.0,15.0,40.0,0.0,0.0,0.0,False,No cal rebalancejar
weekly_friday,2022-05-20,24.45,negatiu,negatiu,negatiu,neutral,positiu,defensiu,,0,defensiu,False,defensiu,45.0,15.0,40.0,0.0,0.0,0.0,False,No cal rebalancejar
weekly_thursday,2022-05-26,24.45,negatiu,negatiu,negatiu,neutral,positiu,defensiu,,0,defensiu,False,defensiu,45.0,15.0,40.0,0.0,0.0,0.0,False,No cal rebalancejar
weekly_friday,2022-05-27,24.45,negatiu,negatiu,negatiu,neutral,positiu,defensiu,,0,defensiu,False,defensiu,45.0,15.0,40.0,0.0,0.0,0.0,False,No cal rebalancejar
weekly_thursday,2022-06-02,24.45,negatiu,negatiu,negatiu,neutral,positiu,defensiu,,0,defensiu,False,defensiu,45.0,15.0,40.0,0.0,0.0,0.0,False,No cal rebalancejar
weekly_friday,2022-06-03,24.45,negatiu,negatiu,negatiu,neutral,positiu,defensiu,,0,defensiu,False,defensiu,45.0,15.0,40.0,0.0,0.0,0.0,False,No cal rebalancejar
weekly_thursday,2022-06-09,24.45,negatiu,negatiu,negatiu,neutral,positiu,defensiu,,0,defensiu,False,defensiu,45.0,15.0,40.0,0.0,0.0,0.0,False,No cal rebalancejar
weekly_friday,2022-06-10,24.45,negatiu,negatiu,negatiu,neutral,positiu,defensiu,,0,defensiu,False,defensiu,45.0,15.0,40.0,0.0,0.0,0.0,False,No cal rebalancejar
weekly_thursday,2022-06-16,24.45,negatiu,negatiu,negatiu,neutral,positiu,defensiu,,0,defensiu,False,defensiu,45.0,15.0,40.0,0.0,0.0,0.0,False,No cal rebalancejar
weekly_friday,2022-06-17,24.45,negatiu,negatiu,negatiu,neutral,positiu,defensiu,,0,defensiu,False,defensiu,45.0,15.0,40.0,0.0,0.0,0.0,False,No cal rebalancejar
weekly_thursday,2022-06-23,24.45,negatiu,negatiu,negatiu,neutral,positiu,defensiu,,0,defensiu,False,defensiu,45.0,15.0,40.0,0.0,0.0,0.0,False,No cal rebalancejar
weekly_friday,2022-06-24,24.45,negatiu,negatiu,negatiu,neutral,positiu,defensiu,,0,defensiu,False,defensiu,45.0,15.0,40.0,0.0,0.0,0.0,False,No cal rebalancejar
weekly_thursday,2022-06-30,24.45,negatiu,negatiu,negatiu,neutral,positiu,defensiu,,0,defensiu,False,defensiu,45.0,15.0,40.0,0.0,0.0,0.0,False,No cal rebalancejar
weekly_friday,2022-07-01,24.45,negatiu,negatiu,negatiu,neutral,positiu,defensiu,,0,defensiu,False,defensiu,45.0,15.0,40.0,0.0,0.0,0.0,False,No cal rebalancejar
weekly_thursday,2022-07-07,24.45,negatiu,negatiu,negatiu,neutral,positiu,defensiu,,0,defensiu,False,defensiu,45.0,15.0,40.0,0.0,0.0,0.0,False,No cal rebalancejar
weekly_friday,2022-07-08,24.45,negatiu,negatiu,negatiu,neutral,positiu,defensiu,,0,defensiu,False,defensiu,45.0,15.0,40.0,0.0,0.0,0.0,False,No cal rebalancejar
weekly_thursday,2022-07-14,24.45,negatiu,negatiu,negatiu,neutral,positiu,defensiu,,0,defensiu,False,defensiu,45.0,15.0,40.0,0.0,0.0,0.0,False,No cal rebalancejar
weekly_friday,2022-07-15,24.45,negatiu,negatiu,negatiu,neutral,positiu,defensiu,,0,defensiu,False,defensiu,45.0,15.0,40.0,0.0,0.0,0.0,False,No cal rebalancejar
weekly_thursday,2022-07-21,24.45,negatiu,negatiu,negatiu,neutral,positiu,defensiu,,0,defensiu,False,defensiu,45.0,15.0,40.0,0.0,0.0,0.0,False,No cal rebalancejar
weekly_friday,2022-07-22,24.45,negatiu,negatiu,negatiu,neutral,positiu,defensiu,,0,defensiu,False,defensiu,45.0,15.0,40.0,0.0,0.0,0.0,False,No cal rebalancejar
weekly_thursday,2022-07-28,24.45,negatiu,negatiu,negatiu,neutral,positiu,defensiu,,0,defensiu,False,defensiu,45.0,15.0,40.0,0.0,0.0,0.0,False,No cal rebalancejar
weekly_friday,2022-07-29,24.45,negatiu,negatiu,negatiu,neutral,positiu,defensiu,,0,defensiu,False,defensiu,45.0,15.0,40.0,0.0,0.0,0.0,False,No cal rebalancejar
weekly_thursday,2022-08-04,24.45,negatiu,negatiu,negatiu,neutral,positiu,defensiu,,0,defensiu,False,defensiu,45.0,15.0,40.0,0.0,0.0,0.0,False,No cal rebalancejar
weekly_friday,2022-08-05,24.45,negatiu,negatiu,negatiu,neutral,positiu,defensiu,,0,defensiu,False,defensiu,45.0,15.0,40.0,0.0,0.0,0.0,False,No cal rebalancejar
weekly_thursday,2022-08-11,24.45,negatiu,negatiu,negatiu,neutral,positiu,defensiu,,0,defensiu,False,defensiu,45.0,15.0,40.0,0.0,0.0,0.0,False,No cal rebalancejar
weekly_friday,2022-08-12,24.45,negatiu,negatiu,negatiu,neutral,positiu,defensiu,,0,defensiu,False,defensiu,45.0,15.0,40.0,0.0,0.0,0.0,False,No cal rebalancejar
weekly_thursday,2022-08-18,24.45,negatiu,negatiu,negatiu,neutral,positiu,defensiu,,0,defensiu,False,defensiu,45.0,15.0,40.0,0.0,0.0,0.0,False,No cal rebalancejar
weekly_friday,2022-08-19,24.45,negatiu,negatiu,negatiu,neutral,positiu,defensiu,,0,defensiu,False,defensiu,45.0,15.0,40.0,0.0,0.0,0.0,False,No cal rebalancejar
weekly_thursday,2022-08-25,24.45,negatiu,negatiu,negatiu,neutral,positiu,defensiu,,0,defensiu,False,defensiu,45.0,15.0,40.0,0.0,0.0,0.0,False,No cal rebalancejar
weekly_friday,2022-08-26,24.45,negatiu,negatiu,negatiu,neutral,positiu,defensiu,,0,defensiu,False,defensiu,45.0,15.0,40.0,0.0,0.0,0.0,False,No cal rebalancejar
weekly_thursday,2022-09-01,24.45,negatiu,negatiu,negatiu,neutral,positiu,defensiu,,0,defensiu,False,defensiu,45.0,15.0,40.0,0.0,0.0,0.0,False,No cal rebalancejar
weekly_friday,2022-09-02,24.45,negatiu,negatiu,negatiu,neutral,positiu,defensiu,,0,defensiu,False,defensiu,45.0,15.0,40.0,0.0,0.0,0.0,False,No cal rebalancejar
weekly_thursday,2022-09-08,24.45,negatiu,negatiu,negatiu,neutral,positiu,defensiu,,0,defensiu,False,defensiu,45.0,15.0,40.0,0.0,0.0,0.0,False,No cal rebalancejar
weekly_friday,2022-09-09,24.45,negatiu,negatiu,negatiu,neutral,positiu,defensiu,,0,defensiu,False,defensiu,45.0,15.0,40.0,0.0,0.0,0.0,False,No cal rebalancejar
weekly_thursday,2022-09-15,28.89,negatiu,negatiu,negatiu,positiu,positiu,defensiu,,0,defensiu,False,defensiu,45.0,15.0,40.0,0.0,0.0,0.0,False,No cal rebalancejar
weekly_friday,2022-09-16,28.89,negatiu,negatiu,negatiu,positiu,positiu,defensiu,,0,defensiu,False,defensiu,45.0,15.0,40.0,0.0,0.0,0.0,False,No cal rebalancejar
weekly_thursday,2022-09-22,28.89,negatiu,negatiu,negatiu,positiu,positiu,defensiu,,0,defensiu,False,defensiu,45.0,15.0,40.0,0.0,0.0,0.0,False,No cal rebalancejar
weekly_friday,2022-09-23,28.89,negatiu,negatiu,negatiu,positiu,positiu,defensiu,,0,defensiu,False,defensiu,45.0,15.0,40.0,0.0,0.0,0.0,False,No cal rebalancejar
weekly_thursday,2022-09-29,28.89,negatiu,negatiu,negatiu,positiu,positiu,defensiu,,0,defensiu,False,defensiu,45.0,15.0,40.0,0.0,0.0,0.0,False,No cal rebalancejar
weekly_friday,2022-09-30,28.89,negatiu,negatiu,negatiu,positiu,positiu,defensiu,,0,defensiu,False,defensiu,45.0,15.0,40.0,0.0,0.0,0.0,False,No cal rebalancejar
weekly_thursday,2022-10-06,24.45,negatiu,negatiu,negatiu,neutral,positiu,defensiu,,0,defensiu,False,defensiu,45.0,15.0,40.0,0.0,0.0,0.0,False,No cal rebalancejar
weekly_friday,2022-10-07,24.45,negatiu,negatiu,negatiu,neutral,positiu,defensiu,,0,defensiu,False,defensiu,45.0,15.0,40.0,0.0,0.0,0.0,False,No cal rebalancejar
weekly_thursday,2022-10-13,24.45,negatiu,negatiu,negatiu,neutral,positiu,defensiu,,0,defensiu,False,defensiu,45.0,15.0,40.0,0.0,0.0,0.0,False,No cal rebalancejar
weekly_friday,2022-10-14,24.45,negatiu,negatiu,negatiu,neutral,positiu,defensiu,,0,defensiu,False,defensiu,45.0,15.0,40.0,0.0,0.0,0.0,False,No cal rebalancejar
weekly_thursday,2022-10-20,24.45,negatiu,negatiu,negatiu,neutral,positiu,defensiu,,0,defensiu,False,defensiu,45.0,15.0,40.0,0.0,0.0,0.0,False,No cal rebalancejar
weekly_friday,2022-10-21,24.45,negatiu,negatiu,negatiu,neutral,positiu,defensiu,,0,defensiu,False,defensiu,45.0,15.0,40.0,0.0,0.0,0.0,False,No cal rebalancejar
weekly_thursday,2022-10-27,24.45,negatiu,negatiu,negatiu,neutral,positiu,defensiu,,0,defensiu,False,defensiu,45.0,15.0,40.0,0.0,0.0,0.0,False,No cal rebalancejar
weekly_friday,2022-10-28,24.45,negatiu,negatiu,negatiu,neutral,positiu,defensiu,,0,defensiu,False,defensiu,45.0,15.0,40.0,0.0,0.0,0.0,False,No cal rebalancejar
weekly_thursday,2022-11-03,24.45,negatiu,negatiu,negatiu,neutral,positiu,defensiu,,0,defensiu,False,defensiu,45.0,15.0,40.0,0.0,0.0,0.0,False,No cal rebalancejar
weekly_friday,2022-11-04,24.45,negatiu,negatiu,negatiu,neutral,positiu,defensiu,,0,defensiu,False,defensiu,45.0,15.0,40.0,0.0,0.0,0.0,False,No cal rebalancejar
weekly_thursday,2022-11-10,24.45,negatiu,negatiu,negatiu,neutral,positiu,defensiu,,0,defensiu,False,defensiu,45.0,15.0,40.0,0.0,0.0,0.0,False,No cal rebalancejar
weekly_friday,2022-11-11,42.23,neutral,negatiu,negatiu,neutral,positiu,defensiu,,0,defensiu,False,defensiu,45.0,15.0,40.0,0.0,0.0,0.0,False,No cal rebalancejar
weekly_thursday,2022-11-17,24.45,negatiu,negatiu,negatiu,neutral,positiu,defensiu,,0,defensiu,False,defensiu,45.0,15.0,40.0,0.0,0.0,0.0,False,No cal rebalancejar
weekly_friday,2022-11-18,42.23,neutral,negatiu,negatiu,neutral,positiu,defensiu,,0,defensiu,False,defensiu,45.0,15.0,40.0,0.0,0.0,0.0,False,No cal rebalancejar
weekly_thursday,2022-11-24,42.23,neutral,negatiu,negatiu,neutral,positiu,defensiu,,0,defensiu,False,defensiu,45.0,15.0,40.0,0.0,0.0,0.0,False,No cal rebalancejar
weekly_friday,2022-11-25,42.23,neutral,negatiu,negatiu,neutral,positiu,defensiu,,0,defensiu,False,defensiu,45.0,15.0,40.0,0.0,0.0,0.0,False,No cal rebalancejar
weekly_thursday,2022-12-01,42.23,neutral,negatiu,negatiu,neutral,positiu,defensiu,,0,defensiu,False,defensiu,45.0,15.0,40.0,0.0,0.0,0.0,False,No cal rebalancejar
weekly_friday,2022-12-02,42.23,neutral,negatiu,negatiu,neutral,positiu,defensiu,,0,defensiu,False,defensiu,45.0,15.0,40.0,0.0,0.0,0.0,False,No cal rebalancejar
weekly_thursday,2022-12-08,42.23,neutral,negatiu,negatiu,neutral,positiu,defensiu,,0,defensiu,False,defensiu,45.0,15.0,40.0,0.0,0.0,0.0,False,No cal rebalancejar
weekly_friday,2022-12-09,42.23,neutral,negatiu,negatiu,neutral,positiu,defensiu,,0,defensiu,False,defensiu,45.0,15.0,40.0,0.0,0.0,0.0,False,No cal rebalancejar
weekly_thursday,2022-12-15,42.23,neutral,negatiu,negatiu,neutral,positiu,defensiu,,0,defensiu,False,defensiu,45.0,15.0,40.0,0.0,0.0,0.0,False,No cal rebalancejar
weekly_friday,2022-12-16,24.45,negatiu,negatiu,negatiu,neutral,positiu,defensiu,,0,defensiu,False,defensiu,45.0,15.0,40.0,0.0,0.0,0.0,False,No cal rebalancejar
weekly_thursday,2022-12-22,24.45,negatiu,negatiu,negatiu,neutral,positiu,defensiu,,0,defensiu,False,defensiu,45.0,15.0,40.0,0.0,0.0,0.0,False,No cal rebalancejar
weekly_friday,2022-12-23,24.45,negatiu,negatiu,negatiu,neutral,positiu,defensiu,,0,defensiu,False,defensiu,45.0,15.0,40.0,0.0,0.0,0.0,False,No cal rebalancejar
weekly_thursday,2022-12-29,42.23,neutral,negatiu,negatiu,neutral,positiu,defensiu,,0,defensiu,False,defensiu,45.0,15.0,40.0,0.0,0.0,0.0,False,No cal rebalancejar
weekly_friday,2022-12-30,42.23,neutral,negatiu,negatiu,neutral,positiu,defensiu,,0,defensiu,False,defensiu,45.0,15.0,40.0,0.0,0.0,0.0,False,No cal rebalancejar
weekly_thursday,2023-01-05,24.45,negatiu,negatiu,negatiu,neutral,positiu,defensiu,,0,defensiu,False,defensiu,45.0,15.0,40.0,0.0,0.0,0.0,False,No cal rebalancejar
weekly_friday,2023-01-06,42.23,neutral,negatiu,negatiu,neutral,positiu,defensiu,,0,defensiu,False,defensiu,45.0,15.0,40.0,0.0,0.0,0.0,False,No cal rebalancejar
weekly_thursday,2023-01-12,42.23,neutral,negatiu,negatiu,neutral,positiu,defensiu,,0,defensiu,False,defensiu,45.0,15.0,40.0,0.0,0.0,0.0,False,No cal rebalancejar
weekly_friday,2023-01-13,42.23,neutral,negatiu,negatiu,neutral,positiu,defensiu,,0,defensiu,False,defensiu,45.0,15.0,40.0,0.0,0.0,0.0,False,No cal rebalancejar
weekly_thursday,2023-01-19,46.67,neutral,negatiu,negatiu,positiu,positiu,defensiu,,0,defensiu,False,defensiu,45.0,15.0,40.0,0.0,0.0,0.0,False,No cal rebalancejar
weekly_friday,2023-01-20,46.67,neutral,negatiu,negatiu,positiu,positiu,defensiu,,0,defensiu,False,defensiu,45.0,15.0,40.0,0.0,0.0,0.0,False,No cal rebalancejar
weekly_thursday,2023-01-26,75.56,positiu,neutral,negatiu,positiu,positiu,risc-on,risc-on,1,defensiu,False,defensiu,45.0,15.0,40.0,0.0,0.0,0.0,False,No cal rebalancejar
weekly_friday,2023-01-27,75.56,positiu,neutral,negatiu,positiu,positiu,risc-on,risc-on,1,defensiu,False,defensiu,45.0,15.0,40.0,0.0,0.0,0.0,False,No cal rebalancejar
weekly_thursday,2023-02-02,86.67,positiu,positiu,negatiu,positiu,positiu,risc-on,risc-on,2,defensiu,False,defensiu,45.0,15.0,40.0,0.0,0.0,0.0,False,No cal rebalancejar
weekly_friday,2023-02-03,86.67,positiu,positiu,negatiu,positiu,positiu,risc-on,risc-on,2,defensiu,False,defensiu,45.0,15.0,40.0,0.0,0.0,0.0,False,No cal rebalancejar
weekly_thursday,2023-02-09,86.67,positiu,positiu,negatiu,positiu,positiu,risc-on,risc-on,3,defensiu,False,defensiu,45.0,15.0,40.0,0.0,0.0,0.0,False,No cal rebalancejar
weekly_friday,2023-02-10,86.67,positiu,positiu,negatiu,positiu,positiu,risc-on,risc-on,3,defensiu,False,defensiu,45.0,15.0,40.0,0.0,0.0,0.0,False,No cal rebalancejar
weekly_thursday,2023-02-16,86.67,positiu,positiu,negatiu,positiu,positiu,risc-on,,0,risc-on,False,risc-on,40.0,55.0,5.0,-5.0,40.0,-35.0,True,Vendre 5 pp MSCI World; Comprar 40 pp Nasdaq; Vendre 35 pp Monetari
weekly_friday,2023-02-17,86.67,positiu,positiu,negatiu,positiu,positiu,risc-on,,0,risc-on,False,risc-on,40.0,55.0,5.0,-5.0,40.0,-35.0,True,Vendre 5 pp MSCI World; Comprar 40 pp Nasdaq; Vendre 35 pp Monetari
weekly_thursday,2023-02-23,75.56,positiu,neutral,negatiu,positiu,positiu,risc-on,,0,risc-on,False,risc-on,40.0,55.0,5.0,0.0,0.0,0.0,False,No cal rebalancejar
weekly_friday,2023-02-24,57.78,neutral,neutral,negatiu,positiu,positiu,normal,normal,1,risc-on,False,risc-on,40.0,55.0,5.0,0.0,0.0,0.0,False,No cal rebalancejar
weekly_thursday,2023-03-02,57.78,neutral,neutral,negatiu,positiu,positiu,normal,normal,1,risc-on,False,risc-on,40.0,55.0,5.0,0.0,0.0,0.0,False,No cal rebalancejar
weekly_friday,2023-03-03,86.67,positiu,positiu,negatiu,positiu,positiu,risc-on,,0,risc-on,False,risc-on,40.0,55.0,5.0,0.0,0.0,0.0,False,No cal rebalancejar
weekly_thursday,2023-03-09,64.44,neutral,neutral,neutral,positiu,positiu,normal,normal,2,risc-on,False,risc-on,40.0,55.0,5.0,0.0,0.0,0.0,False,No cal rebalancejar
weekly_friday,2023-03-10,57.78,neutral,neutral,negatiu,positiu,positiu,normal,normal,1,risc-on,False,risc-on,40.0,55.0,5.0,0.0,0.0,0.0,False,No cal rebalancejar
weekly_thursday,2023-03-16,68.89,neutral,positiu,negatiu,positiu,positiu,risc-on,,0,risc-on,False,risc-on,40.0,55.0,5.0,0.0,0.0,0.0,False,No cal rebalancejar
weekly_friday,2023-03-17,68.89,neutral,positiu,negatiu,positiu,positiu,risc-on,,0,risc-on,False,risc-on,40.0,55.0,5.0,0.0,0.0,0.0,False,No cal rebalancejar
weekly_thursday,2023-03-23,68.89,neutral,positiu,negatiu,positiu,positiu,risc-on,,0,risc-on,False,risc-on,40.0,55.0,5.0,0.0,0.0,0.0,False,No cal rebalancejar
weekly_friday,2023-03-24,68.89,neutral,positiu,negatiu,positiu,positiu,risc-on,,0,risc-on,False,risc-on,40.0,55.0,5.0,0.0,0.0,0.0,False,No cal rebalancejar
weekly_thursday,2023-03-30,86.67,positiu,positiu,negatiu,positiu,positiu,risc-on,,0,risc-on,False,risc-on,40.0,55.0,5.0,0.0,0.0,0.0,False,No cal rebalancejar
weekly_friday,2023-03-31,86.67,positiu,positiu,negatiu,positiu,positiu,risc-on,,0,risc-on,False,risc-on,40.0,55.0,5.0,0.0,0.0,0.0,False,No cal rebalancejar
weekly_thursday,2023-04-06,86.67,positiu,positiu,negatiu,positiu,positiu,risc-on,,0,risc-on,False,risc-on,40.0,55.0,5.0,0.0,0.0,0.0,False,No cal rebalancejar
weekly_friday,2023-04-07,86.67,positiu,positiu,negatiu,positiu,positiu,risc-on,,0,risc-on,False,risc-on,40.0,55.0,5.0,0.0,0.0,0.0,False,No cal rebalancejar
weekly_thursday,2023-04-13,86.67,positiu,positiu,negatiu,positiu,positiu,risc-on,,0,risc-on,False,risc-on,40.0,55.0,5.0,0.0,0.0,0.0,False,No cal rebalancejar
weekly_friday,2023-04-14,93.34,positiu,positiu,neutral,positiu,positiu,risc-on,,0,risc-on,False,risc-on,40.0,55.0,5.0,0.0,0.0,0.0,False,No cal rebalancejar
weekly_thursday,2023-04-20,93.34,positiu,positiu,neutral,positiu,positiu,risc-on,,0,risc-on,False,risc-on,40.0,55.0,5.0,0.0,0.0,0.0,False,No cal rebalancejar
weekly_friday,2023-04-21,86.67,positiu,positiu,negatiu,positiu,positiu,risc-on,,0,risc-on,False,risc-on,40.0,55.0,5.0,0.0,0.0,0.0,False,No cal rebalancejar
weekly_thursday,2023-04-27,93.34,positiu,positiu,neutral,positiu,positiu,risc-on,,0,risc-on,False,risc-on,40.0,55.0,5.0,0.0,0.0,0.0,False,No cal rebalancejar
weekly_friday,2023-04-28,93.34,positiu,positiu,neutral,positiu,positiu,risc-on,,0,risc-on,False,risc-on,40.0,55.0,5.0,0.0,0.0,0.0,False,No cal rebalancejar
weekly_thursday,2023-05-04,83.34,positiu,positiu,neutral,positiu,neutral,risc-on,,0,risc-on,False,risc-on,40.0,55.0,5.0,0.0,0.0,0.0,False,No cal rebalancejar
weekly_friday,2023-05-05,83.34,positiu,positiu,neutral,positiu,neutral,risc-on,,0,risc-on,False,risc-on,40.0,55.0,5.0,0.0,0.0,0.0,False,No cal rebalancejar
weekly_thursday,2023-05-11,90.0,positiu,positiu,positiu,positiu,neutral,risc-on,,0,risc-on,False,risc-on,40.0,55.0,5.0,0.0,0.0,0.0,False,No cal rebalancejar
weekly_friday,2023-05-12,90.0,positiu,positiu,positiu,positiu,neutral,risc-on,,0,risc-on,False,risc-on,40.0,55.0,5.0,0.0,0.0,0.0,False,No cal rebalancejar
weekly_thursday,2023-05-18,83.34,positiu,positiu,neutral,positiu,neutral,risc-on,,0,risc-on,False,risc-on,40.0,55.0,5.0,0.0,0.0,0.0,False,No cal rebalancejar
weekly_friday,2023-05-19,90.0,positiu,positiu,positiu,positiu,neutral,risc-on,,0,risc-on,False,risc-on,40.0,55.0,5.0,0.0,0.0,0.0,False,No cal rebalancejar
weekly_thursday,2023-05-25,83.34,positiu,positiu,neutral,positiu,neutral,risc-on,,0,risc-on,False,risc-on,40.0,55.0,5.0,0.0,0.0,0.0,False,No cal rebalancejar
weekly_friday,2023-05-26,83.34,positiu,positiu,neutral,positiu,neutral,risc-on,,0,risc-on,False,risc-on,40.0,55.0,5.0,0.0,0.0,0.0,False,No cal rebalancejar
weekly_thursday,2023-06-01,83.34,positiu,positiu,neutral,positiu,neutral,risc-on,,0,risc-on,False,risc-on,40.0,55.0,5.0,0.0,0.0,0.0,False,No cal rebalancejar
weekly_friday,2023-06-02,83.34,positiu,positiu,neutral,positiu,neutral,risc-on,,0,risc-on,False,risc-on,40.0,55.0,5.0,0.0,0.0,0.0,False,No cal rebalancejar
weekly_thursday,2023-06-08,83.34,positiu,positiu,neutral,positiu,neutral,risc-on,,0,risc-on,False,risc-on,40.0,55.0,5.0,0.0,0.0,0.0,False,No cal rebalancejar
weekly_friday,2023-06-09,83.34,positiu,positiu,neutral,positiu,neutral,risc-on,,0,risc-on,False,risc-on,40.0,55.0,5.0,0.0,0.0,0.0,False,No cal rebalancejar
weekly_thursday,2023-06-15,90.0,positiu,positiu,positiu,positiu,neutral,risc-on,,0,risc-on,False,risc-on,40.0,55.0,5.0,0.0,0.0,0.0,False,No cal rebalancejar
weekly_friday,2023-06-16,90.0,positiu,positiu,positiu,positiu,neutral,risc-on,,0,risc-on,False,risc-on,40.0,55.0,5.0,0.0,0.0,0.0,False,No cal rebalancejar
weekly_thursday,2023-06-22,90.0,positiu,positiu,positiu,positiu,neutral,risc-on,,0,risc-on,False,risc-on,40.0,55.0,5.0,0.0,0.0,0.0,False,No cal rebalancejar
weekly_friday,2023-06-23,90.0,positiu,positiu,positiu,positiu,neutral,risc-on,,0,risc-on,False,risc-on,40.0,55.0,5.0,0.0,0.0,0.0,False,No cal rebalancejar
weekly_thursday,2023-06-29,90.0,positiu,positiu,positiu,positiu,neutral,risc-on,,0,risc-on,False,risc-on,40.0,55.0,5.0,0.0,0.0,0.0,False,No cal rebalancejar
weekly_friday,2023-06-30,90.0,positiu,positiu,positiu,positiu,neutral,risc-on,,0,risc-on,False,risc-on,40.0,55.0,5.0,0.0,0.0,0.0,False,No cal rebalancejar
weekly_thursday,2023-07-06,90.0,positiu,positiu,positiu,positiu,neutral,risc-on,,0,risc-on,False,risc-on,40.0,55.0,5.0,0.0,0.0,0.0,False,No cal rebalancejar
weekly_friday,2023-07-07,90.0,positiu,positiu,positiu,positiu,neutral,risc-on,,0,risc-on,False,risc-on,40.0,55.0,5.0,0.0,0.0,0.0,False,No cal rebalancejar
weekly_thursday,2023-07-13,90.0,positiu,positiu,positiu,positiu,neutral,risc-on,,0,risc-on,False,risc-on,40.0,55.0,5.0,0.0,0.0,0.0,False,No cal rebalancejar
weekly_friday,2023-07-14,90.0,positiu,positiu,positiu,positiu,neutral,risc-on,,0,risc-on,False,risc-on,40.0,55.0,5.0,0.0,0.0,0.0,False,No cal rebalancejar
weekly_thursday,2023-07-20,90.0,positiu,positiu,positiu,positiu,neutral,risc-on,,0,risc-on,False,risc-on,40.0,55.0,5.0,0.0,0.0,0.0,False,No cal rebalancejar
weekly_friday,2023-07-21,90.0,positiu,positiu,positiu,positiu,neutral,risc-on,,0,risc-on,False,risc-on,40.0,55.0,5.0,0.0,0.0,0.0,False,No cal rebalancejar
weekly_thursday,2023-07-27,90.0,positiu,positiu,positiu,positiu,neutral,risc-on,,0,risc-on,False,risc-on,40.0,55.0,5.0,0.0,0.0,0.0,False,No cal rebalancejar
weekly_friday,2023-07-28,90.0,positiu,positiu,positiu,positiu,neutral,risc-on,,0,risc-on,False,risc-on,40.0,55.0,5.0,0.0,0.0,0.0,False,No cal rebalancejar
weekly_thursday,2023-08-03,90.0,positiu,positiu,positiu,positiu,neutral,risc-on,,0,risc-on,False,risc-on,40.0,55.0,5.0,0.0,0.0,0.0,False,No cal rebalancejar
weekly_friday,2023-08-04,90.0,positiu,positiu,positiu,positiu,neutral,risc-on,,0,risc-on,False,risc-on,40.0,55.0,5.0,0.0,0.0,0.0,False,No cal rebalancejar
weekly_thursday,2023-08-10,90.0,positiu,positiu,positiu,positiu,neutral,risc-on,,0,risc-on,False,risc-on,40.0,55.0,5.0,0.0,0.0,0.0,False,No cal rebalancejar
weekly_friday,2023-08-11,90.0,positiu,positiu,positiu,positiu,neutral,risc-on,,0,risc-on,False,risc-on,40.0,55.0,5.0,0.0,0.0,0.0,False,No cal rebalancejar
weekly_thursday,2023-08-17,83.34,positiu,positiu,neutral,positiu,neutral,risc-on,,0,risc-on,False,risc-on,40.0,55.0,5.0,0.0,0.0,0.0,False,No cal rebalancejar
weekly_friday,2023-08-18,83.34,positiu,positiu,neutral,positiu,neutral,risc-on,,0,risc-on,False,risc-on,40.0,55.0,5.0,0.0,0.0,0.0,False,No cal rebalancejar
weekly_thursday,2023-08-24,90.0,positiu,positiu,positiu,positiu,neutral,risc-on,,0,risc-on,False,risc-on,40.0,55.0,5.0,0.0,0.0,0.0,False,No cal rebalancejar
weekly_friday,2023-08-25,90.0,positiu,positiu,positiu,positiu,neutral,risc-on,,0,risc-on,False,risc-on,40.0,55.0,5.0,0.0,0.0,0.0,False,No cal rebalancejar
weekly_thursday,2023-08-31,90.0,positiu,positiu,positiu,positiu,neutral,risc-on,,0,risc-on,False,risc-on,40.0,55.0,5.0,0.0,0.0,0.0,False,No cal rebalancejar
weekly_friday,2023-09-01,90.0,positiu,positiu,positiu,positiu,neutral,risc-on,,0,risc-on,False,risc-on,40.0,55.0,5.0,0.0,0.0,0.0,False,No cal rebalancejar
weekly_thursday,2023-09-07,90.0,positiu,positiu,positiu,positiu,neutral,risc-on,,0,risc-on,False,risc-on,40.0,55.0,5.0,0.0,0.0,0.0,False,No cal rebalancejar
weekly_friday,2023-09-08,90.0,positiu,positiu,positiu,positiu,neutral,risc-on,,0,risc-on,False,risc-on,40.0,55.0,5.0,0.0,0.0,0.0,False,No cal rebalancejar
weekly_thursday,2023-09-14,90.0,positiu,positiu,positiu,positiu,neutral,risc-on,,0,risc-on,False,risc-on,40.0,55.0,5.0,0.0,0.0,0.0,False,No cal rebalancejar
weekly_friday,2023-09-15,90.0,positiu,positiu,positiu,positiu,neutral,risc-on,,0,risc-on,False,risc-on,40.0,55.0,5.0,0.0,0.0,0.0,False,No cal rebalancejar
weekly_thursday,2023-09-21,72.22,neutral,positiu,positiu,positiu,neutral,risc-on,,0,risc-on,False,risc-on,40.0,55.0,5.0,0.0,0.0,0.0,False,No cal rebalancejar
weekly_friday,2023-09-22,72.22,neutral,positiu,positiu,positiu,neutral,risc-on,,0,risc-on,False,risc-on,40.0,55.0,5.0,0.0,0.0,0.0,False,No cal rebalancejar
weekly_thursday,2023-09-28,72.22,neutral,positiu,positiu,positiu,neutral,risc-on,,0,risc-on,False,risc-on,40.0,55.0,5.0,0.0,0.0,0.0,False,No cal rebalancejar
weekly_friday,2023-09-29,72.22,neutral,positiu,positiu,positiu,neutral,risc-on,,0,risc-on,False,risc-on,40.0,55.0,5.0,0.0,0.0,0.0,False,No cal rebalancejar
weekly_thursday,2023-10-05,72.22,neutral,positiu,positiu,positiu,neutral,risc-on,,0,risc-on,False,risc-on,40.0,55.0,5.0,0.0,0.0,0.0,False,No cal rebalancejar
weekly_friday,2023-10-06,72.22,neutral,positiu,positiu,positiu,neutral,risc-on,,0,risc-on,False,risc-on,40.0,55.0,5.0,0.0,0.0,0.0,False,No cal rebalancejar
weekly_thursday,2023-10-12,72.22,neutral,positiu,positiu,positiu,neutral,risc-on,,0,risc-on,False,risc-on,40.0,55.0,5.0,0.0,0.0,0.0,False,No cal rebalancejar
weekly_friday,2023-10-13,72.22,neutral,positiu,positiu,positiu,neutral,risc-on,,0,risc-on,False,risc-on,40.0,55.0,5.0,0.0,0.0,0.0,False,No cal rebalancejar
weekly_thursday,2023-10-19,72.22,neutral,positiu,positiu,positiu,neutral,risc-on,,0,risc-on,False,risc-on,40.0,55.0,5.0,0.0,0.0,0.0,False,No cal rebalancejar
weekly_friday,2023-10-20,72.22,neutral,positiu,positiu,positiu,neutral,risc-on,,0,risc-on,False,risc-on,40.0,55.0,5.0,0.0,0.0,0.0,False,No cal rebalancejar
weekly_thursday,2023-10-26,43.33,negatiu,neutral,positiu,positiu,neutral,normal,normal,1,risc-on,False,risc-on,40.0,55.0,5.0,0.0,0.0,0.0,False,No cal rebalancejar
weekly_friday,2023-10-27,43.33,negatiu,neutral,positiu,positiu,neutral,normal,normal,1,risc-on,False,risc-on,40.0,55.0,5.0,0.0,0.0,0.0,False,No cal rebalancejar
weekly_thursday,2023-11-02,72.22,neutral,positiu,positiu,positiu,neutral,risc-on,,0,risc-on,False,risc-on,40.0,55.0,5.0,0.0,0.0,0.0,False,No cal rebalancejar
weekly_friday,2023-11-03,72.22,neutral,positiu,positiu,positiu,neutral,risc-on,,0,risc-on,False,risc-on,40.0,55.0,5.0,0.0,0.0,0.0,False,No cal rebalancejar
weekly_thursday,2023-11-09,72.22,neutral,positiu,positiu,positiu,neutral,risc-on,,0,risc-on,False,risc-on,40.0,55.0,5.0,0.0,0.0,0.0,False,No cal rebalancejar
weekly_friday,2023-11-10,72.22,neutral,positiu,positiu,positiu,neutral,risc-on,,0,risc-on,False,risc-on,40.0,55.0,5.0,0.0,0.0,0.0,False,No cal rebalancejar
weekly_thursday,2023-11-16,90.0,positiu,positiu,positiu,positiu,neutral,risc-on,,0,risc-on,False,risc-on,40.0,55.0,5.0,0.0,0.0,0.0,False,No cal rebalancejar
weekly_friday,2023-11-17,90.0,positiu,positiu,positiu,positiu,neutral,risc-on,,0,risc-on,False,risc-on,40.0,55.0,5.0,0.0,0.0,0.0,False,No cal rebalancejar
weekly_thursday,2023-11-23,90.0,positiu,positiu,positiu,positiu,neutral,risc-on,,0,risc-on,False,risc-on,40.0,55.0,5.0,0.0,0.0,0.0,False,No cal rebalancejar
weekly_friday,2023-11-24,90.0,positiu,positiu,positiu,positiu,neutral,risc-on,,0,risc-on,False,risc-on,40.0,55.0,5.0,0.0,0.0,0.0,False,No cal rebalancejar
weekly_thursday,2023-11-30,90.0,positiu,positiu,positiu,positiu,neutral,risc-on,,0,risc-on,False,risc-on,40.0,55.0,5.0,0.0,0.0,0.0,False,No cal rebalancejar
weekly_friday,2023-12-01,90.0,positiu,positiu,positiu,positiu,neutral,risc-on,,0,risc-on,False,risc-on,40.0,55.0,5.0,0.0,0.0,0.0,False,No cal rebalancejar
weekly_thursday,2023-12-07,90.0,positiu,positiu,positiu,positiu,neutral,risc-on,,0,risc-on,False,risc-on,40.0,55.0,5.0,0.0,0.0,0.0,False,No cal rebalancejar
weekly_friday,2023-12-08,90.0,positiu,positiu,positiu,positiu,neutral,risc-on,,0,risc-on,False,risc-on,40.0,55.0,5.0,0.0,0.0,0.0,False,No cal rebalancejar
weekly_thursday,2023-12-14,90.0,positiu,positiu,positiu,positiu,neutral,risc-on,,0,risc-on,False,risc-on,40.0,55.0,5.0,0.0,0.0,0.0,False,No cal rebalancejar
weekly_friday,2023-12-15,90.0,positiu,positiu,positiu,positiu,neutral,risc-on,,0,risc-on,False,risc-on,40.0,55.0,5.0,0.0,0.0,0.0,False,No cal rebalancejar
weekly_thursday,2023-12-21,90.0,positiu,positiu,positiu,positiu,neutral,risc-on,,0,risc-on,False,risc-on,40.0,55.0,5.0,0.0,0.0,0.0,False,No cal rebalancejar
weekly_friday,2023-12-22,90.0,positiu,positiu,positiu,positiu,neutral,risc-on,,0,risc-on,False,risc-on,40.0,55.0,5.0,0.0,0.0,0.0,False,No cal rebalancejar
weekly_thursday,2023-12-28,90.0,positiu,positiu,positiu,positiu,neutral,risc-on,,0,risc-on,False,risc-on,40.0,55.0,5.0,0.0,0.0,0.0,False,No cal rebalancejar
weekly_friday,2023-12-29,90.0,positiu,positiu,positiu,positiu,neutral,risc-on,,0,risc-on,False,risc-on,40.0,55.0,5.0,0.0,0.0,0.0,False,No cal rebalancejar
weekly_thursday,2024-01-04,90.0,positiu,positiu,positiu,positiu,neutral,risc-on,,0,risc-on,False,risc-on,40.0,55.0,5.0,0.0,0.0,0.0,False,No cal rebalancejar
weekly_friday,2024-01-05,90.0,positiu,positiu,positiu,positiu,neutral,risc-on,,0,risc-on,False,risc-on,40.0,55.0,5.0,0.0,0.0,0.0,False,No cal rebalancejar
weekly_thursday,2024-01-11,90.0,positiu,positiu,positiu,positiu,neutral,risc-on,,0,risc-on,False,risc-on,40.0,55.0,5.0,0.0,0.0,0.0,False,No cal rebalancejar
weekly_friday,2024-01-12,90.0,positiu,positiu,positiu,positiu,neutral,risc-on,,0,risc-on,False,risc-on,40.0,55.0,5.0,0.0,0.0,0.0,False,No cal rebalancejar
weekly_thursday,2024-01-18,90.0,positiu,positiu,positiu,positiu,neutral,risc-on,,0,risc-on,False,risc-on,40.0,55.0,5.0,0.0,0.0,0.0,False,No cal rebalancejar
weekly_friday,2024-01-19,90.0,positiu,positiu,positiu,positiu,neutral,risc-on,,0,risc-on,False,risc-on,40.0,55.0,5.0,0.0,0.0,0.0,False,No cal rebalancejar
weekly_thursday,2024-01-25,90.0,positiu,positiu,positiu,positiu,neutral,risc-on,,0,risc-on,False,risc-on,40.0,55.0,5.0,0.0,0.0,0.0,False,No cal rebalancejar
weekly_friday,2024-01-26,90.0,positiu,positiu,positiu,positiu,neutral,risc-on,,0,risc-on,False,risc-on,40.0,55.0,5.0,0.0,0.0,0.0,False,No cal rebalancejar
weekly_thursday,2024-02-01,90.0,positiu,positiu,positiu,positiu,neutral,risc-on,,0,risc-on,False,risc-on,40.0,55.0,5.0,0.0,0.0,0.0,False,No cal rebalancejar
weekly_friday,2024-02-02,90.0,positiu,positiu,positiu,positiu,neutral,risc-on,,0,risc-on,False,risc-on,40.0,55.0,5.0,0.0,0.0,0.0,False,No cal rebalancejar
weekly_thursday,2024-02-08,90.0,positiu,positiu,positiu,positiu,neutral,risc-on,,0,risc-on,False,risc-on,40.0,55.0,5.0,0.0,0.0,0.0,False,No cal rebalancejar
weekly_friday,2024-02-09,90.0,positiu,positiu,positiu,positiu,neutral,risc-on,,0,risc-on,False,risc-on,40.0,55.0,5.0,0.0,0.0,0.0,False,No cal rebalancejar
weekly_thursday,2024-02-15,90.0,positiu,positiu,positiu,positiu,neutral,risc-on,,0,risc-on,False,risc-on,40.0,55.0,5.0,0.0,0.0,0.0,False,No cal rebalancejar
weekly_friday,2024-02-16,90.0,positiu,positiu,positiu,positiu,neutral,risc-on,,0,risc-on,False,risc-on,40.0,55.0,5.0,0.0,0.0,0.0,False,No cal rebalancejar
weekly_thursday,2024-02-22,90.0,positiu,positiu,positiu,positiu,neutral,risc-on,,0,risc-on,False,risc-on,40.0,55.0,5.0,0.0,0.0,0.0,False,No cal rebalancejar
weekly_friday,2024-02-23,90.0,positiu,positiu,positiu,positiu,neutral,risc-on,,0,risc-on,False,risc-on,40.0,55.0,5.0,0.0,0.0,0.0,False,No cal rebalancejar
weekly_thursday,2024-02-29,90.0,positiu,positiu,positiu,positiu,neutral,risc-on,,0,risc-on,False,risc-on,40.0,55.0,5.0,0.0,0.0,0.0,False,No cal rebalancejar
weekly_friday,2024-03-01,90.0,positiu,positiu,positiu,positiu,neutral,risc-on,,0,risc-on,False,risc-on,40.0,55.0,5.0,0.0,0.0,0.0,False,No cal rebalancejar
weekly_thursday,2024-03-07,90.0,positiu,positiu,positiu,positiu,neutral,risc-on,,0,risc-on,False,risc-on,40.0,55.0,5.0,0.0,0.0,0.0,False,No cal rebalancejar
weekly_friday,2024-03-08,90.0,positiu,positiu,positiu,positiu,neutral,risc-on,,0,risc-on,False,risc-on,40.0,55.0,5.0,0.0,0.0,0.0,False,No cal rebalancejar
weekly_thursday,2024-03-14,90.0,positiu,positiu,positiu,positiu,neutral,risc-on,,0,risc-on,False,risc-on,40.0,55.0,5.0,0.0,0.0,0.0,False,No cal rebalancejar
weekly_friday,2024-03-15,90.0,positiu,positiu,positiu,positiu,neutral,risc-on,,0,risc-on,False,risc-on,40.0,55.0,5.0,0.0,0.0,0.0,False,No cal rebalancejar
weekly_thursday,2024-03-21,90.0,positiu,positiu,positiu,positiu,neutral,risc-on,,0,risc-on,False,risc-on,40.0,55.0,5.0,0.0,0.0,0.0,False,No cal rebalancejar
weekly_friday,2024-03-22,90.0,positiu,positiu,positiu,positiu,neutral,risc-on,,0,risc-on,False,risc-on,40.0,55.0,5.0,0.0,0.0,0.0,False,No cal rebalancejar
weekly_thursday,2024-03-28,90.0,positiu,positiu,positiu,positiu,neutral,risc-on,,0,risc-on,False,risc-on,40.0,55.0,5.0,0.0,0.0,0.0,False,No cal rebalancejar
weekly_friday,2024-03-29,90.0,positiu,positiu,positiu,positiu,neutral,risc-on,,0,risc-on,False,risc-on,40.0,55.0,5.0,0.0,0.0,0.0,False,No cal rebalancejar
weekly_thursday,2024-04-04,90.0,positiu,positiu,positiu,positiu,neutral,risc-on,,0,risc-on,False,risc-on,40.0,55.0,5.0,0.0,0.0,0.0,False,No cal rebalancejar
weekly_friday,2024-04-05,90.0,positiu,positiu,positiu,positiu,neutral,risc-on,,0,risc-on,False,risc-on,40.0,55.0,5.0,0.0,0.0,0.0,False,No cal rebalancejar
weekly_thursday,2024-04-11,90.0,positiu,positiu,positiu,positiu,neutral,risc-on,,0,risc-on,False,risc-on,40.0,55.0,5.0,0.0,0.0,0.0,False,No cal rebalancejar
weekly_friday,2024-04-12,90.0,positiu,positiu,positiu,positiu,neutral,risc-on,,0,risc-on,False,risc-on,40.0,55.0,5.0,0.0,0.0,0.0,False,No cal rebalancejar
weekly_thursday,2024-04-18,90.0,positiu,positiu,positiu,positiu,neutral,risc-on,,0,risc-on,False,risc-on,40.0,55.0,5.0,0.0,0.0,0.0,False,No cal rebalancejar
weekly_friday,2024-04-19,90.0,positiu,positiu,positiu,positiu,neutral,risc-on,,0,risc-on,False,risc-on,40.0,55.0,5.0,0.0,0.0,0.0,False,No cal rebalancejar
weekly_thursday,2024-04-25,90.0,positiu,positiu,positiu,positiu,neutral,risc-on,,0,risc-on,False,risc-on,40.0,55.0,5.0,0.0,0.0,0.0,False,No cal rebalancejar
weekly_friday,2024-04-26,90.0,positiu,positiu,positiu,positiu,neutral,risc-on,,0,risc-on,False,risc-on,40.0,55.0,5.0,0.0,0.0,0.0,False,No cal rebalancejar
weekly_thursday,2024-05-02,90.0,positiu,positiu,positiu,positiu,neutral,risc-on,,0,risc-on,False,risc-on,40.0,55.0,5.0,0.0,0.0,0.0,False,No cal rebalancejar
weekly_friday,2024-05-03,90.0,positiu,positiu,positiu,positiu,neutral,risc-on,,0,risc-on,False,risc-on,40.0,55.0,5.0,0.0,0.0,0.0,False,No cal rebalancejar
weekly_thursday,2024-05-09,90.0,positiu,positiu,positiu,positiu,neutral,risc-on,,0,risc-on,False,risc-on,40.0,55.0,5.0,0.0,0.0,0.0,False,No cal rebalancejar
weekly_friday,2024-05-10,90.0,positiu,positiu,positiu,positiu,neutral,risc-on,,0,risc-on,False,risc-on,40.0,55.0,5.0,0.0,0.0,0.0,False,No cal rebalancejar
weekly_thursday,2024-05-16,90.0,positiu,positiu,positiu,positiu,neutral,risc-on,,0,risc-on,False,risc-on,40.0,55.0,5.0,0.0,0.0,0.0,False,No cal rebalancejar
weekly_friday,2024-05-17,90.0,positiu,positiu,positiu,positiu,neutral,risc-on,,0,risc-on,False,risc-on,40.0,55.0,5.0,0.0,0.0,0.0,False,No cal rebalancejar
weekly_thursday,2024-05-23,90.0,positiu,positiu,positiu,positiu,neutral,risc-on,,0,risc-on,False,risc-on,40.0,55.0,5.0,0.0,0.0,0.0,False,No cal rebalancejar
weekly_friday,2024-05-24,90.0,positiu,positiu,positiu,positiu,neutral,risc-on,,0,risc-on,False,risc-on,40.0,55.0,5.0,0.0,0.0,0.0,False,No cal rebalancejar
weekly_thursday,2024-05-30,90.0,positiu,positiu,positiu,positiu,neutral,risc-on,,0,risc-on,False,risc-on,40.0,55.0,5.0,0.0,0.0,0.0,False,No cal rebalancejar
weekly_friday,2024-05-31,90.0,positiu,positiu,positiu,positiu,neutral,risc-on,,0,risc-on,False,risc-on,40.0,55.0,5.0,0.0,0.0,0.0,False,No cal rebalancejar
weekly_thursday,2024-06-06,90.0,positiu,positiu,positiu,positiu,neutral,risc-on,,0,risc-on,False,risc-on,40.0,55.0,5.0,0.0,0.0,0.0,False,No cal rebalancejar
weekly_friday,2024-06-07,90.0,positiu,positiu,positiu,positiu,neutral,risc-on,,0,risc-on,False,risc-on,40.0,55.0,5.0,0.0,0.0,0.0,False,No cal rebalancejar
weekly_thursday,2024-06-13,90.0,positiu,positiu,positiu,positiu,neutral,risc-on,,0,risc-on,False,risc-on,40.0,55.0,5.0,0.0,0.0,0.0,False,No cal rebalancejar
weekly_friday,2024-06-14,90.0,positiu,positiu,positiu,positiu,neutral,risc-on,,0,risc-on,False,risc-on,40.0,55.0,5.0,0.0,0.0,0.0,False,No cal rebalancejar
weekly_thursday,2024-06-20,90.0,positiu,positiu,positiu,positiu,neutral,risc-on,,0,risc-on,False,risc-on,40.0,55.0,5.0,0.0,0.0,0.0,False,No cal rebalancejar
weekly_friday,2024-06-21,90.0,positiu,positiu,positiu,positiu,neutral,risc-on,,0,risc-on,False,risc-on,40.0,55.0,5.0,0.0,0.0,0.0,False,No cal rebalancejar
weekly_thursday,2024-06-27,90.0,positiu,positiu,positiu,positiu,neutral,risc-on,,0,risc-on,False,risc-on,40.0,55.0,5.0,0.0,0.0,0.0,False,No cal rebalancejar
weekly_friday,2024-06-28,90.0,positiu,positiu,positiu,positiu,neutral,risc-on,,0,risc-on,False,risc-on,40.0,55.0,5.0,0.0,0.0,0.0,False,No cal rebalancejar
weekly_thursday,2024-07-04,90.0,positiu,positiu,positiu,positiu,neutral,risc-on,,0,risc-on,False,risc-on,40.0,55.0,5.0,0.0,0.0,0.0,False,No cal rebalancejar
weekly_friday,2024-07-05,90.0,positiu,positiu,positiu,positiu,neutral,risc-on,,0,risc-on,False,risc-on,40.0,55.0,5.0,0.0,0.0,0.0,False,No cal rebalancejar
weekly_thursday,2024-07-11,90.0,positiu,positiu,positiu,positiu,neutral,risc-on,,0,risc-on,False,risc-on,40.0,55.0,5.0,0.0,0.0,0.0,False,No cal rebalancejar
weekly_friday,2024-07-12,90.0,positiu,positiu,positiu,positiu,neutral,risc-on,,0,risc-on,False,risc-on,40.0,55.0,5.0,0.0,0.0,0.0,False,No cal rebalancejar
weekly_thursday,2024-07-18,90.0,positiu,positiu,positiu,positiu,neutral,risc-on,,0,risc-on,False,risc-on,40.0,55.0,5.0,0.0,0.0,0.0,False,No cal rebalancejar
weekly_friday,2024-07-19,90.0,positiu,positiu,positiu,positiu,neutral,risc-on,,0,risc-on,False,risc-on,40.0,55.0,5.0,0.0,0.0,0.0,False,No cal rebalancejar
weekly_thursday,2024-07-25,90.0,positiu,positiu,positiu,positiu,neutral,risc-on,,0,risc-on,False,risc-on,40.0,55.0,5.0,0.0,0.0,0.0,False,No cal rebalancejar
weekly_friday,2024-07-26,90.0,positiu,positiu,positiu,positiu,neutral,risc-on,,0,risc-on,False,risc-on,40.0,55.0,5.0,0.0,0.0,0.0,False,No cal rebalancejar
weekly_thursday,2024-08-01,90.0,positiu,positiu,positiu,positiu,neutral,risc-on,,0,risc-on,False,risc-on,40.0,55.0,5.0,0.0,0.0,0.0,False,No cal rebalancejar
weekly_friday,2024-08-02,90.0,positiu,positiu,positiu,positiu,neutral,risc-on,,0,risc-on,False,risc-on,40.0,55.0,5.0,0.0,0.0,0.0,False,No cal rebalancejar
weekly_thursday,2024-08-08,90.0,positiu,positiu,positiu,positiu,neutral,risc-on,,0,risc-on,False,risc-on,40.0,55.0,5.0,0.0,0.0,0.0,False,No cal rebalancejar
weekly_friday,2024-08-09,90.0,positiu,positiu,positiu,positiu,neutral,risc-on,,0,risc-on,False,risc-on,40.0,55.0,5.0,0.0,0.0,0.0,False,No cal rebalancejar
weekly_thursday,2024-08-15,90.0,positiu,positiu,positiu,positiu,neutral,risc-on,,0,risc-on,False,risc-on,40.0,55.0,5.0,0.0,0.0,0.0,False,No cal rebalancejar
weekly_friday,2024-08-16,90.0,positiu,positiu,positiu,positiu,neutral,risc-on,,0,risc-on,False,risc-on,40.0,55.0,5.0,0.0,0.0,0.0,False,No cal rebalancejar
weekly_thursday,2024-08-22,90.0,positiu,positiu,positiu,positiu,neutral,risc-on,,0,risc-on,False,risc-on,40.0,55.0,5.0,0.0,0.0,0.0,False,No cal rebalancejar
weekly_friday,2024-08-23,90.0,positiu,positiu,positiu,positiu,neutral,risc-on,,0,risc-on,False,risc-on,40.0,55.0,5.0,0.0,0.0,0.0,False,No cal rebalancejar
weekly_thursday,2024-08-29,90.0,positiu,positiu,positiu,positiu,neutral,risc-on,,0,risc-on,False,risc-on,40.0,55.0,5.0,0.0,0.0,0.0,False,No cal rebalancejar
weekly_friday,2024-08-30,90.0,positiu,positiu,positiu,positiu,neutral,risc-on,,0,risc-on,False,risc-on,40.0,55.0,5.0,0.0,0.0,0.0,False,No cal rebalancejar
weekly_thursday,2024-09-05,90.0,positiu,positiu,positiu,positiu,neutral,risc-on,,0,risc-on,False,risc-on,40.0,55.0,5.0,0.0,0.0,0.0,False,No cal rebalancejar
weekly_friday,2024-09-06,78.89,positiu,neutral,positiu,positiu,neutral,risc-on,,0,risc-on,False,risc-on,40.0,55.0,5.0,0.0,0.0,0.0,False,No cal rebalancejar
weekly_thursday,2024-09-12,90.0,positiu,positiu,positiu,positiu,neutral,risc-on,,0,risc-on,False,risc-on,40.0,55.0,5.0,0.0,0.0,0.0,False,No cal rebalancejar
weekly_friday,2024-09-13,90.0,positiu,positiu,positiu,positiu,neutral,risc-on,,0,risc-on,False,risc-on,40.0,55.0,5.0,0.0,0.0,0.0,False,No cal rebalancejar
weekly_thursday,2024-09-19,90.0,positiu,positiu,positiu,positiu,neutral,risc-on,,0,risc-on,False,risc-on,40.0,55.0,5.0,0.0,0.0,0.0,False,No cal rebalancejar
weekly_friday,2024-09-20,90.0,positiu,positiu,positiu,positiu,neutral,risc-on,,0,risc-on,False,risc-on,40.0,55.0,5.0,0.0,0.0,0.0,False,No cal rebalancejar
weekly_thursday,2024-09-26,90.0,positiu,positiu,positiu,positiu,neutral,risc-on,,0,risc-on,False,risc-on,40.0,55.0,5.0,0.0,0.0,0.0,False,No cal rebalancejar
weekly_friday,2024-09-27,90.0,positiu,positiu,positiu,positiu,neutral,risc-on,,0,risc-on,False,risc-on,40.0,55.0,5.0,0.0,0.0,0.0,False,No cal rebalancejar
weekly_thursday,2024-10-03,90.0,positiu,positiu,positiu,positiu,neutral,risc-on,,0,risc-on,False,risc-on,40.0,55.0,5.0,0.0,0.0,0.0,False,No cal rebalancejar
weekly_friday,2024-10-04,90.0,positiu,positiu,positiu,positiu,neutral,risc-on,,0,risc-on,False,risc-on,40.0,55.0,5.0,0.0,0.0,0.0,False,No cal rebalancejar
weekly_thursday,2024-10-10,90.0,positiu,positiu,positiu,positiu,neutral,risc-on,,0,risc-on,False,risc-on,40.0,55.0,5.0,0.0,0.0,0.0,False,No cal rebalancejar
weekly_friday,2024-10-11,90.0,positiu,positiu,positiu,positiu,neutral,risc-on,,0,risc-on,False,risc-on,40.0,55.0,5.0,0.0,0.0,0.0,False,No cal rebalancejar
weekly_thursday,2024-10-17,90.0,positiu,positiu,positiu,positiu,neutral,risc-on,,0,risc-on,False,risc-on,40.0,55.0,5.0,0.0,0.0,0.0,False,No cal rebalancejar
weekly_friday,2024-10-18,90.0,positiu,positiu,positiu,positiu,neutral,risc-on,,0,risc-on,False,risc-on,40.0,55.0,5.0,0.0,0.0,0.0,False,No cal rebalancejar
weekly_thursday,2024-10-24,90.0,positiu,positiu,positiu,positiu,neutral,risc-on,,0,risc-on,False,risc-on,40.0,55.0,5.0,0.0,0.0,0.0,False,No cal rebalancejar
weekly_friday,2024-10-25,90.0,positiu,positiu,positiu,positiu,neutral,risc-on,,0,risc-on,False,risc-on,40.0,55.0,5.0,0.0,0.0,0.0,False,No cal rebalancejar
weekly_thursday,2024-10-31,90.0,positiu,positiu,positiu,positiu,neutral,risc-on,,0,risc-on,False,risc-on,40.0,55.0,5.0,0.0,0.0,0.0,False,No cal rebalancejar
weekly_friday,2024-11-01,90.0,positiu,positiu,positiu,positiu,neutral,risc-on,,0,risc-on,False,risc-on,40.0,55.0,5.0,0.0,0.0,0.0,False,No cal rebalancejar
weekly_thursday,2024-11-07,90.0,positiu,positiu,positiu,positiu,neutral,risc-on,,0,risc-on,False,risc-on,40.0,55.0,5.0,0.0,0.0,0.0,False,No cal rebalancejar
weekly_friday,2024-11-08,100.0,positiu,positiu,positiu,positiu,positiu,risc-on,,0,risc-on,False,risc-on,40.0,55.0,5.0,0.0,0.0,0.0,False,No cal rebalancejar
weekly_thursday,2024-11-14,100.0,positiu,positiu,positiu,positiu,positiu,risc-on,,0,risc-on,False,risc-on,40.0,55.0,5.0,0.0,0.0,0.0,False,No cal rebalancejar
weekly_friday,2024-11-15,100.0,positiu,positiu,positiu,positiu,positiu,risc-on,,0,risc-on,False,risc-on,40.0,55.0,5.0,0.0,0.0,0.0,False,No cal rebalancejar
weekly_thursday,2024-11-21,100.0,positiu,positiu,positiu,positiu,positiu,risc-on,,0,risc-on,False,risc-on,40.0,55.0,5.0,0.0,0.0,0.0,False,No cal rebalancejar
weekly_friday,2024-11-22,100.0,positiu,positiu,positiu,positiu,positiu,risc-on,,0,risc-on,False,risc-on,40.0,55.0,5.0,0.0,0.0,0.0,False,No cal rebalancejar
weekly_thursday,2024-11-28,100.0,positiu,positiu,positiu,positiu,positiu,risc-on,,0,risc-on,False,risc-on,40.0,55.0,5.0,0.0,0.0,0.0,False,No cal rebalancejar
weekly_friday,2024-11-29,100.0,positiu,positiu,positiu,positiu,positiu,risc-on,,0,risc-on,False,risc-on,40.0,55.0,5.0,0.0,0.0,0.0,False,No cal rebalancejar
weekly_thursday,2024-12-05,100.0,positiu,positiu,positiu,positiu,positiu,risc-on,,0,risc-on,False,risc-on,40.0,55.0,5.0,0.0,0.0,0.0,False,No cal rebalancejar
weekly_friday,2024-12-06,100.0,positiu,positiu,positiu,positiu,positiu,risc-on,,0,risc-on,False,risc-on,40.0,55.0,5.0,0.0,0.0,0.0,False,No cal rebalancejar
weekly_thursday,2024-12-12,100.0,positiu,positiu,positiu,positiu,positiu,risc-on,,0,risc-on,False,risc-on,40.0,55.0,5.0,0.0,0.0,0.0,False,No cal rebalancejar
weekly_friday,2024-12-13,100.0,positiu,positiu,positiu,positiu,positiu,risc-on,,0,risc-on,False,risc-on,40.0,55.0,5.0,0.0,0.0,0.0,False,No cal rebalancejar
weekly_thursday,2024-12-19,100.0,positiu,positiu,positiu,positiu,positiu,risc-on,,0,risc-on,False,risc-on,40.0,55.0,5.0,0.0,0.0,0.0,False,No cal rebalancejar
weekly_friday,2024-12-20,100.0,positiu,positiu,positiu,positiu,positiu,risc-on,,0,risc-on,False,risc-on,40.0,55.0,5.0,0.0,0.0,0.0,False,No cal rebalancejar
weekly_thursday,2024-12-26,100.0,positiu,positiu,positiu,positiu,positiu,risc-on,,0,risc-on,False,risc-on,40.0,55.0,5.0,0.0,0.0,0.0,False,No cal rebalancejar
weekly_friday,2024-12-27,100.0,positiu,positiu,positiu,positiu,positiu,risc-on,,0,risc-on,False,risc-on,40.0,55.0,5.0,0.0,0.0,0.0,False,No cal rebalancejar
weekly_thursday,2025-01-02,100.0,positiu,positiu,positiu,positiu,positiu,risc-on,,0,risc-on,False,risc-on,40.0,55.0,5.0,0.0,0.0,0.0,False,No cal rebalancejar
weekly_friday,2025-01-03,100.0,positiu,positiu,positiu,positiu,positiu,risc-on,,0,risc-on,False,risc-on,40.0,55.0,5.0,0.0,0.0,0.0,False,No cal rebalancejar
weekly_thursday,2025-01-09,100.0,positiu,positiu,positiu,positiu,positiu,risc-on,,0,risc-on,False,risc-on,40.0,55.0,5.0,0.0,0.0,0.0,False,No cal rebalancejar
weekly_friday,2025-01-10,82.22,neutral,positiu,positiu,positiu,positiu,risc-on,,0,risc-on,False,risc-on,40.0,55.0,5.0,0.0,0.0,0.0,False,No cal rebalancejar
weekly_thursday,2025-01-16,100.0,positiu,positiu,positiu,positiu,positiu,risc-on,,0,risc-on,False,risc-on,40.0,55.0,5.0,0.0,0.0,0.0,False,No cal rebalancejar
weekly_friday,2025-01-17,100.0,positiu,positiu,positiu,positiu,positiu,risc-on,,0,risc-on,False,risc-on,40.0,55.0,5.0,0.0,0.0,0.0,False,No cal rebalancejar
weekly_thursday,2025-01-23,100.0,positiu,positiu,positiu,positiu,positiu,risc-on,,0,risc-on,False,risc-on,40.0,55.0,5.0,0.0,0.0,0.0,False,No cal rebalancejar
weekly_friday,2025-01-24,100.0,positiu,positiu,positiu,positiu,positiu,risc-on,,0,risc-on,False,risc-on,40.0,55.0,5.0,0.0,0.0,0.0,False,No cal rebalancejar
weekly_thursday,2025-01-30,100.0,positiu,positiu,positiu,positiu,positiu,risc-on,,0,risc-on,False,risc-on,40.0,55.0,5.0,0.0,0.0,0.0,False,No cal rebalancejar
weekly_friday,2025-01-31,100.0,positiu,positiu,positiu,positiu,positiu,risc-on,,0,risc-on,False,risc-on,40.0,55.0,5.0,0.0,0.0,0.0,False,No cal rebalancejar
weekly_thursday,2025-02-06,100.0,positiu,positiu,positiu,positiu,positiu,risc-on,,0,risc-on,False,risc-on,40.0,55.0,5.0,0.0,0.0,0.0,False,No cal rebalancejar
weekly_friday,2025-02-07,100.0,positiu,positiu,positiu,positiu,positiu,risc-on,,0,risc-on,False,risc-on,40.0,55.0,5.0,0.0,0.0,0.0,False,No cal rebalancejar
weekly_thursday,2025-02-13,100.0,positiu,positiu,positiu,positiu,positiu,risc-on,,0,risc-on,False,risc-on,40.0,55.0,5.0,0.0,0.0,0.0,False,No cal rebalancejar
weekly_friday,2025-02-14,100.0,positiu,positiu,positiu,positiu,positiu,risc-on,,0,risc-on,False,risc-on,40.0,55.0,5.0,0.0,0.0,0.0,False,No cal rebalancejar
weekly_thursday,2025-02-20,100.0,positiu,positiu,positiu,positiu,positiu,risc-on,,0,risc-on,False,risc-on,40.0,55.0,5.0,0.0,0.0,0.0,False,No cal rebalancejar
weekly_friday,2025-02-21,100.0,positiu,positiu,positiu,positiu,positiu,risc-on,,0,risc-on,False,risc-on,40.0,55.0,5.0,0.0,0.0,0.0,False,No cal rebalancejar
weekly_thursday,2025-02-27,71.11,neutral,neutral,positiu,positiu,positiu,risc-on,,0,risc-on,False,risc-on,40.0,55.0,5.0,0.0,0.0,0.0,False,No cal rebalancejar
weekly_friday,2025-02-28,100.0,positiu,positiu,positiu,positiu,positiu,risc-on,,0,risc-on,False,risc-on,40.0,55.0,5.0,0.0,0.0,0.0,False,No cal rebalancejar
weekly_thursday,2025-03-06,71.11,neutral,neutral,positiu,positiu,positiu,risc-on,,0,risc-on,False,risc-on,40.0,55.0,5.0,0.0,0.0,0.0,False,No cal rebalancejar
weekly_friday,2025-03-07,71.11,neutral,neutral,positiu,positiu,positiu,risc-on,,0,risc-on,False,risc-on,40.0,55.0,5.0,0.0,0.0,0.0,False,No cal rebalancejar
weekly_thursday,2025-03-13,60.0,neutral,negatiu,positiu,positiu,positiu,normal,normal,1,risc-on,False,risc-on,40.0,55.0,5.0,0.0,0.0,0.0,False,No cal rebalancejar
weekly_friday,2025-03-14,71.11,neutral,neutral,positiu,positiu,positiu,risc-on,,0,risc-on,False,risc-on,40.0,55.0,5.0,0.0,0.0,0.0,False,No cal rebalancejar
weekly_thursday,2025-03-20,60.0,neutral,negatiu,positiu,positiu,positiu,normal,normal,2,risc-on,False,risc-on,40.0,55.0,5.0,0.0,0.0,0.0,False,No cal rebalancejar
weekly_friday,2025-03-21,71.11,neutral,neutral,positiu,positiu,positiu,risc-on,,0,risc-on,False,risc-on,40.0,55.0,5.0,0.0,0.0,0.0,False,No cal rebalancejar
weekly_thursday,2025-03-27,71.11,neutral,neutral,positiu,positiu,positiu,risc-on,,0,risc-on,False,risc-on,40.0,55.0,5.0,0.0,0.0,0.0,False,No cal rebalancejar
weekly_friday,2025-03-28,60.0,neutral,negatiu,positiu,positiu,positiu,normal,normal,1,risc-on,False,risc-on,40.0,55.0,5.0,0.0,0.0,0.0,False,No cal rebalancejar
weekly_thursday,2025-04-03,60.0,neutral,negatiu,positiu,positiu,positiu,normal,normal,1,risc-on,False,risc-on,40.0,55.0,5.0,0.0,0.0,0.0,False,No cal rebalancejar
weekly_friday,2025-04-04,31.11,negatiu,negatiu,neutral,neutral,positiu,defensiu,defensiu,1,risc-on,False,risc-on,40.0,55.0,5.0,0.0,0.0,0.0,False,No cal rebalancejar
weekly_thursday,2025-04-10,31.11,negatiu,negatiu,neutral,neutral,positiu,defensiu,defensiu,1,risc-on,False,risc-on,40.0,55.0,5.0,0.0,0.0,0.0,False,No cal rebalancejar
weekly_friday,2025-04-11,31.11,negatiu,negatiu,neutral,neutral,positiu,defensiu,defensiu,2,risc-on,False,risc-on,40.0,55.0,5.0,0.0,0.0,0.0,False,No cal rebalancejar
weekly_thursday,2025-04-17,31.11,negatiu,negatiu,neutral,neutral,positiu,defensiu,defensiu,2,risc-on,False,risc-on,40.0,55.0,5.0,0.0,0.0,0.0,False,No cal rebalancejar
weekly_friday,2025-04-18,31.11,negatiu,negatiu,neutral,neutral,positiu,defensiu,defensiu,3,risc-on,False,risc-on,40.0,55.0,5.0,0.0,0.0,0.0,False,No cal rebalancejar
weekly_thursday,2025-04-24,55.55,neutral,negatiu,positiu,neutral,positiu,normal,normal,1,risc-on,False,risc-on,40.0,55.0,5.0,0.0,0.0,0.0,False,No cal rebalancejar
weekly_friday,2025-04-25,55.55,neutral,negatiu,positiu,neutral,positiu,normal,normal,1,risc-on,False,risc-on,40.0,55.0,5.0,0.0,0.0,0.0,False,No cal rebalancejar
weekly_thursday,2025-05-01,66.66,neutral,neutral,positiu,neutral,positiu,risc-on,,0,risc-on,False,risc-on,40.0,55.0,5.0,0.0,0.0,0.0,False,No cal rebalancejar
weekly_friday,2025-05-02,66.66,neutral,neutral,positiu,neutral,positiu,risc-on,,0,risc-on,False,risc-on,40.0,55.0,5.0,0.0,0.0,0.0,False,No cal rebalancejar
weekly_thursday,2025-05-08,66.66,neutral,neutral,positiu,neutral,positiu,risc-on,,0,risc-on,False,risc-on,40.0,55.0,5.0,0.0,0.0,0.0,False,No cal rebalancejar
weekly_friday,2025-05-09,66.66,neutral,neutral,positiu,neutral,positiu,risc-on,,0,risc-on,False,risc-on,40.0,55.0,5.0,0.0,0.0,0.0,False,No cal rebalancejar
weekly_thursday,2025-05-15,95.56,positiu,positiu,positiu,neutral,positiu,risc-on,,0,risc-on,False,risc-on,40.0,55.0,5.0,0.0,0.0,0.0,False,No cal rebalancejar
weekly_friday,2025-05-16,95.56,positiu,positiu,positiu,neutral,positiu,risc-on,,0,risc-on,False,risc-on,40.0,55.0,5.0,0.0,0.0,0.0,False,No cal rebalancejar
weekly_thursday,2025-05-22,95.56,positiu,positiu,positiu,neutral,positiu,risc-on,,0,risc-on,False,risc-on,40.0,55.0,5.0,0.0,0.0,0.0,False,No cal rebalancejar
weekly_friday,2025-05-23,77.78,neutral,positiu,positiu,neutral,positiu,risc-on,,0,risc-on,False,risc-on,40.0,55.0,5.0,0.0,0.0,0.0,False,No cal rebalancejar
weekly_thursday,2025-05-29,95.56,positiu,positiu,positiu,neutral,positiu,risc-on,,0,risc-on,False,risc-on,40.0,55.0,5.0,0.0,0.0,0.0,False,No cal rebalancejar
weekly_friday,2025-05-30,95.56,positiu,positiu,positiu,neutral,positiu,risc-on,,0,risc-on,False,risc-on,40.0,55.0,5.0,0.0,0.0,0.0,False,No cal rebalancejar
weekly_thursday,2025-06-05,95.56,positiu,positiu,positiu,neutral,positiu,risc-on,,0,risc-on,False,risc-on,40.0,55.0,5.0,0.0,0.0,0.0,False,No cal rebalancejar
weekly_friday,2025-06-06,95.56,positiu,positiu,positiu,neutral,positiu,risc-on,,0,risc-on,False,risc-on,40.0,55.0,5.0,0.0,0.0,0.0,False,No cal rebalancejar
weekly_thursday,2025-06-12,95.56,positiu,positiu,positiu,neutral,positiu,risc-on,,0,risc-on,False,risc-on,40.0,55.0,5.0,0.0,0.0,0.0,False,No cal rebalancejar
weekly_friday,2025-06-13,95.56,positiu,positiu,positiu,neutral,positiu,risc-on,,0,risc-on,False,risc-on,40.0,55.0,5.0,0.0,0.0,0.0,False,No cal rebalancejar
weekly_thursday,2025-06-19,95.56,positiu,positiu,positiu,neutral,positiu,risc-on,,0,risc-on,False,risc-on,40.0,55.0,5.0,0.0,0.0,0.0,False,No cal rebalancejar
weekly_friday,2025-06-20,95.56,positiu,positiu,positiu,neutral,positiu,risc-on,,0,risc-on,False,risc-on,40.0,55.0,5.0,0.0,0.0,0.0,False,No cal rebalancejar
weekly_thursday,2025-06-26,95.56,positiu,positiu,positiu,neutral,positiu,risc-on,,0,risc-on,False,risc-on,40.0,55.0,5.0,0.0,0.0,0.0,False,No cal rebalancejar
weekly_friday,2025-06-27,95.56,positiu,positiu,positiu,neutral,positiu,risc-on,,0,risc-on,False,risc-on,40.0,55.0,5.0,0.0,0.0,0.0,False,No cal rebalancejar
weekly_thursday,2025-07-03,100.0,positiu,positiu,positiu,positiu,positiu,risc-on,,0,risc-on,False,risc-on,40.0,55.0,5.0,0.0,0.0,0.0,False,No cal rebalancejar
weekly_friday,2025-07-04,100.0,positiu,positiu,positiu,positiu,positiu,risc-on,,0,risc-on,False,risc-on,40.0,55.0,5.0,0.0,0.0,0.0,False,No cal rebalancejar
weekly_thursday,2025-07-10,100.0,positiu,positiu,positiu,positiu,positiu,risc-on,,0,risc-on,False,risc-on,40.0,55.0,5.0,0.0,0.0,0.0,False,No cal rebalancejar
weekly_friday,2025-07-11,100.0,positiu,positiu,positiu,positiu,positiu,risc-on,,0,risc-on,False,risc-on,40.0,55.0,5.0,0.0,0.0,0.0,False,No cal rebalancejar
weekly_thursday,2025-07-17,100.0,positiu,positiu,positiu,positiu,positiu,risc-on,,0,risc-on,False,risc-on,40.0,55.0,5.0,0.0,0.0,0.0,False,No cal rebalancejar
weekly_friday,2025-07-18,100.0,positiu,positiu,positiu,positiu,positiu,risc-on,,0,risc-on,False,risc-on,40.0,55.0,5.0,0.0,0.0,0.0,False,No cal rebalancejar
weekly_thursday,2025-07-24,100.0,positiu,positiu,positiu,positiu,positiu,risc-on,,0,risc-on,False,risc-on,40.0,55.0,5.0,0.0,0.0,0.0,False,No cal rebalancejar
weekly_friday,2025-07-25,100.0,positiu,positiu,positiu,positiu,positiu,risc-on,,0,risc-on,False,risc-on,40.0,55.0,5.0,0.0,0.0,0.0,False,No cal rebalancejar
weekly_thursday,2025-07-31,100.0,positiu,positiu,positiu,positiu,positiu,risc-on,,0,risc-on,False,risc-on,40.0,55.0,5.0,0.0,0.0,0.0,False,No cal rebalancejar
weekly_friday,2025-08-01,100.0,positiu,positiu,positiu,positiu,positiu,risc-on,,0,risc-on,False,risc-on,40.0,55.0,5.0,0.0,0.0,0.0,False,No cal rebalancejar
weekly_thursday,2025-08-07,100.0,positiu,positiu,positiu,positiu,positiu,risc-on,,0,risc-on,False,risc-on,40.0,55.0,5.0,0.0,0.0,0.0,False,No cal rebalancejar
weekly_friday,2025-08-08,100.0,positiu,positiu,positiu,positiu,positiu,risc-on,,0,risc-on,False,risc-on,40.0,55.0,5.0,0.0,0.0,0.0,False,No cal rebalancejar
weekly_thursday,2025-08-14,100.0,positiu,positiu,positiu,positiu,positiu,risc-on,,0,risc-on,False,risc-on,40.0,55.0,5.0,0.0,0.0,0.0,False,No cal rebalancejar
weekly_friday,2025-08-15,100.0,positiu,positiu,positiu,positiu,positiu,risc-on,,0,risc-on,False,risc-on,40.0,55.0,5.0,0.0,0.0,0.0,False,No cal rebalancejar
weekly_thursday,2025-08-21,100.0,positiu,positiu,positiu,positiu,positiu,risc-on,,0,risc-on,False,risc-on,40.0,55.0,5.0,0.0,0.0,0.0,False,No cal rebalancejar
weekly_friday,2025-08-22,100.0,positiu,positiu,positiu,positiu,positiu,risc-on,,0,risc-on,False,risc-on,40.0,55.0,5.0,0.0,0.0,0.0,False,No cal rebalancejar
weekly_thursday,2025-08-28,100.0,positiu,positiu,positiu,positiu,positiu,risc-on,,0,risc-on,False,risc-on,40.0,55.0,5.0,0.0,0.0,0.0,False,No cal rebalancejar
weekly_friday,2025-08-29,100.0,positiu,positiu,positiu,positiu,positiu,risc-on,,0,risc-on,False,risc-on,40.0,55.0,5.0,0.0,0.0,0.0,False,No cal rebalancejar
weekly_thursday,2025-09-04,100.0,positiu,positiu,positiu,positiu,positiu,risc-on,,0,risc-on,False,risc-on,40.0,55.0,5.0,0.0,0.0,0.0,False,No cal rebalancejar
weekly_friday,2025-09-05,100.0,positiu,positiu,positiu,positiu,positiu,risc-on,,0,risc-on,False,risc-on,40.0,55.0,5.0,0.0,0.0,0.0,False,No cal rebalancejar
weekly_thursday,2025-09-11,100.0,positiu,positiu,positiu,positiu,positiu,risc-on,,0,risc-on,False,risc-on,40.0,55.0,5.0,0.0,0.0,0.0,False,No cal rebalancejar
weekly_friday,2025-09-12,100.0,positiu,positiu,positiu,positiu,positiu,risc-on,,0,risc-on,False,risc-on,40.0,55.0,5.0,0.0,0.0,0.0,False,No cal rebalancejar
weekly_thursday,2025-09-18,100.0,positiu,positiu,positiu,positiu,positiu,risc-on,,0,risc-on,False,risc-on,40.0,55.0,5.0,0.0,0.0,0.0,False,No cal rebalancejar
weekly_friday,2025-09-19,100.0,positiu,positiu,positiu,positiu,positiu,risc-on,,0,risc-on,False,risc-on,40.0,55.0,5.0,0.0,0.0,0.0,False,No cal rebalancejar
weekly_thursday,2025-09-25,100.0,positiu,positiu,positiu,positiu,positiu,risc-on,,0,risc-on,False,risc-on,40.0,55.0,5.0,0.0,0.0,0.0,False,No cal rebalancejar
weekly_friday,2025-09-26,100.0,positiu,positiu,positiu,positiu,positiu,risc-on,,0,risc-on,False,risc-on,40.0,55.0,5.0,0.0,0.0,0.0,False,No cal rebalancejar
weekly_thursday,2025-10-02,100.0,positiu,positiu,positiu,positiu,positiu,risc-on,,0,risc-on,False,risc-on,40.0,55.0,5.0,0.0,0.0,0.0,False,No cal rebalancejar
weekly_friday,2025-10-03,100.0,positiu,positiu,positiu,positiu,positiu,risc-on,,0,risc-on,False,risc-on,40.0,55.0,5.0,0.0,0.0,0.0,False,No cal rebalancejar
weekly_thursday,2025-10-09,100.0,positiu,positiu,positiu,positiu,positiu,risc-on,,0,risc-on,False,risc-on,40.0,55.0,5.0,0.0,0.0,0.0,False,No cal rebalancejar
weekly_friday,2025-10-10,100.0,positiu,positiu,positiu,positiu,positiu,risc-on,,0,risc-on,False,risc-on,40.0,55.0,5.0,0.0,0.0,0.0,False,No cal rebalancejar
weekly_thursday,2025-10-16,100.0,positiu,positiu,positiu,positiu,positiu,risc-on,,0,risc-on,False,risc-on,40.0,55.0,5.0,0.0,0.0,0.0,False,No cal rebalancejar
weekly_friday,2025-10-17,100.0,positiu,positiu,positiu,positiu,positiu,risc-on,,0,risc-on,False,risc-on,40.0,55.0,5.0,0.0,0.0,0.0,False,No cal rebalancejar
weekly_thursday,2025-10-23,100.0,positiu,positiu,positiu,positiu,positiu,risc-on,,0,risc-on,False,risc-on,40.0,55.0,5.0,0.0,0.0,0.0,False,No cal rebalancejar
weekly_friday,2025-10-24,100.0,positiu,positiu,positiu,positiu,positiu,risc-on,,0,risc-on,False,risc-on,40.0,55.0,5.0,0.0,0.0,0.0,False,No cal rebalancejar
weekly_thursday,2025-10-30,100.0,positiu,positiu,positiu,positiu,positiu,risc-on,,0,risc-on,False,risc-on,40.0,55.0,5.0,0.0,0.0,0.0,False,No cal rebalancejar
weekly_friday,2025-10-31,100.0,positiu,positiu,positiu,positiu,positiu,risc-on,,0,risc-on,False,risc-on,40.0,55.0,5.0,0.0,0.0,0.0,False,No cal rebalancejar
weekly_thursday,2025-11-06,100.0,positiu,positiu,positiu,positiu,positiu,risc-on,,0,risc-on,False,risc-on,40.0,55.0,5.0,0.0,0.0,0.0,False,No cal rebalancejar
weekly_friday,2025-11-07,100.0,positiu,positiu,positiu,positiu,positiu,risc-on,,0,risc-on,False,risc-on,40.0,55.0,5.0,0.0,0.0,0.0,False,No cal rebalancejar
weekly_thursday,2025-11-13,100.0,positiu,positiu,positiu,positiu,positiu,risc-on,,0,risc-on,False,risc-on,40.0,55.0,5.0,0.0,0.0,0.0,False,No cal rebalancejar
weekly_friday,2025-11-14,100.0,positiu,positiu,positiu,positiu,positiu,risc-on,,0,risc-on,False,risc-on,40.0,55.0,5.0,0.0,0.0,0.0,False,No cal rebalancejar
weekly_thursday,2025-11-20,100.0,positiu,positiu,positiu,positiu,positiu,risc-on,,0,risc-on,False,risc-on,40.0,55.0,5.0,0.0,0.0,0.0,False,No cal rebalancejar
weekly_friday,2025-11-21,100.0,positiu,positiu,positiu,positiu,positiu,risc-on,,0,risc-on,False,risc-on,40.0,55.0,5.0,0.0,0.0,0.0,False,No cal rebalancejar
weekly_thursday,2025-11-27,100.0,positiu,positiu,positiu,positiu,positiu,risc-on,,0,risc-on,False,risc-on,40.0,55.0,5.0,0.0,0.0,0.0,False,No cal rebalancejar
weekly_friday,2025-11-28,100.0,positiu,positiu,positiu,positiu,positiu,risc-on,,0,risc-on,False,risc-on,40.0,55.0,5.0,0.0,0.0,0.0,False,No cal rebalancejar
weekly_thursday,2025-12-04,100.0,positiu,positiu,positiu,positiu,positiu,risc-on,,0,risc-on,False,risc-on,40.0,55.0,5.0,0.0,0.0,0.0,False,No cal rebalancejar
weekly_friday,2025-12-05,100.0,positiu,positiu,positiu,positiu,positiu,risc-on,,0,risc-on,False,risc-on,40.0,55.0,5.0,0.0,0.0,0.0,False,No cal rebalancejar
weekly_thursday,2025-12-11,100.0,positiu,positiu,positiu,positiu,positiu,risc-on,,0,risc-on,False,risc-on,40.0,55.0,5.0,0.0,0.0,0.0,False,No cal rebalancejar
weekly_friday,2025-12-12,100.0,positiu,positiu,positiu,positiu,positiu,risc-on,,0,risc-on,False,risc-on,40.0,55.0,5.0,0.0,0.0,0.0,False,No cal rebalancejar
weekly_thursday,2025-12-18,100.0,positiu,positiu,positiu,positiu,positiu,risc-on,,0,risc-on,False,risc-on,40.0,55.0,5.0,0.0,0.0,0.0,False,No cal rebalancejar
weekly_friday,2025-12-19,100.0,positiu,positiu,positiu,positiu,positiu,risc-on,,0,risc-on,False,risc-on,40.0,55.0,5.0,0.0,0.0,0.0,False,No cal rebalancejar
weekly_thursday,2025-12-25,100.0,positiu,positiu,positiu,positiu,positiu,risc-on,,0,risc-on,False,risc-on,40.0,55.0,5.0,0.0,0.0,0.0,False,No cal rebalancejar
weekly_friday,2025-12-26,100.0,positiu,positiu,positiu,positiu,positiu,risc-on,,0,risc-on,False,risc-on,40.0,55.0,5.0,0.0,0.0,0.0,False,No cal rebalancejar
weekly_thursday,2026-01-01,100.0,positiu,positiu,positiu,positiu,positiu,risc-on,,0,risc-on,False,risc-on,40.0,55.0,5.0,0.0,0.0,0.0,False,No cal rebalancejar
weekly_friday,2026-01-02,100.0,positiu,positiu,positiu,positiu,positiu,risc-on,,0,risc-on,False,risc-on,40.0,55.0,5.0,0.0,0.0,0.0,False,No cal rebalancejar
weekly_thursday,2026-01-08,100.0,positiu,positiu,positiu,positiu,positiu,risc-on,,0,risc-on,False,risc-on,40.0,55.0,5.0,0.0,0.0,0.0,False,No cal rebalancejar
weekly_friday,2026-01-09,100.0,positiu,positiu,positiu,positiu,positiu,risc-on,,0,risc-on,False,risc-on,40.0,55.0,5.0,0.0,0.0,0.0,False,No cal rebalancejar
weekly_thursday,2026-01-15,100.0,positiu,positiu,positiu,positiu,positiu,risc-on,,0,risc-on,False,risc-on,40.0,55.0,5.0,0.0,0.0,0.0,False,No cal rebalancejar
weekly_friday,2026-01-16,100.0,positiu,positiu,positiu,positiu,positiu,risc-on,,0,risc-on,False,risc-on,40.0,55.0,5.0,0.0,0.0,0.0,False,No cal rebalancejar
weekly_thursday,2026-01-22,100.0,positiu,positiu,positiu,positiu,positiu,risc-on,,0,risc-on,False,risc-on,40.0,55.0,5.0,0.0,0.0,0.0,False,No cal rebalancejar
weekly_friday,2026-01-23,100.0,positiu,positiu,positiu,positiu,positiu,risc-on,,0,risc-on,False,risc-on,40.0,55.0,5.0,0.0,0.0,0.0,False,No cal rebalancejar
weekly_thursday,2026-01-29,100.0,positiu,positiu,positiu,positiu,positiu,risc-on,,0,risc-on,False,risc-on,40.0,55.0,5.0,0.0,0.0,0.0,False,No cal rebalancejar
weekly_friday,2026-01-30,100.0,positiu,positiu,positiu,positiu,positiu,risc-on,,0,risc-on,False,risc-on,40.0,55.0,5.0,0.0,0.0,0.0,False,No cal rebalancejar
weekly_thursday,2026-02-05,100.0,positiu,positiu,positiu,positiu,positiu,risc-on,,0,risc-on,False,risc-on,40.0,55.0,5.0,0.0,0.0,0.0,False,No cal rebalancejar
weekly_friday,2026-02-06,100.0,positiu,positiu,positiu,positiu,positiu,risc-on,,0,risc-on,False,risc-on,40.0,55.0,5.0,0.0,0.0,0.0,False,No cal rebalancejar
weekly_thursday,2026-02-12,100.0,positiu,positiu,positiu,positiu,positiu,risc-on,,0,risc-on,False,risc-on,40.0,55.0,5.0,0.0,0.0,0.0,False,No cal rebalancejar
weekly_friday,2026-02-13,100.0,positiu,positiu,positiu,positiu,positiu,risc-on,,0,risc-on,False,risc-on,40.0,55.0,5.0,0.0,0.0,0.0,False,No cal rebalancejar
weekly_thursday,2026-02-19,100.0,positiu,positiu,positiu,positiu,positiu,risc-on,,0,risc-on,False,risc-on,40.0,55.0,5.0,0.0,0.0,0.0,False,No cal rebalancejar
weekly_friday,2026-02-20,100.0,positiu,positiu,positiu,positiu,positiu,risc-on,,0,risc-on,False,risc-on,40.0,55.0,5.0,0.0,0.0,0.0,False,No cal rebalancejar
weekly_thursday,2026-02-26,100.0,positiu,positiu,positiu,positiu,positiu,risc-on,,0,risc-on,False,risc-on,40.0,55.0,5.0,0.0,0.0,0.0,False,No cal rebalancejar
weekly_friday,2026-02-27,100.0,positiu,positiu,positiu,positiu,positiu,risc-on,,0,risc-on,False,risc-on,40.0,55.0,5.0,0.0,0.0,0.0,False,No cal rebalancejar
weekly_thursday,2026-03-05,100.0,positiu,positiu,positiu,positiu,positiu,risc-on,,0,risc-on,False,risc-on,40.0,55.0,5.0,0.0,0.0,0.0,False,No cal rebalancejar
weekly_friday,2026-03-06,88.89,positiu,neutral,positiu,positiu,positiu,risc-on,,0,risc-on,False,risc-on,40.0,55.0,5.0,0.0,0.0,0.0,False,No cal rebalancejar
weekly_thursday,2026-03-12,71.11,neutral,neutral,positiu,positiu,positiu,risc-on,,0,risc-on,False,risc-on,40.0,55.0,5.0,0.0,0.0,0.0,False,No cal rebalancejar
weekly_friday,2026-03-13,71.11,neutral,neutral,positiu,positiu,positiu,risc-on,,0,risc-on,False,risc-on,40.0,55.0,5.0,0.0,0.0,0.0,False,No cal rebalancejar
weekly_thursday,2026-03-19,71.11,neutral,neutral,positiu,positiu,positiu,risc-on,,0,risc-on,False,risc-on,40.0,55.0,5.0,0.0,0.0,0.0,False,No cal rebalancejar
weekly_friday,2026-03-20,71.11,neutral,neutral,positiu,positiu,positiu,risc-on,,0,risc-on,False,risc-on,40.0,55.0,5.0,0.0,0.0,0.0,False,No cal rebalancejar
weekly_thursday,2026-03-26,60.0,neutral,negatiu,positiu,positiu,positiu,normal,normal,1,risc-on,False,risc-on,40.0,55.0,5.0,0.0,0.0,0.0,False,No cal rebalancejar
weekly_friday,2026-03-27,60.0,neutral,negatiu,positiu,positiu,positiu,normal,normal,1,risc-on,False,risc-on,40.0,55.0,5.0,0.0,0.0,0.0,False,No cal rebalancejar
weekly_thursday,2026-04-02,71.11,neutral,neutral,positiu,positiu,positiu,risc-on,,0,risc-on,False,risc-on,40.0,55.0,5.0,0.0,0.0,0.0,False,No cal rebalancejar
weekly_friday,2026-04-03,71.11,neutral,neutral,positiu,positiu,positiu,risc-on,,0,risc-on,False,risc-on,40.0,55.0,5.0,0.0,0.0,0.0,False,No cal rebalancejar
weekly_thursday,2026-04-09,88.89,positiu,neutral,positiu,positiu,positiu,risc-on,,0,risc-on,False,risc-on,40.0,55.0,5.0,0.0,0.0,0.0,False,No cal rebalancejar
weekly_friday,2026-04-10,88.89,positiu,neutral,positiu,positiu,positiu,risc-on,,0,risc-on,False,risc-on,40.0,55.0,5.0,0.0,0.0,0.0,False,No cal rebalancejar
weekly_thursday,2026-04-16,100.0,positiu,positiu,positiu,positiu,positiu,risc-on,,0,risc-on,False,risc-on,40.0,55.0,5.0,0.0,0.0,0.0,False,No cal rebalancejar
weekly_friday,2026-04-17,100.0,positiu,positiu,positiu,positiu,positiu,risc-on,,0,risc-on,False,risc-on,40.0,55.0,5.0,0.0,0.0,0.0,False,No cal rebalancejar
weekly_thursday,2026-04-23,100.0,positiu,positiu,positiu,positiu,positiu,risc-on,,0,risc-on,False,risc-on,40.0,55.0,5.0,0.0,0.0,0.0,False,No cal rebalancejar
weekly_friday,2026-04-24,100.0,positiu,positiu,positiu,positiu,positiu,risc-on,,0,risc-on,False,risc-on,40.0,55.0,5.0,0.0,0.0,0.0,False,No cal rebalancejar
weekly_thursday,2026-04-30,100.0,positiu,positiu,positiu,positiu,positiu,risc-on,,0,risc-on,False,risc-on,40.0,55.0,5.0,0.0,0.0,0.0,False,No cal rebalancejar
weekly_friday,2026-05-01,100.0,positiu,positiu,positiu,positiu,positiu,risc-on,,0,risc-on,False,risc-on,40.0,55.0,5.0,0.0,0.0,0.0,False,No cal rebalancejar
weekly_thursday,2026-05-07,100.0,positiu,positiu,positiu,positiu,positiu,risc-on,,0,risc-on,False,risc-on,40.0,55.0,5.0,0.0,0.0,0.0,False,No cal rebalancejar
weekly_friday,2026-05-08,100.0,positiu,positiu,positiu,positiu,positiu,risc-on,,0,risc-on,False,risc-on,40.0,55.0,5.0,0.0,0.0,0.0,False,No cal rebalancejar
weekly_thursday,2026-05-14,100.0,positiu,positiu,positiu,positiu,positiu,risc-on,,0,risc-on,False,risc-on,40.0,55.0,5.0,0.0,0.0,0.0,False,No cal rebalancejar
weekly_friday,2026-05-15,100.0,positiu,positiu,positiu,positiu,positiu,risc-on,,0,risc-on,False,risc-on,40.0,55.0,5.0,0.0,0.0,0.0,False,No cal rebalancejar
weekly_thursday,2026-05-21,100.0,positiu,positiu,positiu,positiu,positiu,risc-on,,0,risc-on,False,risc-on,40.0,55.0,5.0,0.0,0.0,0.0,False,No cal rebalancejar
weekly_friday,2026-05-22,100.0,positiu,positiu,positiu,positiu,positiu,risc-on,,0,risc-on,False,risc-on,40.0,55.0,5.0,0.0,0.0,0.0,False,No cal rebalancejar
weekly_thursday,2026-05-28,100.0,positiu,positiu,positiu,positiu,positiu,risc-on,,0,risc-on,False,risc-on,40.0,55.0,5.0,0.0,0.0,0.0,False,No cal rebalancejar
weekly_friday,2026-05-29,100.0,positiu,positiu,positiu,positiu,positiu,risc-on,,0,risc-on,False,risc-on,40.0,55.0,5.0,0.0,0.0,0.0,False,No cal rebalancejar
weekly_thursday,2026-06-04,100.0,positiu,positiu,positiu,positiu,positiu,risc-on,,0,risc-on,False,risc-on,40.0,55.0,5.0,0.0,0.0,0.0,False,No cal rebalancejar
weekly_friday,2026-06-05,100.0,positiu,positiu,positiu,positiu,positiu,risc-on,,0,risc-on,False,risc-on,40.0,55.0,5.0,0.0,0.0,0.0,False,No cal rebalancejar
weekly_thursday,2026-06-11,100.0,positiu,positiu,positiu,positiu,positiu,risc-on,,0,risc-on,False,risc-on,40.0,55.0,5.0,0.0,0.0,0.0,False,No cal rebalancejar
weekly_friday,2026-06-12,100.0,positiu,positiu,positiu,positiu,positiu,risc-on,,0,risc-on,False,risc-on,40.0,55.0,5.0,0.0,0.0,0.0,False,No cal rebalancejar
weekly_thursday,2026-06-18,100.0,positiu,positiu,positiu,positiu,positiu,risc-on,,0,risc-on,False,risc-on,40.0,55.0,5.0,0.0,0.0,0.0,False,No cal rebalancejar
